source_id	author	title	author_cohort	line_length	line_number	line_text	tones_strict	tones_binary	tone_possibilities
7b5879330c2d7c44dd868691493473ac	刘孝绰	咏素蝶诗	梁	5	0	随蜂绕绿蕙	平平?入去	PPZZZ	平/平/上去/入/去
7b5879330c2d7c44dd868691493473ac	刘孝绰	咏素蝶诗	梁	5	1	避雀隐青薇	去入上平平	ZZZPP	去/入/上去/平/平
7b5879330c2d7c44dd868691493473ac	刘孝绰	咏素蝶诗	梁	5	2	映日忽争起	去入入平上	ZZZPZ	上去/入/入/平/上
7b5879330c2d7c44dd868691493473ac	刘孝绰	咏素蝶诗	梁	5	3	因风乍共归	平平去?平	P?Z?P	平/平去/去/平去/平
7b5879330c2d7c44dd868691493473ac	刘孝绰	咏素蝶诗	梁	5	4	出没花中见	入入平平去	ZZP?Z	去入/入/平/平去/去
7b5879330c2d7c44dd868691493473ac	刘孝绰	咏素蝶诗	梁	5	5	参差叶际飞	??入去平	??ZZP	平去/平去/入/去/平
7b5879330c2d7c44dd868691493473ac	刘孝绰	咏素蝶诗	梁	5	6	芳华幸勿谢	平?上入去	P?ZZZ	平/平去/上/入/去
7b5879330c2d7c44dd868691493473ac	刘孝绰	咏素蝶诗	梁	5	7	嘉树欲相依	平?入平平	PZZ?P	平/上去/入/平去/平
7b5879330c2d7c4492d659bcbcd75697	刘孝绰	遥见美人采荷诗	梁	5	0	菱茎时绕钏	平平平?去	PPPZZ	平/平/平/上去/去
7b5879330c2d7c4492d659bcbcd75697	刘孝绰	遥见美人采荷诗	梁	5	1	棹水或沾妆	去上入平平	ZZZ?P	去/上/入/平去/平
7b5879330c2d7c4492d659bcbcd75697	刘孝绰	遥见美人采荷诗	梁	5	2	不辞红袖湿	入平平去入	?PPZZ	平上入/平/平/去/入
7b5879330c2d7c4492d659bcbcd75697	刘孝绰	遥见美人采荷诗	梁	5	3	唯怜绿叶香	?平入入平	?PZZP	平上/平/入/入/平
7b5879330c2d7c44cecd75436acae103	刘孝绰	古意送沈宏诗	梁	5	0	燕赵多佳丽	?上平平?	?ZPP?	平去/上/平/平/平去
7b5879330c2d7c44cecd75436acae103	刘孝绰	古意送沈宏诗	梁	5	1	白日照红妆	入入去平平	ZZZPP	入/入/去/平/平
7b5879330c2d7c44cecd75436acae103	刘孝绰	古意送沈宏诗	梁	5	2	荡子十年别	?上入平入	?ZZPZ	平上去/上/入/平/去入
7b5879330c2d7c44cecd75436acae103	刘孝绰	古意送沈宏诗	梁	5	3	罗衣双带长	平平平去?	P?PZ?	平/平去/平/去/平上去
7b5879330c2d7c44cecd75436acae103	刘孝绰	古意送沈宏诗	梁	5	4	春楼怨难守	平平?平?	PP??Z	平/平/平去/平去/上去
7b5879330c2d7c44cecd75436acae103	刘孝绰	古意送沈宏诗	梁	5	5	玉阶空自伤	入平?去平	ZP?Z?	入/平/平去/去/平去
7b5879330c2d7c44cecd75436acae103	刘孝绰	古意送沈宏诗	梁	5	6	复此归飞燕	入上平平?	ZZPP?	去入/上/平/平/平去
7b5879330c2d7c44cecd75436acae103	刘孝绰	古意送沈宏诗	梁	5	7	衔泥绕曲房	平平?入平	P?ZZP	平/平去/上去/入/平
7b5879330c2d7c44cecd75436acae103	刘孝绰	古意送沈宏诗	梁	5	8	差池入绮幕	?平入上入	?PZZZ	平去/平/入/上/入
7b5879330c2d7c44cecd75436acae103	刘孝绰	古意送沈宏诗	梁	5	9	上下傍雕梁	???平平	ZZ?PP	上去/上去/平去/平/平
7b5879330c2d7c44cecd75436acae103	刘孝绰	古意送沈宏诗	梁	5	10	故居犹可念	去平平上去	ZP?ZZ	去/平/平去/上/去
7b5879330c2d7c44cecd75436acae103	刘孝绰	古意送沈宏诗	梁	5	11	故人安可忘	去平平上去	ZPPZZ	去/平/平/上/去
7b5879330c2d7c44cecd75436acae103	刘孝绰	古意送沈宏诗	梁	5	12	相思昏望绝	平平平?入	??P?Z	平去/平去/平/平去/入
7b5879330c2d7c44cecd75436acae103	刘孝绰	古意送沈宏诗	梁	5	13	宿昔梦容光	?入?平平	ZZ?P?	去入/入/平去/平/平去
7b5879330c2d7c44cecd75436acae103	刘孝绰	古意送沈宏诗	梁	5	14	魂交忽在御	?平入??	?PZZZ	/平/入/上去/上去
7b5879330c2d7c44cecd75436acae103	刘孝绰	古意送沈宏诗	梁	5	15	转侧定他乡	?入去平平	ZZZPP	上去/入/去/平/平
7b5879330c2d7c44cecd75436acae103	刘孝绰	古意送沈宏诗	梁	5	16	徒然顾枕席	平平去上入	PPZ?Z	平/平/去/平上去/入
7b5879330c2d7c44cecd75436acae103	刘孝绰	古意送沈宏诗	梁	5	17	谁与同衣裳	平??平平	P???P	平/平上去/平去/平去/平
7b5879330c2d7c44cecd75436acae103	刘孝绰	古意送沈宏诗	梁	5	18	空使兰膏夜	?上平平去	?ZP?Z	平去/上去/平/平去/去
7b5879330c2d7c44cecd75436acae103	刘孝绰	古意送沈宏诗	梁	5	19	炯炯对繁霜	上上去平平	ZZZPP	上/上/去/平/平
7b5879330c2d7c44aa63b6b357663872	刘孝绰	咏百舌诗	梁	5	0	山人惜春暮	平平入平去	PPZPZ	平/平/入/平/去
7b5879330c2d7c44aa63b6b357663872	刘孝绰	咏百舌诗	梁	5	1	旭旦坐花林	入去上平平	ZZZPP	入/去/上去/平/平
7b5879330c2d7c44aa63b6b357663872	刘孝绰	咏百舌诗	梁	5	2	复值怀春鸟	入去平平上	ZZPPZ	去入/去/平/平/上
7b5879330c2d7c44aa63b6b357663872	刘孝绰	咏百舌诗	梁	5	3	枝间弄好音	平平去上平	P?ZZP	平//去/上去/平
7b5879330c2d7c44aa63b6b357663872	刘孝绰	咏百舌诗	梁	5	4	迁乔声迥出	平平平上入	PPPZZ	平/平/平/上/去入
7b5879330c2d7c44aa63b6b357663872	刘孝绰	咏百舌诗	梁	5	5	赴谷响幽深	去入上平平	ZZZP?	去/入/上/平/平去
7b5879330c2d7c44aa63b6b357663872	刘孝绰	咏百舌诗	梁	5	6	下听长而短	?平?平上	Z??PZ	上去/平上去/平上去/平/上
7b5879330c2d7c44aa63b6b357663872	刘孝绰	咏百舌诗	梁	5	7	时闻绝复寻	平平入入平	P?ZZP	平/平去/入/去入/平
7b5879330c2d7c44aa63b6b357663872	刘孝绰	咏百舌诗	梁	5	8	孤鸣若无对	平平?平去	PP?PZ	平/平/平上入/平/去
7b5879330c2d7c44aa63b6b357663872	刘孝绰	咏百舌诗	梁	5	9	百啭似群吟	入去上平?	ZZZP?	入/去/上/平/平去
7b5879330c2d7c44aa63b6b357663872	刘孝绰	咏百舌诗	梁	5	10	昔闻屡欢昔	入平去平入	Z?ZPZ	入/平去/去/平/入
7b5879330c2d7c44aa63b6b357663872	刘孝绰	咏百舌诗	梁	5	11	今听忽悲今	平平入平平	P?ZPP	平/平上去/入/平/平
7b5879330c2d7c44aa63b6b357663872	刘孝绰	咏百舌诗	梁	5	12	听闻非殊异	?平平平去	??PP?	平上去/平去/平/平/平去
7b5879330c2d7c44aa63b6b357663872	刘孝绰	咏百舌诗	梁	5	13	迟暮独伤心	平去入平平	PZZ?P	平/去/入/平去/平
7b5879330c2d7c443dfbda788a469b3b	刘孝绰	酬陆长史倕诗	梁	5	0	王粲始一别	平去上入入	?ZZZZ	平去/去/上/入/去入
7b5879330c2d7c443dfbda788a469b3b	刘孝绰	酬陆长史倕诗	梁	5	1	犹且叹风云	平上去平平	????P	平去/平上/平去/平去/平
7b5879330c2d7c443dfbda788a469b3b	刘孝绰	酬陆长史倕诗	梁	5	2	况余屡之远	去平去平?	ZPZPZ	去/平/去/平/上去
7b5879330c2d7c443dfbda788a469b3b	刘孝绰	酬陆长史倕诗	梁	5	3	与子亟离群	?上?平平	?ZZ?P	平上去/上/去入/平去/平
7b5879330c2d7c443dfbda788a469b3b	刘孝绰	酬陆长史倕诗	梁	5	4	如何持此念	平平平上去	??PZZ	平去/平上/平/上/去
7b5879330c2d7c443dfbda788a469b3b	刘孝绰	酬陆长史倕诗	梁	5	5	复为今日分	入?平入?	Z?PZ?	去入/平去/平/入/平去
7b5879330c2d7c443dfbda788a469b3b	刘孝绰	酬陆长史倕诗	梁	5	6	分悲宛如昨	?平?平入	?P??Z	平去/平/平上/平去/入
7b5879330c2d7c443dfbda788a469b3b	刘孝绰	酬陆长史倕诗	梁	5	7	弦望殊挥霍	平?平平入	??PPZ	平去/平去/平/平/入
7b5879330c2d7c443dfbda788a469b3b	刘孝绰	酬陆长史倕诗	梁	5	8	行舟虽不见	?平平入去	?PP?Z	平去/平/平/平上入/去
7b5879330c2d7c443dfbda788a469b3b	刘孝绰	酬陆长史倕诗	梁	5	9	行程犹可度	?平平上?	?P?ZZ	平去/平/平去/上/去入
7b5879330c2d7c443dfbda788a469b3b	刘孝绰	酬陆长史倕诗	梁	5	10	度君路应远	?平去平?	ZPZ?Z	去入/平/去/平去/上去
7b5879330c2d7c443dfbda788a469b3b	刘孝绰	酬陆长史倕诗	梁	5	11	期寄新诗返	平去平平上	PZPPZ	平/去/平/平/上
7b5879330c2d7c443dfbda788a469b3b	刘孝绰	酬陆长史倕诗	梁	5	12	相望且相思	平??平平	?????	平去/平去/平上/平去/平去
7b5879330c2d7c443dfbda788a469b3b	刘孝绰	酬陆长史倕诗	梁	5	13	劳朝复劳晚	?平入平上	?PZ?Z	平去/平/去入/平去/上
7b5879330c2d7c443dfbda788a469b3b	刘孝绰	酬陆长史倕诗	梁	5	14	薄暮阍人进	入去平平去	ZZPPZ	入/去/平/平/去
7b5879330c2d7c443dfbda788a469b3b	刘孝绰	酬陆长史倕诗	梁	5	15	果得承芳信	上入平平去	ZZPPZ	上/入/平/平/去
7b5879330c2d7c443dfbda788a469b3b	刘孝绰	酬陆长史倕诗	梁	5	16	殷勤览妙书	平平上去平	PPZZP	平/平/上/去/平
7b5879330c2d7c443dfbda788a469b3b	刘孝绰	酬陆长史倕诗	梁	5	17	留连披雅韵	?平?上去	?P?ZZ	平去/平/平上/上/去
7b5879330c2d7c443dfbda788a469b3b	刘孝绰	酬陆长史倕诗	梁	5	18	冽洲财赋总	入平平去上	ZPPZZ	入/平/平/去/上
7b5879330c2d7c443dfbda788a469b3b	刘孝绰	酬陆长史倕诗	梁	5	19	慈山行旅镇	平平?上?	PP?Z?	平/平/平去/上/平去
7b5879330c2d7c443dfbda788a469b3b	刘孝绰	酬陆长史倕诗	梁	5	20	已切临睨情	上??去平	ZZ?ZP	上去/去入/平去/去/平
7b5879330c2d7c443dfbda788a469b3b	刘孝绰	酬陆长史倕诗	梁	5	21	遽动思归引	去上?平?	ZZ?PZ	去/上/平去/平/上去
7b5879330c2d7c443dfbda788a469b3b	刘孝绰	酬陆长史倕诗	梁	5	22	归欤不可即	平?入上入	P??ZZ	平/平上去/平上入/上/入
7b5879330c2d7c443dfbda788a469b3b	刘孝绰	酬陆长史倕诗	梁	5	23	前途方未极	平平平去入	PPPZZ	平/平/平/去/入
7b5879330c2d7c443dfbda788a469b3b	刘孝绰	酬陆长史倕诗	梁	5	24	览讽欲谖诮	上去入?去	ZZZ?Z	上/去/入/平上/去
7b5879330c2d7c443dfbda788a469b3b	刘孝绰	酬陆长史倕诗	梁	5	25	研寻还慨息	?平平去入	?PPZZ	平去/平/平/去/入
7b5879330c2d7c443dfbda788a469b3b	刘孝绰	酬陆长史倕诗	梁	5	26	来喻勖雕金	平去?平平	PZ?PP	平/去//平/平
7b5879330c2d7c443dfbda788a469b3b	刘孝绰	酬陆长史倕诗	梁	5	27	比质非所任	??平上?	?ZPZ?	平上去入/去入/平/上/平去
7b5879330c2d7c443dfbda788a469b3b	刘孝绰	酬陆长史倕诗	梁	5	28	虚薄无时用	平入平平去	PZPPZ	平/入/平/平/去
7b5879330c2d7c443dfbda788a469b3b	刘孝绰	酬陆长史倕诗	梁	5	29	徘徊守故林	平平?去平	PPZZP	平/平/上去/去/平
7b5879330c2d7c443dfbda788a469b3b	刘孝绰	酬陆长史倕诗	梁	5	30	屏居青门外	?平平平去	?PPPZ	平上/平/平/平/去
7b5879330c2d7c443dfbda788a469b3b	刘孝绰	酬陆长史倕诗	梁	5	31	结宇霸城阴	入上去平平	ZZZPP	入/上/去/平/平
7b5879330c2d7c443dfbda788a469b3b	刘孝绰	酬陆长史倕诗	梁	5	32	竹庭已南映	入平上平去	ZPZPZ	入/平/上去/平/上去
7b5879330c2d7c443dfbda788a469b3b	刘孝绰	酬陆长史倕诗	梁	5	33	池牖复东临	平上入平?	PZZP?	平/上/去入/平/平去
7b5879330c2d7c443dfbda788a469b3b	刘孝绰	酬陆长史倕诗	梁	5	34	乔柯贯檐上	平平?平?	PP?PZ	平/平/平去/平/上去
7b5879330c2d7c443dfbda788a469b3b	刘孝绰	酬陆长史倕诗	梁	5	35	垂条拂户阴	平平入上平	PPZZP	平/平/入/上/平
7b5879330c2d7c443dfbda788a469b3b	刘孝绰	酬陆长史倕诗	梁	5	36	条开风暂入	平平平去入	PP?ZZ	平/平/平去/去/入
7b5879330c2d7c443dfbda788a469b3b	刘孝绰	酬陆长史倕诗	梁	5	37	叶合影还沈	入入上平?	ZZZP?	入/入/上/平/平上去
7b5879330c2d7c443dfbda788a469b3b	刘孝绰	酬陆长史倕诗	梁	5	38	帷屏溽早露	平?入上去	P?ZZZ	平/平上/入/上/去
7b5879330c2d7c443dfbda788a469b3b	刘孝绰	酬陆长史倕诗	梁	5	39	阶霤扰昏禽	平去上平平	PZZPP	平/去/上/平/平
7b5879330c2d7c443dfbda788a469b3b	刘孝绰	酬陆长史倕诗	梁	5	40	衡门谢车马	平平去平上	PPZPZ	平/平/去/平/上
7b5879330c2d7c443dfbda788a469b3b	刘孝绰	酬陆长史倕诗	梁	5	41	宾席简衣簪	平入上平平	PZZ?P	平/入/上/平去/平
7b5879330c2d7c443dfbda788a469b3b	刘孝绰	酬陆长史倕诗	梁	5	42	虽愧阳陵曲	平去平平入	PZPPZ	平/去/平/平/入
7b5879330c2d7c443dfbda788a469b3b	刘孝绰	酬陆长史倕诗	梁	5	43	宁无流水琴	?平平上平	?PPZP	平上去/平/平/上/平
7b5879330c2d7c443dfbda788a469b3b	刘孝绰	酬陆长史倕诗	梁	5	44	萧条聊属和	平平平入?	PPPZ?	平/平/平/入/平去
7b5879330c2d7c443dfbda788a469b3b	刘孝绰	酬陆长史倕诗	梁	5	45	寂寞少知音	入入?平平	ZZZPP	入/入/上去/平/平
7b5879330c2d7c443dfbda788a469b3b	刘孝绰	酬陆长史倕诗	梁	5	46	平生竟何托	平平去平入	P?Z?Z	平/平去/去/平上/入
7b5879330c2d7c443dfbda788a469b3b	刘孝绰	酬陆长史倕诗	梁	5	47	怀抱共君深	平上?平平	PZ?P?	平/上/平去/平/平去
7b5879330c2d7c443dfbda788a469b3b	刘孝绰	酬陆长史倕诗	梁	5	48	一朝四美废	入平去上去	ZPZZZ	入/平/去/上/去
7b5879330c2d7c443dfbda788a469b3b	刘孝绰	酬陆长史倕诗	梁	5	49	方见百忧侵	平去入平平	PZZ?P	平/去/入/平去/平
7b5879330c2d7c443dfbda788a469b3b	刘孝绰	酬陆长史倕诗	梁	5	50	曰余滥官守	入平?平?	ZPZPZ	入/平/上去/平/上去
7b5879330c2d7c443dfbda788a469b3b	刘孝绰	酬陆长史倕诗	梁	5	51	因之溯庐久	平平?平上	PP?PZ	平/平//平/上
7b5879330c2d7c443dfbda788a469b3b	刘孝绰	酬陆长史倕诗	梁	5	52	水接浅原阴	上入?平平	ZZ?PP	上/入/平上/平/平
7b5879330c2d7c443dfbda788a469b3b	刘孝绰	酬陆长史倕诗	梁	5	53	山带荆门右	平去平平?	PZPPZ	平/去/平/平/上去
7b5879330c2d7c443dfbda788a469b3b	刘孝绰	酬陆长史倕诗	梁	5	54	从容少职事	?平?入去	?PZZZ	平去/平/上去/入/去
7b5879330c2d7c443dfbda788a469b3b	刘孝绰	酬陆长史倕诗	梁	5	55	疲病疏僚友	平去?平上	PZ??Z	平/去/平去/平上/上
7b5879330c2d7c443dfbda788a469b3b	刘孝绰	酬陆长史倕诗	梁	5	56	命驾独寻幽	去去入平平	ZZZPP	去/去/入/平/平
7b5879330c2d7c443dfbda788a469b3b	刘孝绰	酬陆长史倕诗	梁	5	57	淹留宿庐阜	?平?平上	??ZPZ	平去/平去/去入/平/上
7b5879330c2d7c443dfbda788a469b3b	刘孝绰	酬陆长史倕诗	梁	5	58	庐阜擅高名	平上去平平	PZZPP	平/上/去/平/平
7b5879330c2d7c443dfbda788a469b3b	刘孝绰	酬陆长史倕诗	梁	5	59	岧岧凌太清	平平平去平	PPPZP	平/平/平/去/平
7b5879330c2d7c443dfbda788a469b3b	刘孝绰	酬陆长史倕诗	梁	5	60	舒云类紫府	平平去上上	PPZZZ	平/平/去/上/上
7b5879330c2d7c443dfbda788a469b3b	刘孝绰	酬陆长史倕诗	梁	5	61	标霞同赤城	?平?入平	?P?ZP	平上/平/平去/入/平
7b5879330c2d7c443dfbda788a469b3b	刘孝绰	酬陆长史倕诗	梁	5	62	北上轮难进	入?平平去	ZZP?Z	入/上去/平/平去/去
7b5879330c2d7c443dfbda788a469b3b	刘孝绰	酬陆长史倕诗	梁	5	63	东封马易惊	平平上入平	P?ZZP	平/平去/上/去入/平
7b5879330c2d7c443dfbda788a469b3b	刘孝绰	酬陆长史倕诗	梁	5	64	未若兹山险	去?平平上	Z?PPZ	去/平上入/平/平/上
7b5879330c2d7c443dfbda788a469b3b	刘孝绰	酬陆长史倕诗	梁	5	65	车骑息逢迎	平去入平?	P?ZP?	平/平去/入/平/平去
7b5879330c2d7c443dfbda788a469b3b	刘孝绰	酬陆长史倕诗	梁	5	66	山横路似绝	平平去上入	P?ZZZ	平/平去/去/上/入
7b5879330c2d7c443dfbda788a469b3b	刘孝绰	酬陆长史倕诗	梁	5	67	径侧树如倾	去入?平平	ZZZ?P	去/入/上去/平去/平
7b5879330c2d7c443dfbda788a469b3b	刘孝绰	酬陆长史倕诗	梁	5	68	蒙笼乍一启	?平去入上	??ZZZ	平上/平上/去/入/上
7b5879330c2d7c443dfbda788a469b3b	刘孝绰	酬陆长史倕诗	梁	5	69	磥硊无暂平	上上平去平	ZZPZP	上/上/平/去/平
7b5879330c2d7c443dfbda788a469b3b	刘孝绰	酬陆长史倕诗	梁	5	70	倚岩忽回望	?平入平?	ZPZ??	上去/平/入/平去/平去
7b5879330c2d7c443dfbda788a469b3b	刘孝绰	酬陆长史倕诗	梁	5	71	援萝遂上征	?平去??	?PZZ?	平去/平/去/上去/平上
7b5879330c2d7c443dfbda788a469b3b	刘孝绰	酬陆长史倕诗	梁	5	72	乍观秦帝石	去平平去入	Z?PZZ	去/平去/平/去/入
7b5879330c2d7c443dfbda788a469b3b	刘孝绰	酬陆长史倕诗	梁	5	73	复憩周王城	入去平平平	ZZP?P	去入/去/平/平去/平
7b5879330c2d7c443dfbda788a469b3b	刘孝绰	酬陆长史倕诗	梁	5	74	交峰隐玉霤	平平上入去	PPZZZ	平/平/上去/入/去
7b5879330c2d7c443dfbda788a469b3b	刘孝绰	酬陆长史倕诗	梁	5	75	对涧距金楹	去去上平平	ZZZPP	去/去/上/平/平
7b5879330c2d7c443dfbda788a469b3b	刘孝绰	酬陆长史倕诗	梁	5	76	风传凤台琯	平平去平?	??ZPZ	平去/平去/去/平/上去
7b5879330c2d7c443dfbda788a469b3b	刘孝绰	酬陆长史倕诗	梁	5	77	云渡洛宾笙	平去入平平	PZZPP	平/去/入/平/平
7b5879330c2d7c443dfbda788a469b3b	刘孝绰	酬陆长史倕诗	梁	5	78	紫书时不至	上平平入去	ZPP?Z	上/平/平/平上入/去
7b5879330c2d7c443dfbda788a469b3b	刘孝绰	酬陆长史倕诗	梁	5	79	丹炉且未成	平平?去平	PP?ZP	平/平/平上/去/平
7b5879330c2d7c443dfbda788a469b3b	刘孝绰	酬陆长史倕诗	梁	5	80	无因追羽翮	平平平上入	PPPZZ	平/平/平/上去/入
7b5879330c2d7c443dfbda788a469b3b	刘孝绰	酬陆长史倕诗	梁	5	81	及尔宴蓬瀛	入上?平平	ZZZPP	入/上/上去/平/平
7b5879330c2d7c443dfbda788a469b3b	刘孝绰	酬陆长史倕诗	梁	5	82	蓬瀛不可托	平平入上入	PP?ZZ	平/平/平上入/上/入
7b5879330c2d7c443dfbda788a469b3b	刘孝绰	酬陆长史倕诗	梁	5	83	怅然反城郭	去平?平入	ZP?PZ	去/平/平上/平/入
7b5879330c2d7c443dfbda788a469b3b	刘孝绰	酬陆长史倕诗	梁	5	84	时过马鸣院	平去上平?	P?ZP?	平/平去/上/平/平去
7b5879330c2d7c443dfbda788a469b3b	刘孝绰	酬陆长史倕诗	梁	5	85	偶憩鹿园阁	?去入平入	ZZZPZ	上去/去/入/平/入
7b5879330c2d7c443dfbda788a469b3b	刘孝绰	酬陆长史倕诗	梁	5	86	既异人世劳	去去平去?	Z?PZ?	去/平去/平/去/平去
7b5879330c2d7c443dfbda788a469b3b	刘孝绰	酬陆长史倕诗	梁	5	87	聊比化城乐	平?去平?	P?ZPZ	平/平上去入/去/平/去入
7b5879330c2d7c443dfbda788a469b3b	刘孝绰	酬陆长史倕诗	梁	5	88	影塔图花树	上入平平?	ZZPPZ	上/入/平/平/上去
7b5879330c2d7c443dfbda788a469b3b	刘孝绰	酬陆长史倕诗	梁	5	89	经台总香药	?平上平入	?PZPZ	平去/平/上/平/入
7b5879330c2d7c443dfbda788a469b3b	刘孝绰	酬陆长史倕诗	梁	5	90	月殿曜朱幡	入去去平平	ZZZPP	入/去/去/平/平
7b5879330c2d7c443dfbda788a469b3b	刘孝绰	酬陆长史倕诗	梁	5	91	风轮和宝铎	平平?上入	?P?ZZ	平去/平/平去/上/入
7b5879330c2d7c443dfbda788a469b3b	刘孝绰	酬陆长史倕诗	梁	5	92	园桓即重岭	平平入??	PPZ??	平/平/入/平上去/平上
7b5879330c2d7c443dfbda788a469b3b	刘孝绰	酬陆长史倕诗	梁	5	93	阶基仍巨壑	平平平上入	PPPZZ	平/平/平/上/入
7b5879330c2d7c443dfbda788a469b3b	刘孝绰	酬陆长史倕诗	梁	5	94	朝猿响甍栋	平平上平去	PPZPZ	平/平/上/平/去
7b5879330c2d7c443dfbda788a469b3b	刘孝绰	酬陆长史倕诗	梁	5	95	夜水声帷薄	去上平平入	ZZPPZ	去/上/平/平/入
7b5879330c2d7c443dfbda788a469b3b	刘孝绰	酬陆长史倕诗	梁	5	96	馀景骛登临	平上去平?	PZZP?	平/上/去/平/平去
7b5879330c2d7c443dfbda788a469b3b	刘孝绰	酬陆长史倕诗	梁	5	97	方宵尽谈谑	平平上平入	PPZPZ	平/平/上/平/入
7b5879330c2d7c443dfbda788a469b3b	刘孝绰	酬陆长史倕诗	梁	5	98	谈谑有名僧	平入上平平	PZZPP	平/入/上/平/平
7b5879330c2d7c443dfbda788a469b3b	刘孝绰	酬陆长史倕诗	梁	5	99	慧义似传灯	去去上平平	ZZZ?P	去/去/上/平去/平
7b5879330c2d7c443dfbda788a469b3b	刘孝绰	酬陆长史倕诗	梁	5	100	远师教逾阐	?平?平上	ZP?PZ	上去/平/平去/平/上
7b5879330c2d7c443dfbda788a469b3b	刘孝绰	酬陆长史倕诗	梁	5	101	生公道复弘	平平上入平	?PZZP	平去/平/上/去入/平
7b5879330c2d7c443dfbda788a469b3b	刘孝绰	酬陆长史倕诗	梁	5	102	小乘非汲引	上平平入?	Z?PZZ	上/平去/平/入/上去
7b5879330c2d7c443dfbda788a469b3b	刘孝绰	酬陆长史倕诗	梁	5	103	法善招报能	入上平去?	ZZPZ?	入/上/平/去/平上去
7b5879330c2d7c443dfbda788a469b3b	刘孝绰	酬陆长史倕诗	梁	5	104	积迷顿已悟	入平去上去	ZPZZZ	去入/平/去/上去/去
7b5879330c2d7c443dfbda788a469b3b	刘孝绰	酬陆长史倕诗	梁	5	105	为欢得未曾	?平入去平	?PZZP	平去/平/入/去/平
7b5879330c2d7c443dfbda788a469b3b	刘孝绰	酬陆长史倕诗	梁	5	106	为欢诚已往	?平平上上	?PPZZ	平去/平/平/上去/上
7b5879330c2d7c443dfbda788a469b3b	刘孝绰	酬陆长史倕诗	梁	5	107	坐卧犹怀想	上去平平上	ZZ?PZ	上去/去/平去/平/上
7b5879330c2d7c443dfbda788a469b3b	刘孝绰	酬陆长史倕诗	梁	5	108	况复心所积	去入平上入	ZZPZZ	去/去入/平/上/去入
7b5879330c2d7c443dfbda788a469b3b	刘孝绰	酬陆长史倕诗	梁	5	109	兹地多谐赏	平去平平上	PZPPZ	平/去/平/平/上
7b5879330c2d7c443dfbda788a469b3b	刘孝绰	酬陆长史倕诗	梁	5	110	惜哉无轻轴	入平平平入	ZPP?Z	入/平/平/平去/入
7b5879330c2d7c443dfbda788a469b3b	刘孝绰	酬陆长史倕诗	梁	5	111	更泛轮湖上	??平平?	??PPZ	平去/平去入/平/平/上去
7b5879330c2d7c443dfbda788a469b3b	刘孝绰	酬陆长史倕诗	梁	5	112	可思不可见	上平入上去	Z??ZZ	上/平去/平上入/上/去
7b5879330c2d7c443dfbda788a469b3b	刘孝绰	酬陆长史倕诗	梁	5	113	离念空盈荡	?去?平?	?Z?P?	平去/去/平去/平/平上去
7b5879330c2d7c443dfbda788a469b3b	刘孝绰	酬陆长史倕诗	梁	5	114	贾生傅南国	?平去平入	Z?ZPZ	上去/平去/去/平/入
7b5879330c2d7c443dfbda788a469b3b	刘孝绰	酬陆长史倕诗	梁	5	115	平子相东阿	平上?平平	PZ?PP	平/上/平去/平/平
7b5879330c2d7c443dfbda788a469b3b	刘孝绰	酬陆长史倕诗	梁	5	116	优游匡赞罢	平平平去?	PPPZ?	平/平/平/去/平上
7b5879330c2d7c443dfbda788a469b3b	刘孝绰	酬陆长史倕诗	梁	5	117	纵横辞赋多	?平平去平	??PZP	平去/平去/平/去/平
7b5879330c2d7c443dfbda788a469b3b	刘孝绰	酬陆长史倕诗	梁	5	118	方才幸同贯	平平上平?	P?Z??	平/平去/上/平去/平去
7b5879330c2d7c443dfbda788a469b3b	刘孝绰	酬陆长史倕诗	梁	5	119	无令绝咏歌	平?入去平	P?ZZP	平/平去/入/去/平
7b5879330c2d7c443dfbda788a469b3b	刘孝绰	酬陆长史倕诗	梁	5	120	幽谷虽云阻	平入平平?	PZPPZ	平/入/平/平/上去
7b5879330c2d7c443dfbda788a469b3b	刘孝绰	酬陆长史倕诗	梁	5	121	烦君计吏过	平平去去?	PPZZ?	平/平/去/去/平去
7b5879330c2d7c445cf89a3207a0e975	刘孝绰	咏小儿采菱诗	梁	5	0	采菱非采菉	上平平上入	ZPPZZ	上/平/平/上/入
7b5879330c2d7c445cf89a3207a0e975	刘孝绰	咏小儿采菱诗	梁	5	1	日暮且盈舠	入去?平平	ZZ?PP	入/去/平上/平/平
7b5879330c2d7c445cf89a3207a0e975	刘孝绰	咏小儿采菱诗	梁	5	2	踟蹰未敢进	平平去上去	PPZZZ	平/平/去/上/去
7b5879330c2d7c445cf89a3207a0e975	刘孝绰	咏小儿采菱诗	梁	5	3	畏欲比残桃	去入?平平	ZZ?PP	去/入/平上去入/平/平
7b58793319527080c64eb17c43539803	何逊	慈姥矶	梁	5	0	暮烟起遥岸	去平上平去	Z?ZPZ	去/平去/上/平/去
7b58793319527080c64eb17c43539803	何逊	慈姥矶	梁	5	1	斜日照安流	平入去平平	PZZPP	平/入/去/平/平
7b58793319527080c64eb17c43539803	何逊	慈姥矶	梁	5	2	一同心赏夕	入平平上入	Z?PZZ	入/平去/平/上/入
7b58793319527080c64eb17c43539803	何逊	慈姥矶	梁	5	3	暂解去乡忧	去上?平平	ZZZP?	去/上去/上去/平/平去
7b58793319527080c64eb17c43539803	何逊	慈姥矶	梁	5	4	野岸平沙合	上去平平入	ZZP?Z	上/去/平/平去/入
7b58793319527080c64eb17c43539803	何逊	慈姥矶	梁	5	5	连山远雾浮	平平?去平	PPZZP	平/平/上去/去/平
7b58793319527080c64eb17c43539803	何逊	慈姥矶	梁	5	6	客悲不自已	入平入去上	ZP?ZZ	入/平/平上入/去/上去
7b58793319527080c64eb17c43539803	何逊	慈姥矶	梁	5	7	江上望归舟	平??平平	PZ?PP	平/上去/平去/平/平
7b58793319527080c7744045016afc78	何逊	扬州法曹梅花盛开	梁	5	0	兔园标物序	去平?入上	ZP?ZZ	去/平/平上/入/上
7b58793319527080c7744045016afc78	何逊	扬州法曹梅花盛开	梁	5	1	惊时最是梅	平平去上平	PPZZP	平/平/去/上/平
7b58793319527080c7744045016afc78	何逊	扬州法曹梅花盛开	梁	5	2	衔霜当路发	平平?去入	PP?ZZ	平/平/平去/去/入
7b58793319527080c7744045016afc78	何逊	扬州法曹梅花盛开	梁	5	3	映雪拟寒开	去入上平平	ZZZPP	上去/入/上/平/平
7b58793319527080c7744045016afc78	何逊	扬州法曹梅花盛开	梁	5	4	枝横却月观	平平入入?	P?ZZ?	平/平去/入/入/平去
7b58793319527080c7744045016afc78	何逊	扬州法曹梅花盛开	梁	5	5	花绕凌风台	平?平平平	PZP?P	平/上去/平/平去/平
7b58793319527080c7744045016afc78	何逊	扬州法曹梅花盛开	梁	5	6	朝洒长门泣	平?平平入	PZ?PZ	平/上去/平上去/平/入
7b58793319527080c7744045016afc78	何逊	扬州法曹梅花盛开	梁	5	7	夕驻临邛杯	入去?平平	ZZ?PP	入/去/平去/平/平
7b58793319527080c7744045016afc78	何逊	扬州法曹梅花盛开	梁	5	8	应知早飘落	?平上平入	?PZPZ	平去/平/上/平/入
7b58793319527080c7744045016afc78	何逊	扬州法曹梅花盛开	梁	5	9	故逐上春来	去入?平平	ZZZPP	去/入/上去/平/平
7b587933195270809209f17a6ff365ef	何逊	与胡兴安夜别	梁	5	0	居人行转轼	平平?上入	PP?ZZ	平/平/平去/上去/入
7b587933195270809209f17a6ff365ef	何逊	与胡兴安夜别	梁	5	1	客子暂维舟	入上去平平	ZZZPP	入/上/去/平/平
7b587933195270809209f17a6ff365ef	何逊	与胡兴安夜别	梁	5	2	念此一筵笑	去上入平去	ZZZPZ	去/上/入/平/去
7b587933195270809209f17a6ff365ef	何逊	与胡兴安夜别	梁	5	3	分为两地愁	??上去平	??ZZP	平去/平去/上去/去/平
7b587933195270809209f17a6ff365ef	何逊	与胡兴安夜别	梁	5	4	露湿寒塘草	去入平平上	ZZPPZ	去/入/平/平/上
7b587933195270809209f17a6ff365ef	何逊	与胡兴安夜别	梁	5	5	月映清淮流	入去平平平	ZZPPP	入/上去/平/平/平
7b587933195270809209f17a6ff365ef	何逊	与胡兴安夜别	梁	5	6	方抱新离恨	平上平平去	PZP?Z	平/上/平/平去/去
7b587933195270809209f17a6ff365ef	何逊	与胡兴安夜别	梁	5	7	独守故园秋	入上去平平	ZZZPP	入/上去/去/平/平
7b587933195270801c8faf66b7da6e9a	何逊	夜梦故人	梁	5	0	客心惊夜魂	入平平去?	ZPPZ?	入/平/平/去/
7b587933195270801c8faf66b7da6e9a	何逊	夜梦故人	梁	5	1	言与故人同	平?去平?	P?ZP?	平/平上去/去/平/平去
7b587933195270801c8faf66b7da6e9a	何逊	夜梦故人	梁	5	2	开帘觉水动	平平?上上	PPZZZ	平/平/去入/上/上
7b587933195270801c8faf66b7da6e9a	何逊	夜梦故人	梁	5	3	映竹见床空	去入去平?	ZZZP?	上去/入/去/平/平去
7b587933195270801c8faf66b7da6e9a	何逊	夜梦故人	梁	5	4	浦口望斜月	上上?平入	ZZ?PZ	上/上/平去/平/入
7b587933195270801c8faf66b7da6e9a	何逊	夜梦故人	梁	5	5	洲外闻长风	平去?平平	PZ???	平/去/平去/平上去/平去
7b587933195270801c8faf66b7da6e9a	何逊	夜梦故人	梁	5	6	九秋时未晚	上平平去上	ZPPZZ	上/平/平/去/上
7b587933195270801c8faf66b7da6e9a	何逊	夜梦故人	梁	5	7	千里路难穷	平上去平平	PZZ?P	平/上/去/平去/平
7b587933195270801c8faf66b7da6e9a	何逊	夜梦故人	梁	5	8	已如臃肿木	上平?上入	Z??ZZ	上去/平去//上/入
7b587933195270801c8faf66b7da6e9a	何逊	夜梦故人	梁	5	9	复似飘飖蓬	入上平平平	ZZPPP	去入/上/平/平/平
7b587933195270801c8faf66b7da6e9a	何逊	夜梦故人	梁	5	10	相思不可寄	平平入上去	???ZZ	平去/平去/平上入/上/去
7b587933195270801c8faf66b7da6e9a	何逊	夜梦故人	梁	5	11	直在寸心中	入?去平平	ZZZP?	入/上去/去/平/平去
7b58793319527080b782dced9c538fdc	何逊	临行与故游夜别	梁	5	0	历稔共追随	入上?平平	ZZ?PP	入/上/平去/平/平
7b58793319527080b782dced9c538fdc	何逊	临行与故游夜别	梁	5	1	一旦辞群匹	入去平平入	ZZPPZ	入/去/平/平/入
7b58793319527080b782dced9c538fdc	何逊	临行与故游夜别	梁	5	2	复如东注水	入平平去上	Z?PZZ	去入/平去/平/去/上
7b58793319527080b782dced9c538fdc	何逊	临行与故游夜别	梁	5	3	未有西归日	去上平平入	ZZPPZ	去/上/平/平/入
7b58793319527080b782dced9c538fdc	何逊	临行与故游夜别	梁	5	4	夜雨滴空阶	去上入平平	ZZZ?P	去/上去/入/平去/平
7b58793319527080b782dced9c538fdc	何逊	临行与故游夜别	梁	5	5	晓灯暗离室	上平去平入	ZPZ?Z	上/平/去/平去/入
7b58793319527080b782dced9c538fdc	何逊	临行与故游夜别	梁	5	6	相悲各罢酒	?平入?上	?PZ?Z	平去/平/入/平上/上
7b58793319527080b782dced9c538fdc	何逊	临行与故游夜别	梁	5	7	何时同促膝	平平?入入	?P?ZZ	平上/平/平去/入/入
7b5879331952708017f70dc607dc110d	何逊	相送	梁	5	0	客心已百念	入平上入去	ZPZZZ	入/平/上去/入/去
7b5879331952708017f70dc607dc110d	何逊	相送	梁	5	1	孤游重千里	平平?平上	PP?PZ	平/平/平上去/平/上
7b5879331952708017f70dc607dc110d	何逊	相送	梁	5	2	江暗雨欲来	平去?入平	PZZZP	平/去/上去/入/平
7b5879331952708017f70dc607dc110d	何逊	相送	梁	5	3	浪白风初起	?入平平上	?Z?PZ	平去/入/平去/平/上
7b587933195270802502f0eb4acdd06c	何逊	行经孙氏陵	梁	5	0	昔在零陵厌	入??平?	ZZ?PZ	入/上去/平去/平/上去入
7b587933195270802502f0eb4acdd06c	何逊	行经孙氏陵	梁	5	1	神器若无依	平去?平平	PZ?PP	平/去/平上入/平/平
7b587933195270802502f0eb4acdd06c	何逊	行经孙氏陵	梁	5	2	逐兔争先捷	入去平平入	ZZP?Z	入/去/平/平去/入
7b587933195270802502f0eb4acdd06c	何逊	行经孙氏陵	梁	5	3	掎鹿竞因机	?入去平?	?ZZP?	平上去/入/去/平/平上
7b587933195270802502f0eb4acdd06c	何逊	行经孙氏陵	梁	5	4	呼吸开伯道	平入平入上	PZPZZ	平/入/平/入/上
7b587933195270802502f0eb4acdd06c	何逊	行经孙氏陵	梁	5	5	叱咤掩江畿	入?上平平	Z?ZPP	入/平去/上/平/平
7b587933195270802502f0eb4acdd06c	何逊	行经孙氏陵	梁	5	6	豹变分奇略	去去?平入	ZZ?PZ	去/去/平去/平/入
7b587933195270802502f0eb4acdd06c	何逊	行经孙氏陵	梁	5	7	虎视肃戎威	上?入平平	ZZZPP	上/上去/入/平/平
7b587933195270802502f0eb4acdd06c	何逊	行经孙氏陵	梁	5	8	长蛇衄巴汉	?平入平去	?PZPZ	平上去/平/入/平/去
7b587933195270802502f0eb4acdd06c	何逊	行经孙氏陵	梁	5	9	骥马绝淮淝	去上入平平	ZZZPP	去/上/入/平/平
7b587933195270802502f0eb4acdd06c	何逊	行经孙氏陵	梁	5	10	交战无内御	平去平去?	PZPZZ	平/去/平/去/上去
7b587933195270802502f0eb4acdd06c	何逊	行经孙氏陵	梁	5	11	重门岂外扉	?平上去平	?PZZP	平上去/平/上/去/平
7b587933195270802502f0eb4acdd06c	何逊	行经孙氏陵	梁	5	12	成功举已弃	平平上上去	PPZZZ	平/平/上/上去/去
7b587933195270802502f0eb4acdd06c	何逊	行经孙氏陵	梁	5	13	凶德愎而违	?入入平平	?ZZPP	平上/入/入/平/平
7b587933195270802502f0eb4acdd06c	何逊	行经孙氏陵	梁	5	14	水龙忽东骛	上平入平去	ZPZPZ	上/平/入/平/去
7b587933195270802502f0eb4acdd06c	何逊	行经孙氏陵	梁	5	15	青盖乃西归	平?上平平	PZZPP	平/去入/上/平/平
7b587933195270802502f0eb4acdd06c	何逊	行经孙氏陵	梁	5	16	朅来已永久	入平上上上	ZPZZZ	入/平/上去/上/上
7b587933195270802502f0eb4acdd06c	何逊	行经孙氏陵	梁	5	17	年代嗳微微	平去?平平	PZ?PP	平/去//平/平
7b587933195270802502f0eb4acdd06c	何逊	行经孙氏陵	梁	5	18	苔石疑文字	平入平平去	PZPPZ	平/入/平/平/去
7b587933195270802502f0eb4acdd06c	何逊	行经孙氏陵	梁	5	19	荆坟失是非	平平入上平	P?ZZP	平/平上/入/上/平
7b587933195270802502f0eb4acdd06c	何逊	行经孙氏陵	梁	5	20	山莺空曙响	平平?去上	PP?ZZ	平/平/平去/去/上
7b587933195270802502f0eb4acdd06c	何逊	行经孙氏陵	梁	5	21	陇月自秋晖	上入去平平	ZZZPP	上/入/去/平/平
7b587933195270802502f0eb4acdd06c	何逊	行经孙氏陵	梁	5	22	银海终无浪	平上平平?	PZPP?	平/上/平/平/平去
7b587933195270802502f0eb4acdd06c	何逊	行经孙氏陵	梁	5	23	金凫会不飞	平平去入平	PPZ?P	平/平/去/平上入/平
7b587933195270802502f0eb4acdd06c	何逊	行经孙氏陵	梁	5	24	阒寂今如此	入入平平上	ZZP?Z	入/入/平/平去/上
7b587933195270802502f0eb4acdd06c	何逊	行经孙氏陵	梁	5	25	望望沾人衣	???平?	???P?	平去/平去/平去/平/平去
7b5879331952708065f37959aa1d2e1f	何逊	春夕早泊和刘谘议落日望水	梁	5	0	旅人嗟倦游	上平平去平	ZPPZP	上/平/平/去/平
7b5879331952708065f37959aa1d2e1f	何逊	春夕早泊和刘谘议落日望水	梁	5	1	结缆坐春洲	入去上平平	ZZZPP	入/去/上去/平/平
7b5879331952708065f37959aa1d2e1f	何逊	春夕早泊和刘谘议落日望水	梁	5	2	日暮江风静	入去平平上	ZZP?Z	入/去/平/平去/上
7b5879331952708065f37959aa1d2e1f	何逊	春夕早泊和刘谘议落日望水	梁	5	3	中川闻棹讴	?平?去平	?P?ZP	平去/平/平去/去/平
7b5879331952708065f37959aa1d2e1f	何逊	春夕早泊和刘谘议落日望水	梁	5	4	草光天际合	上平平去入	Z?PZZ	上/平去/平/去/入
7b5879331952708065f37959aa1d2e1f	何逊	春夕早泊和刘谘议落日望水	梁	5	5	霞影水中浮	平上上平平	PZZ?P	平/上/上/平去/平
7b5879331952708065f37959aa1d2e1f	何逊	春夕早泊和刘谘议落日望水	梁	5	6	单舻时向浦	?平平去上	?PPZZ	平上去/平/平/上去/上
7b5879331952708065f37959aa1d2e1f	何逊	春夕早泊和刘谘议落日望水	梁	5	7	独楫乍乘流	入入去平平	ZZZ?P	入/入/去/平去/平
7b5879331952708065f37959aa1d2e1f	何逊	春夕早泊和刘谘议落日望水	梁	5	8	娈童泣垂钓	?平入平去	ZPZPZ	上去/平/入/平/去
7b5879331952708065f37959aa1d2e1f	何逊	春夕早泊和刘谘议落日望水	梁	5	9	妖姬哭荡舟	平平入?平	PPZ?P	平/平/入/平上去/平
7b5879331952708065f37959aa1d2e1f	何逊	春夕早泊和刘谘议落日望水	梁	5	10	客心自有绪	入平去上上	ZPZZZ	入/平/去/上/上
7b5879331952708065f37959aa1d2e1f	何逊	春夕早泊和刘谘议落日望水	梁	5	11	对此空复愁	去上?入平	ZZ?ZP	去/上/平去/去入/平
7b587933195270804f57a8611308b714	何逊	入西塞示南府同僚	梁	5	0	露清晓风冷	去平上平?	ZPZ??	去/平/上/平去/平上
7b587933195270804f57a8611308b714	何逊	入西塞示南府同僚	梁	5	1	天曙江晃爽	平去平上上	PZPZZ	平/去/平/上/上
7b587933195270804f57a8611308b714	何逊	入西塞示南府同僚	梁	5	2	薄云岩际出	入平平去入	ZPPZZ	入/平/平/去/去入
7b587933195270804f57a8611308b714	何逊	入西塞示南府同僚	梁	5	3	初月波中上	平入平平?	PZP?Z	平/入/平/平去/上去
7b587933195270804f57a8611308b714	何逊	入西塞示南府同僚	梁	5	4	黯黯连嶂阴	上上平去平	??PZP	平上/平上/平/去/平
7b587933195270804f57a8611308b714	何逊	入西塞示南府同僚	梁	5	5	骚骚急沫响	平平入入上	PPZZZ	平/平/入/入/上
7b587933195270804f57a8611308b714	何逊	入西塞示南府同僚	梁	5	6	回楂急碍浪	平平入去?	?PZZ?	平去/平/入/去/平去
7b587933195270804f57a8611308b714	何逊	入西塞示南府同僚	梁	5	7	群飞争戏广	平平平去上	PPP?Z	平/平/平/平去/上
7b587933195270804f57a8611308b714	何逊	入西塞示南府同僚	梁	5	8	伊余本羁客	平平上平入	PPZPZ	平/平/上/平/入
7b587933195270804f57a8611308b714	何逊	入西塞示南府同僚	梁	5	9	重暌复心赏	?平入平上	??ZPZ	平上去//去入/平/上
7b587933195270804f57a8611308b714	何逊	入西塞示南府同僚	梁	5	10	望乡虽一路	?平平入去	?PPZZ	平去/平/平/入/去
7b587933195270804f57a8611308b714	何逊	入西塞示南府同僚	梁	5	11	怀归成二想	平平平去上	PPPZZ	平/平/平/去/上
7b587933195270804f57a8611308b714	何逊	入西塞示南府同僚	梁	5	12	在昔爱名山	?入去平平	ZZZPP	上去/入/去/平/平
7b587933195270804f57a8611308b714	何逊	入西塞示南府同僚	梁	5	13	自知欢独往	去平平入上	ZPPZZ	去/平/平/入/上
7b587933195270804f57a8611308b714	何逊	入西塞示南府同僚	梁	5	14	情游乃落魄	平平上入入	PPZZZ	平/平/上/入/入
7b587933195270804f57a8611308b714	何逊	入西塞示南府同僚	梁	5	15	得性随怡养	入去平平?	ZZPPZ	入/去/平/平/上去
7b587933195270804f57a8611308b714	何逊	入西塞示南府同僚	梁	5	16	年事以蹉跎	平去上平平	PZZPP	平/去/上/平/平
7b587933195270804f57a8611308b714	何逊	入西塞示南府同僚	梁	5	17	生平任浩荡	平平???	?P?Z?	平去/平/平去/上入/平上去
7b587933195270804f57a8611308b714	何逊	入西塞示南府同僚	梁	5	18	方还让夷路	平平去平去	PPZPZ	平/平/去/平/去
7b587933195270804f57a8611308b714	何逊	入西塞示南府同僚	梁	5	19	谁知羡鱼网	平平?平上	PP?PZ	平/平/平去/平/上
7b58793319527080356a8fff58b48ec4	何逊	赠王左丞	梁	5	0	櫩外莺啼罢	平去平平?	PZPP?	平/去/平/平/平上
7b58793319527080356a8fff58b48ec4	何逊	赠王左丞	梁	5	1	园里日光斜	平上入平平	PZZ?P	平/上/入/平去/平
7b58793319527080356a8fff58b48ec4	何逊	赠王左丞	梁	5	2	游鱼乱水叶	平平去上入	PPZZZ	平/平/去/上/入
7b58793319527080356a8fff58b48ec4	何逊	赠王左丞	梁	5	3	轻燕逐风花	?去入平平	??Z?P	平去/平去/入/平去/平
7b58793319527080356a8fff58b48ec4	何逊	赠王左丞	梁	5	4	长墟上寒霭	?平?平?	?PZPZ	平上去/平/上去/平/去入
7b58793319527080356a8fff58b48ec4	何逊	赠王左丞	梁	5	5	晓树没归霞	上?入平平	ZZZPP	上/上去/入/平/平
7b58793319527080356a8fff58b48ec4	何逊	赠王左丞	梁	5	6	九华暮已隐	上?去上上	Z?ZZZ	上/平去/去/上去/上去
7b58793319527080356a8fff58b48ec4	何逊	赠王左丞	梁	5	7	抱郁徒交加	上入平平平	ZZPPP	上/入/平/平/平
7b5879331952708091e810da077b3f3e	何逊	下方山	梁	5	0	寒鸟树间响	平上?平上	PZZ?Z	平/上/上去//上
7b5879331952708091e810da077b3f3e	何逊	下方山	梁	5	1	落星川际浮	入平平去平	ZPPZP	入/平/平/去/平
7b5879331952708091e810da077b3f3e	何逊	下方山	梁	5	2	繁霜白晓岸	平平入上去	PPZZZ	平/平/入/上/去
7b5879331952708091e810da077b3f3e	何逊	下方山	梁	5	3	苦雾黑晨流	上去入平平	ZZZPP	上去/去/入/平/平
7b5879331952708091e810da077b3f3e	何逊	下方山	梁	5	4	鳞鳞逆去水	平平入?上	PPZZZ	平/平/入/上去/上
7b5879331952708091e810da077b3f3e	何逊	下方山	梁	5	5	弥弥急还舟	平平入平平	??ZPP	平上/平上/入/平/平
7b5879331952708091e810da077b3f3e	何逊	下方山	梁	5	6	望乡行复立	?平?入入	?P?ZZ	平去/平/平去/去入/入
7b5879331952708091e810da077b3f3e	何逊	下方山	梁	5	7	瞻途近更修	平平??平	PPZ?P	平/平/上去/平去/平
7b5879331952708091e810da077b3f3e	何逊	下方山	梁	5	8	谁能百里地	平平入上去	P?ZZZ	平/平上去/入/上/去
7b5879331952708091e810da077b3f3e	何逊	下方山	梁	5	9	萦绕千端愁	平?平平平	PZPPP	平/上去/平/平/平
7b58793319527080e94fbec522945783	何逊	夕望江桥示萧谘议杨建康江主簿	梁	5	0	夕鸟已西度	入上上平?	ZZZPZ	入/上/上去/平/去入
7b58793319527080e94fbec522945783	何逊	夕望江桥示萧谘议杨建康江主簿	梁	5	1	残霞亦半消	平平入去平	PPZZP	平/平/入/去/平
7b58793319527080e94fbec522945783	何逊	夕望江桥示萧谘议杨建康江主簿	梁	5	2	风声动密竹	平平上入入	?PZZZ	平去/平/上/入/入
7b58793319527080e94fbec522945783	何逊	夕望江桥示萧谘议杨建康江主簿	梁	5	3	水影漾长桥	上上去平平	ZZZ?P	上/上/去/平上去/平
7b58793319527080e94fbec522945783	何逊	夕望江桥示萧谘议杨建康江主簿	梁	5	4	旅人多忧思	上平平平平	ZPP??	上/平/平/平去/平去
7b58793319527080e94fbec522945783	何逊	夕望江桥示萧谘议杨建康江主簿	梁	5	5	寒江复寂寥	平平入入?	PPZZ?	平/平/去入/入/平入
7b58793319527080e94fbec522945783	何逊	夕望江桥示萧谘议杨建康江主簿	梁	5	6	尔情深巩洛	上平平上入	ZP?ZZ	上/平/平去/上/入
7b58793319527080e94fbec522945783	何逊	夕望江桥示萧谘议杨建康江主簿	梁	5	7	予念返渔樵	?去上平平	?ZZPP	平上/去/上/平/平
7b58793319527080e94fbec522945783	何逊	夕望江桥示萧谘议杨建康江主簿	梁	5	8	何因适归愿	平平入平去	?PZPZ	平上/平/入/平/去
7b58793319527080e94fbec522945783	何逊	夕望江桥示萧谘议杨建康江主簿	梁	5	9	分路一扬镳	?去入平平	?ZZPP	平去/去/入/平/平
7b58793319527080b0e571d920fc87d0	何逊	赠诸游旧	梁	5	0	弱操不能植	入?入平?	Z???Z	入/平去/平上入/平上去/去入
7b58793319527080b0e571d920fc87d0	何逊	赠诸游旧	梁	5	1	薄伎竞无依	入?去平平	Z?ZPP	入/平上去/去/平/平
7b58793319527080b0e571d920fc87d0	何逊	赠诸游旧	梁	5	2	浅智终已矣	?去平上上	?ZPZZ	平上/去/平/上去/上
7b58793319527080b0e571d920fc87d0	何逊	赠诸游旧	梁	5	3	令名安可希	?平平上平	?PPZP	平去/平/平/上/平
7b58793319527080b0e571d920fc87d0	何逊	赠诸游旧	梁	5	4	扰扰从役倦	上上?入去	ZZ?ZZ	上/上/平去/入/去
7b58793319527080b0e571d920fc87d0	何逊	赠诸游旧	梁	5	5	屑屑身事微	入入平去平	ZZPZP	入/入/平/去/平
7b58793319527080b0e571d920fc87d0	何逊	赠诸游旧	梁	5	6	少壮轻年月	?去?平入	ZZ?PZ	上去/去/平去/平/入
7b58793319527080b0e571d920fc87d0	何逊	赠诸游旧	梁	5	7	迟暮惜光辉	平去入平平	PZZ?P	平/去/入/平去/平
7b58793319527080b0e571d920fc87d0	何逊	赠诸游旧	梁	5	8	一涂今未是	入平平去上	ZPPZZ	入/平/平/去/上
7b58793319527080b0e571d920fc87d0	何逊	赠诸游旧	梁	5	9	万绪昨如非	去上入平平	ZZZ?P	去入/上/入/平去/平
7b58793319527080b0e571d920fc87d0	何逊	赠诸游旧	梁	5	10	新知虽已乐	平平平上?	PPPZZ	平/平/平/上去/去入
7b58793319527080b0e571d920fc87d0	何逊	赠诸游旧	梁	5	11	旧爱尽暌违	去去上平平	ZZZ?P	去/去/上//平
7b58793319527080b0e571d920fc87d0	何逊	赠诸游旧	梁	5	12	望乡空引领	?平?上上	?P?ZZ	平去/平/平去/上去/上
7b58793319527080b0e571d920fc87d0	何逊	赠诸游旧	梁	5	13	极目泪沾衣	入入去平?	ZZZ??	入/入/去/平去/平去
7b58793319527080b0e571d920fc87d0	何逊	赠诸游旧	梁	5	14	旅客长憔悴	上入?平去	ZZ?PZ	上/入/平上去/平/去
7b58793319527080b0e571d920fc87d0	何逊	赠诸游旧	梁	5	15	春物自芳菲	平入去平?	PZZP?	平/入/去/平/平上去
7b58793319527080b0e571d920fc87d0	何逊	赠诸游旧	梁	5	16	岸花临水发	去平?上入	ZP?ZZ	去/平/平去/上/入
7b58793319527080b0e571d920fc87d0	何逊	赠诸游旧	梁	5	17	江燕绕樯飞	平去?平平	P?ZPP	平/平去/上去/平/平
7b58793319527080b0e571d920fc87d0	何逊	赠诸游旧	梁	5	18	无由下征帆	平平?平平	PPZ??	平/平/上去/平上/平去
7b58793319527080b0e571d920fc87d0	何逊	赠诸游旧	梁	5	19	独与暮潮归	入?去平平	Z?ZPP	入/平上去/去/平/平
7b58793319527080676f147326fbf2b3	何逊	日夕富阳浦口和朗公	梁	5	0	客心愁日暮	入平平入去	ZPPZZ	入/平/平/入/去
7b58793319527080676f147326fbf2b3	何逊	日夕富阳浦口和朗公	梁	5	1	徙倚空望归	上???平	ZZ??P	上/上去/平去/平去/平
7b58793319527080676f147326fbf2b3	何逊	日夕富阳浦口和朗公	梁	5	2	山烟涵树色	平平??入	P??ZZ	平/平去/平上/上去/入
7b58793319527080676f147326fbf2b3	何逊	日夕富阳浦口和朗公	梁	5	3	江水映霞晖	平上去平平	PZZPP	平/上/上去/平/平
7b58793319527080676f147326fbf2b3	何逊	日夕富阳浦口和朗公	梁	5	4	独鹤凌空逝	入入平平去	ZZP?Z	入/入/平/平去/去
7b58793319527080676f147326fbf2b3	何逊	日夕富阳浦口和朗公	梁	5	5	双凫出浪飞	平平入?平	PPZ?P	平/平/去入/平去/平
7b58793319527080676f147326fbf2b3	何逊	日夕富阳浦口和朗公	梁	5	6	故乡千馀里	去平平平上	ZPPPZ	去/平/平/平/上
7b58793319527080676f147326fbf2b3	何逊	日夕富阳浦口和朗公	梁	5	7	兹夕寒无衣	平入平平?	PZPP?	平/入/平/平/平去
7b58793319527080e7921f268a47daf0	何逊	边城思	梁	5	0	柳黄未吐叶	上平去?入	ZPZZZ	上/平/去/上去/入
7b58793319527080e7921f268a47daf0	何逊	边城思	梁	5	1	水绿半含苔	上入去平平	ZZZPP	上/入/去/平/平
7b58793319527080e7921f268a47daf0	何逊	边城思	梁	5	2	春色边城动	平入平平上	PZPPZ	平/入/平/平/上
7b58793319527080e7921f268a47daf0	何逊	边城思	梁	5	3	客思故乡来	入平去平平	Z?ZPP	入/平去/去/平/平
7b58793319527080de8e87083e196fbf	何逊	送韦司马别	梁	5	0	送别临曲渚	去入?入上	ZZ?ZZ	去/去入/平去/入/上
7b58793319527080de8e87083e196fbf	何逊	送韦司马别	梁	5	1	征人慕前侣	平平去平上	?PZPZ	平上/平/去/平/上
7b58793319527080de8e87083e196fbf	何逊	送韦司马别	梁	5	2	离言虽欲繁	?平平入平	?PPZP	平去/平/平/入/平
7b58793319527080de8e87083e196fbf	何逊	送韦司马别	梁	5	3	离思终无绪	?平平平上	??PPZ	平去/平去/平/平/上
7b58793319527080de8e87083e196fbf	何逊	送韦司马别	梁	5	4	悯悯分手毕	上上?上入	ZZ?ZZ	上/上/平去/上/入
7b58793319527080de8e87083e196fbf	何逊	送韦司马别	梁	5	5	萧萧行帆举	平平?平上	PP??Z	平/平/平去/平去/上
7b58793319527080de8e87083e196fbf	何逊	送韦司马别	梁	5	6	举帆越中流	上平入平平	Z?Z?P	上/平去/入/平去/平
7b58793319527080de8e87083e196fbf	何逊	送韦司马别	梁	5	7	望别上高楼	?入?平平	?ZZPP	平去/去入/上去/平/平
7b58793319527080de8e87083e196fbf	何逊	送韦司马别	梁	5	8	予起南枝怨	?上平平?	?ZPP?	平上/上/平/平/平去
7b58793319527080de8e87083e196fbf	何逊	送韦司马别	梁	5	9	子结北风愁	上入入平平	ZZZ?P	上/入/入/平去/平
7b58793319527080de8e87083e196fbf	何逊	送韦司马别	梁	5	10	逦逦山蔽日	上上平去入	ZZPZZ	上/上/平/去/入
7b58793319527080de8e87083e196fbf	何逊	送韦司马别	梁	5	11	汹汹浪隐舟	???上平	???ZP	平上/平上/平去/上去/平
7b58793319527080de8e87083e196fbf	何逊	送韦司马别	梁	5	12	隐舟邈已远	上平入上?	ZPZZZ	上去/平/入/上去/上去
7b58793319527080de8e87083e196fbf	何逊	送韦司马别	梁	5	13	徘徊落日晚	平平入入上	PPZZZ	平/平/入/入/上
7b58793319527080de8e87083e196fbf	何逊	送韦司马别	梁	5	14	归衢并驾奔	平平?去?	PP?Z?	平/平/平上去/去/平去
7b58793319527080de8e87083e196fbf	何逊	送韦司马别	梁	5	15	别馆空筵卷	入去?平?	ZZ?P?	去入/去/平去/平/平上去
7b58793319527080de8e87083e196fbf	何逊	送韦司马别	梁	5	16	想子敛眉去	上上?平?	ZZZPZ	上/上/上去/平/上去
7b58793319527080de8e87083e196fbf	何逊	送韦司马别	梁	5	17	知予衔泪返	平?平去上	P?PZZ	平/平上/平/去/上
7b58793319527080de8e87083e196fbf	何逊	送韦司马别	梁	5	18	衔泪心依依	平去平平平	PZPPP	平/去/平/平/平
7b58793319527080de8e87083e196fbf	何逊	送韦司马别	梁	5	19	薄暮行人稀	入去?平平	ZZ?PP	入/去/平去/平/平
7b58793319527080de8e87083e196fbf	何逊	送韦司马别	梁	5	20	暧暧入塘港	去去入平?	ZZZPZ	去/去/入/平/上去
7b58793319527080de8e87083e196fbf	何逊	送韦司马别	梁	5	21	蓬门已掩扉	平平上上平	PPZZP	平/平/上去/上/平
7b58793319527080de8e87083e196fbf	何逊	送韦司马别	梁	5	22	帘中看月影	平平?入上	P??ZZ	平/平去/平去/入/上
7b58793319527080de8e87083e196fbf	何逊	送韦司马别	梁	5	23	竹里见萤飞	入上去平平	ZZZPP	入/上/去/平/平
7b58793319527080de8e87083e196fbf	何逊	送韦司马别	梁	5	24	萤飞飞不息	平平平入入	PPP?Z	平/平/平/平上入/入
7b58793319527080de8e87083e196fbf	何逊	送韦司马别	梁	5	25	独愁空转侧	入平?上入	ZP?ZZ	入/平/平去/上去/入
7b58793319527080de8e87083e196fbf	何逊	送韦司马别	梁	5	26	北窗倒长簟	入??平上	Z?Z?Z	入//上去/平上去/上
7b58793319527080de8e87083e196fbf	何逊	送韦司马别	梁	5	27	南邻夜闻织	平平去平?	PPZ?Z	平/平/去/平去/去入
7b58793319527080de8e87083e196fbf	何逊	送韦司马别	梁	5	28	弃置勿复陈	去去入入?	ZZZZ?	去/去/入/去入/平去
7b58793319527080de8e87083e196fbf	何逊	送韦司马别	梁	5	29	重陈长叹息	???去入	????Z	平上去/平去/平上去/平去/入
7b58793319527080cb3a96f06a607dc9	何逊	酬范记室云	梁	5	0	林密户稍阴	平入上去平	PZZZP	平/入/上/去/平
7b58793319527080cb3a96f06a607dc9	何逊	酬范记室云	梁	5	1	草滋阶欲暗	上平平入去	ZPPZZ	上/平/平/入/去
7b58793319527080cb3a96f06a607dc9	何逊	酬范记室云	梁	5	2	风光蕊上轻	平平上??	??ZZ?	平去/平去/上/上去/平去
7b58793319527080cb3a96f06a607dc9	何逊	酬范记室云	梁	5	3	日色花中乱	入入平平去	ZZP?Z	入/入/平/平去/去
7b58793319527080cb3a96f06a607dc9	何逊	酬范记室云	梁	5	4	相思不独欢	平平入入平	???ZP	平去/平去/平上入/入/平
7b58793319527080cb3a96f06a607dc9	何逊	酬范记室云	梁	5	5	伫立空为叹	上入??去	ZZ???	上/入/平去/平去/平去
7b58793319527080cb3a96f06a607dc9	何逊	酬范记室云	梁	5	6	清谈莫共理	平平入?上	PPZ?Z	平/平/入/平去/上
7b58793319527080cb3a96f06a607dc9	何逊	酬范记室云	梁	5	7	繁文徒可玩	平平平上去	PPPZZ	平/平/平/上/去
7b58793319527080cb3a96f06a607dc9	何逊	酬范记室云	梁	5	8	高唱子自轻	平去上去?	PZZZ?	平/去/上/去/平去
7b58793319527080cb3a96f06a607dc9	何逊	酬范记室云	梁	5	9	继音予可惮	去平?上去	ZP?ZZ	去/平/平上/上/去
7b58793319527080bf52e841e963bc15	何逊	铜雀妓	梁	5	0	秋风木叶落	平平入入入	P?ZZZ	平/平去/入/入/入
7b58793319527080bf52e841e963bc15	何逊	铜雀妓	梁	5	1	萧瑟管弦清	平入上平平	PZZ?P	平/入/上/平去/平
7b58793319527080bf52e841e963bc15	何逊	铜雀妓	梁	5	2	望陵歌对酒	?平平去上	?PPZZ	平去/平/平/去/上
7b58793319527080bf52e841e963bc15	何逊	铜雀妓	梁	5	3	向帐舞空城	?去上平平	ZZZ?P	上去/去/上/平去/平
7b58793319527080bf52e841e963bc15	何逊	铜雀妓	梁	5	4	寂寂檐宇旷	入入平上去	ZZPZZ	入/入/平/上/去
7b58793319527080bf52e841e963bc15	何逊	铜雀妓	梁	5	5	飘飘帷幔轻	平平平去?	PPPZ?	平/平/平/去/平去
7b58793319527080bf52e841e963bc15	何逊	铜雀妓	梁	5	6	曲终相顾起	入平?去上	ZP?ZZ	入/平/平去/去/上
7b58793319527080bf52e841e963bc15	何逊	铜雀妓	梁	5	7	日暮松柏声	入去平入平	ZZ?ZP	入/去/平去/入/平
7b587933195270801433cb05367753a7	何逊	拟轻薄篇	梁	5	0	城东美少年	平平上?平	PPZZP	平/平/上/上去/平
7b587933195270801433cb05367753a7	何逊	拟轻薄篇	梁	5	1	重身轻万亿	?平?去入	?P?ZZ	平上去/平/平去/去入/入
7b587933195270801433cb05367753a7	何逊	拟轻薄篇	梁	5	2	柘弹隋珠丸	去??平平	Z??PP	去/平去/平上/平/平
7b587933195270801433cb05367753a7	何逊	拟轻薄篇	梁	5	3	白马黄金饰	入上平平入	ZZPPZ	入/上/平/平/入
7b587933195270801433cb05367753a7	何逊	拟轻薄篇	梁	5	4	长安九逵上	平平上平?	?PZPZ	平上去/平/上/平/上去
7b587933195270801433cb05367753a7	何逊	拟轻薄篇	梁	5	5	青槐荫道植	平平去上?	PPZZZ	平/平/去/上/去入
7b587933195270801433cb05367753a7	何逊	拟轻薄篇	梁	5	6	毂击晨已喧	入入平上平	ZZPZP	入/入/平/上去/平
7b587933195270801433cb05367753a7	何逊	拟轻薄篇	梁	5	7	肩排暝不息	平平?入入	PP??Z	平/平/平去/平上入/入
7b587933195270801433cb05367753a7	何逊	拟轻薄篇	梁	5	8	走狗通西望	?上平平?	ZZPP?	上去/上/平/平/平去
7b587933195270801433cb05367753a7	何逊	拟轻薄篇	梁	5	9	牵牛亘南直	?平去平入	?PZPZ	平去/平/去/平/入
7b587933195270801433cb05367753a7	何逊	拟轻薄篇	梁	5	10	相期百戏旁	?平入去平	?PZ?P	平去/平/入/平去/平
7b587933195270801433cb05367753a7	何逊	拟轻薄篇	梁	5	11	去来三市侧	?平平上入	ZP?ZZ	上去/平/平去/上/入
7b587933195270801433cb05367753a7	何逊	拟轻薄篇	梁	5	12	象床杳绣被	上平上去?	ZPZZZ	上/平/上/去/上去
7b587933195270801433cb05367753a7	何逊	拟轻薄篇	梁	5	13	玉盘传绮食	入平?上?	ZP?ZZ	入/平/平去/上/去入
7b587933195270801433cb05367753a7	何逊	拟轻薄篇	梁	5	14	倡女掩扇歌	?上上?平	?ZZ?P	平去/上去/上/平去/平
7b587933195270801433cb05367753a7	何逊	拟轻薄篇	梁	5	15	小妇开帘织	上上平平?	ZZPPZ	上/上/平/平/去入
7b587933195270801433cb05367753a7	何逊	拟轻薄篇	梁	5	16	相看独隐笑	平?入上去	??ZZZ	平去/平去/入/上去/去
7b587933195270801433cb05367753a7	何逊	拟轻薄篇	梁	5	17	见人还敛色	去平平?入	ZPPZZ	去/平/平/上去/入
7b587933195270801433cb05367753a7	何逊	拟轻薄篇	梁	5	18	黄鹤悲故群	平入平去平	PZPZP	平/入/平/去/平
7b587933195270801433cb05367753a7	何逊	拟轻薄篇	梁	5	19	山枝咏新识	平平去平?	PPZPZ	平/平/去/平/去入
7b587933195270801433cb05367753a7	何逊	拟轻薄篇	梁	5	20	乌飞过客尽	平平?入上	PP?ZZ	平/平/平去/入/上
7b587933195270801433cb05367753a7	何逊	拟轻薄篇	梁	5	21	雀聚行龙匿	入??平入	ZZ?PZ	入/上去/平去/平/入
7b587933195270801433cb05367753a7	何逊	拟轻薄篇	梁	5	22	酌羽方厌厌	入上平??	ZZPZZ	入/上去/平/上去入/上去入
7b587933195270801433cb05367753a7	何逊	拟轻薄篇	梁	5	23	此时欢未极	上平平去入	ZPPZZ	上/平/平/去/入
7b58793319527080279f79477b6b7366	何逊	落日前墟望赠范广州云	梁	5	0	缘沟绿草蔓	?平入上?	?PZZ?	平去/平/入/上/平去
7b58793319527080279f79477b6b7366	何逊	落日前墟望赠范广州云	梁	5	1	扶楥杂华舒	平去入?平	PZZ?P	平/去/入/平去/平
7b58793319527080279f79477b6b7366	何逊	落日前墟望赠范广州云	梁	5	2	轻烟澹柳色	?平?上入	???ZZ	平去/平去/平上去/上/入
7b58793319527080279f79477b6b7366	何逊	落日前墟望赠范广州云	梁	5	3	重霞映日馀	?平去入平	?PZZP	平上去/平/上去/入/平
7b58793319527080279f79477b6b7366	何逊	落日前墟望赠范广州云	梁	5	4	遥遥长路远	平平平去?	PP?ZZ	平/平/平上去/去/上去
7b58793319527080279f79477b6b7366	何逊	落日前墟望赠范广州云	梁	5	5	寂寂行人疏	入入?平?	ZZ?P?	入/入/平去/平/平去
7b58793319527080279f79477b6b7366	何逊	落日前墟望赠范广州云	梁	5	6	我心怀硕德	上平平入入	ZPPZZ	上/平/平/入/入
7b58793319527080279f79477b6b7366	何逊	落日前墟望赠范广州云	梁	5	7	思欲命轻车	?入去平平	?ZZ?P	平去/入/去/平去/平
7b58793319527080279f79477b6b7366	何逊	落日前墟望赠范广州云	梁	5	8	高门盛游侣	平平?平上	PP?PZ	平/平/平去/平/上
7b58793319527080279f79477b6b7366	何逊	落日前墟望赠范广州云	梁	5	9	谁肯进畋渔	平上去?平	PZZ?P	平/上/去/平去/平
7b58793319527080825c7948fc56ed70	何逊	看伏郎新婚诗	梁	5	0	雾夕莲出水	去入?入上	ZZ?ZZ	去/入/平上/去入/上
7b58793319527080825c7948fc56ed70	何逊	看伏郎新婚诗	梁	5	1	霞朝日照梁	平平入去平	PPZZP	平/平/入/去/平
7b58793319527080825c7948fc56ed70	何逊	看伏郎新婚诗	梁	5	2	何如花烛夜	平平平入去	??PZZ	平上/平去/平/入/去
7b58793319527080825c7948fc56ed70	何逊	看伏郎新婚诗	梁	5	3	轻扇掩红妆	??上平平	??ZPP	平去/平去/上/平/平
7b58793319527080825c7948fc56ed70	何逊	看伏郎新婚诗	梁	5	4	良人复灼灼	平平入入入	PPZZZ	平/平/去入/入/入
7b58793319527080825c7948fc56ed70	何逊	看伏郎新婚诗	梁	5	5	席上自生光	入?去平平	ZZZ??	入/上去/去/平去/平去
7b58793319527080825c7948fc56ed70	何逊	看伏郎新婚诗	梁	5	6	所悲高驾动	上平平去上	ZPPZZ	上/平/平/去/上
7b58793319527080825c7948fc56ed70	何逊	看伏郎新婚诗	梁	5	7	环佩出长廊	平去入平平	PZZ?P	平/去/去入/平上去/平
7b587933195270804de3ab2961bcacc4	何逊	临行公车诗	梁	5	0	扰扰排曙扉	上上平去平	ZZPZP	上/上/平/去/平
7b587933195270804de3ab2961bcacc4	何逊	临行公车诗	梁	5	1	鳞鳞驱早驾	平平?上去	PP?ZZ	平/平/平去/上/去
7b587933195270804de3ab2961bcacc4	何逊	临行公车诗	梁	5	2	禁门俨犹闭	?平上平?	?PZ?Z	平去/平/上/平去/去入
7b587933195270804de3ab2961bcacc4	何逊	临行公车诗	梁	5	3	严城方警夜	平平平上去	PPPZZ	平/平/平/上/去
7b587933195270804de3ab2961bcacc4	何逊	临行公车诗	梁	5	4	道胜多增荣	上?平?平	Z?P?P	上/平去/平/平去/平
7b587933195270804de3ab2961bcacc4	何逊	临行公车诗	梁	5	5	拙蒲终难化	入平平平去	ZPP?Z	入/平/平/平去/去
7b587933195270804de3ab2961bcacc4	何逊	临行公车诗	梁	5	6	以兹畎浍质	上平上去?	ZPZZZ	上/平/上/去/去入
7b587933195270804de3ab2961bcacc4	何逊	临行公车诗	梁	5	7	重与沧溟舍	??平??	??P?Z	平上去/平上去/平/平上/上去
7b587933195270804de3ab2961bcacc4	何逊	临行公车诗	梁	5	8	纚舟去浊河	上平?入平	ZPZZP	上/平/上去/入/平
7b587933195270804de3ab2961bcacc4	何逊	临行公车诗	梁	5	9	揆景辞清灞	上上平平去	ZZPPZ	上/上/平/平/去
7b587933195270804de3ab2961bcacc4	何逊	临行公车诗	梁	5	10	平生多意绪	平平平去上	P?PZZ	平/平去/平/去/上
7b587933195270804de3ab2961bcacc4	何逊	临行公车诗	梁	5	11	怀抱皆徂谢	平上平平去	PZPPZ	平/上/平/平/去
7b587933195270804de3ab2961bcacc4	何逊	临行公车诗	梁	5	12	念此将如何	去上?平平	ZZ???	去/上/平去/平去/平上
7b587933195270804de3ab2961bcacc4	何逊	临行公车诗	梁	5	13	抚心独悲咤	上平入平?	ZPZP?	上/平/入/平/平去
7b5879332769d0d35c328ad09ea6c99e	谢脁	暂使下都夜发新林至京邑赠西府同僚	齊	5	0	大江流日夜	去平平入去	ZPPZZ	去/平/平/入/去
7b5879332769d0d35c328ad09ea6c99e	谢脁	暂使下都夜发新林至京邑赠西府同僚	齊	5	1	客心悲未央	入平平去平	ZPPZP	入/平/平/去/平
7b5879332769d0d35c328ad09ea6c99e	谢脁	暂使下都夜发新林至京邑赠西府同僚	齊	5	2	徒念关山近	平去平平?	PZPPZ	平/去/平/平/上去
7b5879332769d0d35c328ad09ea6c99e	谢脁	暂使下都夜发新林至京邑赠西府同僚	齊	5	3	终知返路长	平平上去?	PPZZ?	平/平/上/去/平上去
7b5879332769d0d35c328ad09ea6c99e	谢脁	暂使下都夜发新林至京邑赠西府同僚	齊	5	4	秋河曙耿耿	平平去上上	PPZZZ	平/平/去/上/上
7b5879332769d0d35c328ad09ea6c99e	谢脁	暂使下都夜发新林至京邑赠西府同僚	齊	5	5	寒渚夜苍苍	平上去??	PZZ??	平/上/去/平上/平上
7b5879332769d0d35c328ad09ea6c99e	谢脁	暂使下都夜发新林至京邑赠西府同僚	齊	5	6	引领见京室	?上去平入	ZZZPZ	上去/上/去/平/入
7b5879332769d0d35c328ad09ea6c99e	谢脁	暂使下都夜发新林至京邑赠西府同僚	齊	5	7	宫雉正相望	平上?平?	PZ???	平/上/平去/平去/平去
7b5879332769d0d35c328ad09ea6c99e	谢脁	暂使下都夜发新林至京邑赠西府同僚	齊	5	8	金波丽鳷鹊	平平?平入	PP?PZ	平/平/平去/平/入
7b5879332769d0d35c328ad09ea6c99e	谢脁	暂使下都夜发新林至京邑赠西府同僚	齊	5	9	玉绳低建章	入平平去平	ZPPZP	入/平/平/去/平
7b5879332769d0d35c328ad09ea6c99e	谢脁	暂使下都夜发新林至京邑赠西府同僚	齊	5	10	驱车鼎门外	?平上平去	?PZPZ	平去/平/上/平/去
7b5879332769d0d35c328ad09ea6c99e	谢脁	暂使下都夜发新林至京邑赠西府同僚	齊	5	11	思见昭丘阳	?去平平平	?ZPPP	平去/去/平/平/平
7b5879332769d0d35c328ad09ea6c99e	谢脁	暂使下都夜发新林至京邑赠西府同僚	齊	5	12	驰晖不可接	平平入上入	PP?ZZ	平/平/平上入/上/入
7b5879332769d0d35c328ad09ea6c99e	谢脁	暂使下都夜发新林至京邑赠西府同僚	齊	5	13	何况隔两乡	平去入上平	?ZZZP	平上/去/入/上去/平
7b5879332769d0d35c328ad09ea6c99e	谢脁	暂使下都夜发新林至京邑赠西府同僚	齊	5	14	风云有鸟路	平平上上去	?PZZZ	平去/平/上/上/去
7b5879332769d0d35c328ad09ea6c99e	谢脁	暂使下都夜发新林至京邑赠西府同僚	齊	5	15	江汉限无梁	平去上平平	PZZPP	平/去/上/平/平
7b5879332769d0d35c328ad09ea6c99e	谢脁	暂使下都夜发新林至京邑赠西府同僚	齊	5	16	常恐鹰隼击	平?平上入	PZPZZ	平/上去/平/上/入
7b5879332769d0d35c328ad09ea6c99e	谢脁	暂使下都夜发新林至京邑赠西府同僚	齊	5	17	时菊委严霜	平入?平平	PZ?PP	平/入/平上/平/平
7b5879332769d0d35c328ad09ea6c99e	谢脁	暂使下都夜发新林至京邑赠西府同僚	齊	5	18	寄言罻罗者	去平去平上	ZPZPZ	去/平/去/平/上
7b5879332769d0d35c328ad09ea6c99e	谢脁	暂使下都夜发新林至京邑赠西府同僚	齊	5	19	寥廓已高翔	?入上平平	?ZZPP	平入/入/上去/平/平
7b5879332769d0d385dcb4e0c2fb185c	谢脁	晚登三山还望京邑	齊	5	0	灞涘望长安	去上?平平	ZZ??P	去/上/平去/平上去/平
7b5879332769d0d385dcb4e0c2fb185c	谢脁	晚登三山还望京邑	齊	5	1	河阳视京县	平平?平?	PPZP?	平/平/上去/平/平去
7b5879332769d0d385dcb4e0c2fb185c	谢脁	晚登三山还望京邑	齊	5	2	白日丽飞甍	入入?平平	ZZ?PP	入/入/平去/平/平
7b5879332769d0d385dcb4e0c2fb185c	谢脁	晚登三山还望京邑	齊	5	3	参差皆可见	??平上去	??PZZ	平去/平去/平/上/去
7b5879332769d0d385dcb4e0c2fb185c	谢脁	晚登三山还望京邑	齊	5	4	馀霞散成绮	平平?平上	PPZPZ	平/平/上去/平/上
7b5879332769d0d385dcb4e0c2fb185c	谢脁	晚登三山还望京邑	齊	5	5	澄江静如练	平平上平去	PPZ?Z	平/平/上/平去/去
7b5879332769d0d385dcb4e0c2fb185c	谢脁	晚登三山还望京邑	齊	5	6	喧鸟覆春洲	平上?平平	PZZPP	平/上/去入/平/平
7b5879332769d0d385dcb4e0c2fb185c	谢脁	晚登三山还望京邑	齊	5	7	杂英满芳甸	入平上平去	ZPZPZ	入/平/上/平/去
7b5879332769d0d385dcb4e0c2fb185c	谢脁	晚登三山还望京邑	齊	5	8	去矣方滞淫	?上平去平	ZZPZP	上去/上/平/去/平
7b5879332769d0d385dcb4e0c2fb185c	谢脁	晚登三山还望京邑	齊	5	9	怀哉罢欢宴	平平?平?	PP?PZ	平/平/平上/平/上去
7b5879332769d0d385dcb4e0c2fb185c	谢脁	晚登三山还望京邑	齊	5	10	佳期怅何许	平平去平上	PPZ?Z	平/平/去/平上/上
7b5879332769d0d385dcb4e0c2fb185c	谢脁	晚登三山还望京邑	齊	5	11	泪下如流霰	去?平平去	ZZ?PZ	去/上去/平去/平/去
7b5879332769d0d385dcb4e0c2fb185c	谢脁	晚登三山还望京邑	齊	5	12	有情知望乡	上平平?平	ZPP?P	上/平/平/平去/平
7b5879332769d0d385dcb4e0c2fb185c	谢脁	晚登三山还望京邑	齊	5	13	谁能鬒不变	平?上入去	P?Z?Z	平/平上去/上/平上入/去
7b5879332769d0d36e5b49e8ceeb8840	谢脁	玉阶怨	齊	5	0	夕殿下珠帘	入去?平平	ZZZPP	入/去/上去/平/平
7b5879332769d0d36e5b49e8ceeb8840	谢脁	玉阶怨	齊	5	1	流萤飞复息	平平平入入	PPPZZ	平/平/平/去入/入
7b5879332769d0d36e5b49e8ceeb8840	谢脁	玉阶怨	齊	5	2	长夜缝罗衣	平去?平平	?Z?P?	平上去/去/平去/平/平去
7b5879332769d0d36e5b49e8ceeb8840	谢脁	玉阶怨	齊	5	3	思君此何极	?平上平入	?PZ?Z	平去/平/上/平上/入
7b5879332769d0d3a9f22dd47a861d42	谢脁	王孙游	齊	5	0	绿草蔓如丝	入上?平平	ZZ??P	入/上/平去/平去/平
7b5879332769d0d3a9f22dd47a861d42	谢脁	王孙游	齊	5	1	杂树红英发	入?平平入	ZZPPZ	入/上去/平/平/入
7b5879332769d0d3a9f22dd47a861d42	谢脁	王孙游	齊	5	2	无论君不归	平?平入平	P?P?P	平/平去/平/平上入/平
7b5879332769d0d3a9f22dd47a861d42	谢脁	王孙游	齊	5	3	君归芳已歇	平平平上入	PPPZZ	平/平/平/上去/入
7b5879332769d0d39563fa7a11cb9543	谢脁	之宣城郡出新林浦向板桥	齊	5	0	江路西南永	平去平平上	PZPPZ	平/去/平/平/上
7b5879332769d0d39563fa7a11cb9543	谢脁	之宣城郡出新林浦向板桥	齊	5	1	归流东北骛	平平平入去	PPPZZ	平/平/平/入/去
7b5879332769d0d39563fa7a11cb9543	谢脁	之宣城郡出新林浦向板桥	齊	5	2	天际识归舟	平去?平平	PZZPP	平/去/去入/平/平
7b5879332769d0d39563fa7a11cb9543	谢脁	之宣城郡出新林浦向板桥	齊	5	3	云中辨江树	平平?平?	P?ZPZ	平/平去/上去/平/上去
7b5879332769d0d39563fa7a11cb9543	谢脁	之宣城郡出新林浦向板桥	齊	5	4	旅思倦摇摇	上?去??	Z?Z??	上/平去/去/平去/平去
7b5879332769d0d39563fa7a11cb9543	谢脁	之宣城郡出新林浦向板桥	齊	5	5	孤游昔已屡	平平入上去	PPZZZ	平/平/入/上去/去
7b5879332769d0d39563fa7a11cb9543	谢脁	之宣城郡出新林浦向板桥	齊	5	6	既欢怀禄情	去平平入平	ZPPZP	去/平/平/入/平
7b5879332769d0d39563fa7a11cb9543	谢脁	之宣城郡出新林浦向板桥	齊	5	7	复协沧洲趣	入入平平?	ZZPPZ	去入/入/平/平/上去
7b5879332769d0d39563fa7a11cb9543	谢脁	之宣城郡出新林浦向板桥	齊	5	8	嚣尘自兹隔	平平去平入	PPZPZ	平/平/去/平/入
7b5879332769d0d39563fa7a11cb9543	谢脁	之宣城郡出新林浦向板桥	齊	5	9	赏心于此遇	上平平上去	ZPPZZ	上/平/平/上/去
7b5879332769d0d39563fa7a11cb9543	谢脁	之宣城郡出新林浦向板桥	齊	5	10	虽无玄豹姿	平平平去平	PPPZP	平/平/平/去/平
7b5879332769d0d39563fa7a11cb9543	谢脁	之宣城郡出新林浦向板桥	齊	5	11	终隐南山雾	平上平平去	PZPPZ	平/上去/平/平/去
7b5879332769d0d3530e4e3526c593ee	谢脁	入朝曲	齊	5	0	江南佳丽地	平平平?去	PPP?Z	平/平/平/平去/去
7b5879332769d0d3530e4e3526c593ee	谢脁	入朝曲	齊	5	1	金陵帝王州	平平去平平	PPZ?P	平/平/去/平去/平
7b5879332769d0d3530e4e3526c593ee	谢脁	入朝曲	齊	5	2	逶迤带绿水	平?去入上	P?ZZZ	平//去/入/上
7b5879332769d0d3530e4e3526c593ee	谢脁	入朝曲	齊	5	3	迢递起朱楼	平?上平平	PZZPP	平/上去/上/平/平
7b5879332769d0d3530e4e3526c593ee	谢脁	入朝曲	齊	5	4	飞甍夹驰道	平平入平上	PPZPZ	平/平/入/平/上
7b5879332769d0d3530e4e3526c593ee	谢脁	入朝曲	齊	5	5	垂杨荫御沟	平平去?平	PPZZP	平/平/去/上去/平
7b5879332769d0d3530e4e3526c593ee	谢脁	入朝曲	齊	5	6	凝笳翼高盖	?平入平?	?PZPZ	平去/平/入/平/去入
7b5879332769d0d3530e4e3526c593ee	谢脁	入朝曲	齊	5	7	叠鼓送华辀	入?去?平	Z?Z?P	入//去/平去/平
7b5879332769d0d3530e4e3526c593ee	谢脁	入朝曲	齊	5	8	献纳云台表	?入平平上	?ZPPZ	平去/入/平/平/上
7b5879332769d0d3530e4e3526c593ee	谢脁	入朝曲	齊	5	9	功名良可收	平平平上?	PPPZ?	平/平/平/上/平去
7b5879332769d0d3d5ddb1d9490d8f81	谢脁	和徐都曹出新亭渚	齊	5	0	宛洛佳遨游	?入平平平	?ZPPP	平上/入/平/平/平
7b5879332769d0d3d5ddb1d9490d8f81	谢脁	和徐都曹出新亭渚	齊	5	1	春色满皇州	平入上平平	PZZPP	平/入/上/平/平
7b5879332769d0d3d5ddb1d9490d8f81	谢脁	和徐都曹出新亭渚	齊	5	2	结轸青郊路	入上平平去	ZZPPZ	入/上/平/平/去
7b5879332769d0d3d5ddb1d9490d8f81	谢脁	和徐都曹出新亭渚	齊	5	3	回瞰苍江流	平去?平平	?Z?PP	平去/去/平上/平/平
7b5879332769d0d3d5ddb1d9490d8f81	谢脁	和徐都曹出新亭渚	齊	5	4	日华川上动	入?平?上	Z?PZZ	入/平去/平/上去/上
7b5879332769d0d3d5ddb1d9490d8f81	谢脁	和徐都曹出新亭渚	齊	5	5	风光草际浮	平平上去平	??ZZP	平去/平去/上/去/平
7b5879332769d0d3d5ddb1d9490d8f81	谢脁	和徐都曹出新亭渚	齊	5	6	桃李成蹊径	平上平平去	PZPPZ	平/上/平/平/去
7b5879332769d0d3d5ddb1d9490d8f81	谢脁	和徐都曹出新亭渚	齊	5	7	桑榆荫道周	平平去上平	PPZZP	平/平/去/上/平
7b5879332769d0d3d5ddb1d9490d8f81	谢脁	和徐都曹出新亭渚	齊	5	8	东都已俶载	平平上入?	PPZZZ	平/平/上去/入/上去
7b5879332769d0d3d5ddb1d9490d8f81	谢脁	和徐都曹出新亭渚	齊	5	9	言归望绿畴	平平?入平	PP?ZP	平/平/平去/入/平
7b5879332769d0d3c47cae249eea6653	谢脁	在郡卧病呈沈尚书	齊	5	0	淮扬股肱守	平平上平?	PPZPZ	平/平/上/平/上去
7b5879332769d0d3c47cae249eea6653	谢脁	在郡卧病呈沈尚书	齊	5	1	高卧犹在兹	平去平?平	PZ?ZP	平/去/平去/上去/平
7b5879332769d0d3c47cae249eea6653	谢脁	在郡卧病呈沈尚书	齊	5	2	况复南山曲	去入平平入	ZZPPZ	去/去入/平/平/入
7b5879332769d0d3c47cae249eea6653	谢脁	在郡卧病呈沈尚书	齊	5	3	何异幽栖时	平去平?平	??P?P	平上/平去/平/平去/平
7b5879332769d0d3c47cae249eea6653	谢脁	在郡卧病呈沈尚书	齊	5	4	连阴盛农节	平平?平入	PP?PZ	平/平/平去/平/入
7b5879332769d0d3c47cae249eea6653	谢脁	在郡卧病呈沈尚书	齊	5	5	籉笠聚东菑	平入?平平	PZZPP	平/入/上去/平/平
7b5879332769d0d3c47cae249eea6653	谢脁	在郡卧病呈沈尚书	齊	5	6	高阁常昼掩	平入平去上	PZPZZ	平/入/平/去/上
7b5879332769d0d3c47cae249eea6653	谢脁	在郡卧病呈沈尚书	齊	5	7	荒阶少诤辞	?平?去平	?PZZP	平去/平/上去/去/平
7b5879332769d0d3c47cae249eea6653	谢脁	在郡卧病呈沈尚书	齊	5	8	珍簟清夏室	平上平?入	PZPZZ	平/上/平/上去/入
7b5879332769d0d3c47cae249eea6653	谢脁	在郡卧病呈沈尚书	齊	5	9	轻扇动凉飔	??上?平	??Z?P	平去/平去/上/平去/平
7b5879332769d0d3c47cae249eea6653	谢脁	在郡卧病呈沈尚书	齊	5	10	嘉鲂聊可荐	平平平上去	PPPZZ	平/平/平/上/去
7b5879332769d0d3c47cae249eea6653	谢脁	在郡卧病呈沈尚书	齊	5	11	绿蚁方独持	入上平入平	ZZPZP	入/上/平/入/平
7b5879332769d0d3c47cae249eea6653	谢脁	在郡卧病呈沈尚书	齊	5	12	夏李沈朱实	?上?平入	ZZ?PZ	上去/上/平上去/平/入
7b5879332769d0d3c47cae249eea6653	谢脁	在郡卧病呈沈尚书	齊	5	13	秋藕折轻丝	平上??平	PZ??P	平/上/平入/平去/平
7b5879332769d0d3c47cae249eea6653	谢脁	在郡卧病呈沈尚书	齊	5	14	良辰竟何许	平平去平上	PPZ?Z	平/平/去/平上/上
7b5879332769d0d3c47cae249eea6653	谢脁	在郡卧病呈沈尚书	齊	5	15	夙昔梦佳期	入入?平平	ZZ?PP	入/入/平去/平/平
7b5879332769d0d3c47cae249eea6653	谢脁	在郡卧病呈沈尚书	齊	5	16	坐啸徒可积	上去平上入	ZZPZZ	上去/去/平/上/去入
7b5879332769d0d3c47cae249eea6653	谢脁	在郡卧病呈沈尚书	齊	5	17	为邦岁已期	?平去上平	?PZZP	平去/平/去/上去/平
7b5879332769d0d3c47cae249eea6653	谢脁	在郡卧病呈沈尚书	齊	5	18	弦歌终莫取	平平平入上	?PPZZ	平去/平/平/入/上
7b5879332769d0d3c47cae249eea6653	谢脁	在郡卧病呈沈尚书	齊	5	19	抚机令自嗤	上??去平	Z??ZP	上/平上/平去/去/平
7b5879332769d0d3ff56836a7bfb5017	谢脁	游东田	齊	5	0	戚戚苦无悰	入入上平平	ZZZPP	入/入/上去/平/平
7b5879332769d0d3ff56836a7bfb5017	谢脁	游东田	齊	5	1	携手共行乐	平上???	PZ??Z	平/上/平去/平去/去入
7b5879332769d0d3ff56836a7bfb5017	谢脁	游东田	齊	5	2	寻云陟累榭	平平入?去	PPZ?Z	平/平/入/平上去/去
7b5879332769d0d3ff56836a7bfb5017	谢脁	游东田	齊	5	3	随山望菌阁	平平?上入	PP?ZZ	平/平/平去/上/入
7b5879332769d0d3ff56836a7bfb5017	谢脁	游东田	齊	5	4	远树暧阡阡	??去平平	ZZZPP	上去/上去/去/平/平
7b5879332769d0d3ff56836a7bfb5017	谢脁	游东田	齊	5	5	生烟纷漠漠	平平平入入	??PZZ	平去/平去/平/入/入
7b5879332769d0d3ff56836a7bfb5017	谢脁	游东田	齊	5	6	鱼戏新荷动	平?平?上	P?P?Z	平/平去/平/平上/上
7b5879332769d0d3ff56836a7bfb5017	谢脁	游东田	齊	5	7	鸟散馀花落	上?平平入	ZZPPZ	上/上去/平/平/入
7b5879332769d0d3ff56836a7bfb5017	谢脁	游东田	齊	5	8	不对芳春酒	入去平平上	?ZPPZ	平上入/去/平/平/上
7b5879332769d0d3ff56836a7bfb5017	谢脁	游东田	齊	5	9	还望青山郭	平?平平入	P?PPZ	平/平去/平/平/入
7b5879332769d0d3435b723bf6b08504	谢脁	咏蒲诗	齊	5	0	离离水上蒲	??上?平	??ZZP	平去/平去/上/上去/平
7b5879332769d0d3435b723bf6b08504	谢脁	咏蒲诗	齊	5	1	结水散为珠	入上??平	ZZZ?P	入/上/上去/平去/平
7b5879332769d0d3435b723bf6b08504	谢脁	咏蒲诗	齊	5	2	间厕秋菡萏	平去平上上	?ZPZZ	/去/平/上/上
7b5879332769d0d3435b723bf6b08504	谢脁	咏蒲诗	齊	5	3	出入春凫雏	入入平平平	ZZPPP	去入/入/平/平/平
7b5879332769d0d3435b723bf6b08504	谢脁	咏蒲诗	齊	5	4	初萌实雕俎	平平入平?	PPZP?	平/平/入/平/
7b5879332769d0d3435b723bf6b08504	谢脁	咏蒲诗	齊	5	5	暮蕊杂椒涂	去上入平平	ZZZPP	去/上/入/平/平
7b5879332769d0d3435b723bf6b08504	谢脁	咏蒲诗	齊	5	6	所悲塘上曲	上平平?入	ZPPZZ	上/平/平/上去/入
7b5879332769d0d3435b723bf6b08504	谢脁	咏蒲诗	齊	5	7	遂铄黄金躯	去入平平平	ZZPPP	去/入/平/平/平
7b5879332769d0d3d58fabeffc434a37	谢脁	和王主簿季哲怨情诗	齊	5	0	掖庭聘绝国	入平去入入	ZPZZZ	入/平/去/入/入
7b5879332769d0d3d58fabeffc434a37	谢脁	和王主簿季哲怨情诗	齊	5	1	长门失欢宴	平平入平?	?PZPZ	平上去/平/入/平/上去
7b5879332769d0d3d58fabeffc434a37	谢脁	和王主簿季哲怨情诗	齊	5	2	相逢咏蘼芜	平平去?平	?PZ?P	平去/平/去/平上/平
7b5879332769d0d3d58fabeffc434a37	谢脁	和王主簿季哲怨情诗	齊	5	3	辞宠悲团扇	平上平平?	PZPP?	平/上/平/平/平去
7b5879332769d0d3d58fabeffc434a37	谢脁	和王主簿季哲怨情诗	齊	5	4	花丛乱数蝶	平平去?入	PPZZZ	平/平/去/上去入/入
7b5879332769d0d3d58fabeffc434a37	谢脁	和王主簿季哲怨情诗	齊	5	5	风帘入双燕	平平入平?	?PZP?	平去/平/入/平/平去
7b5879332769d0d3d58fabeffc434a37	谢脁	和王主簿季哲怨情诗	齊	5	6	徒使春带赊	平?平去平	PZPZP	平/上去/平/去/平
7b5879332769d0d3d58fabeffc434a37	谢脁	和王主簿季哲怨情诗	齊	5	7	坐惜红妆变	上入平平去	ZZPPZ	上去/入/平/平/去
7b5879332769d0d3d58fabeffc434a37	谢脁	和王主簿季哲怨情诗	齊	5	8	平生一顾重	平平入去?	P?ZZ?	平/平去/入/去/平上去
7b5879332769d0d3d58fabeffc434a37	谢脁	和王主簿季哲怨情诗	齊	5	9	宿昔千金贱	?入平平去	ZZPPZ	去入/入/平/平/去
7b5879332769d0d3d58fabeffc434a37	谢脁	和王主簿季哲怨情诗	齊	5	10	故人心尚尔	去平平?上	ZPP?Z	去/平/平/平去/上
7b5879332769d0d3d58fabeffc434a37	谢脁	和王主簿季哲怨情诗	齊	5	11	故心人不见	去平平入去	ZPP?Z	去/平/平/平上入/去
7b5879332769d0d353787395e6836842	谢脁	怀故人诗	齊	5	0	芳洲有杜若	平平上上?	PPZZ?	平/平/上/上/平上入
7b5879332769d0d353787395e6836842	谢脁	怀故人诗	齊	5	1	可以赠佳期	上上去平平	ZZZPP	上/上/去/平/平
7b5879332769d0d353787395e6836842	谢脁	怀故人诗	齊	5	2	望望忽超远	??入平?	??ZPZ	平去/平去/入/平/上去
7b5879332769d0d353787395e6836842	谢脁	怀故人诗	齊	5	3	何由见所思	平平去上?	?PZZ?	平上/平/去/上/平去
7b5879332769d0d353787395e6836842	谢脁	怀故人诗	齊	5	4	行行未千里	??去平上	??ZPZ	平去/平去/去/平/上
7b5879332769d0d353787395e6836842	谢脁	怀故人诗	齊	5	5	山川已间之	平平上平平	PPZ?P	平/平/上去//平
7b5879332769d0d353787395e6836842	谢脁	怀故人诗	齊	5	6	离居方岁月	?平平去入	?PPZZ	平去/平/平/去/入
7b5879332769d0d353787395e6836842	谢脁	怀故人诗	齊	5	7	故人不在兹	去平入?平	ZP?ZP	去/平/平上入/上去/平
7b5879332769d0d353787395e6836842	谢脁	怀故人诗	齊	5	8	清风动帘夜	平平上平去	P?ZPZ	平/平去/上/平/去
7b5879332769d0d353787395e6836842	谢脁	怀故人诗	齊	5	9	孤月照窗时	平入去?平	PZZ?P	平/入/去//平
7b5879332769d0d353787395e6836842	谢脁	怀故人诗	齊	5	10	安得同携手	平入?平上	PZ?PZ	平/入/平去/平/上
7b5879332769d0d353787395e6836842	谢脁	怀故人诗	齊	5	11	酌酒赋新诗	入上去平平	ZZZPP	入/上/去/平/平
7b5879332769d0d39a9a072b8daaadf6	谢脁	和王中丞闻琴诗	齊	5	0	凉风吹月露	?平?入去	???ZZ	平去/平去/平去/入/去
7b5879332769d0d39a9a072b8daaadf6	谢脁	和王中丞闻琴诗	齊	5	1	圆景动清阴	平上上平平	PZZPP	平/上/上/平/平
7b5879332769d0d39a9a072b8daaadf6	谢脁	和王中丞闻琴诗	齊	5	2	蕙风入怀抱	去平入平上	Z?ZPZ	去/平去/入/平/上
7b5879332769d0d39a9a072b8daaadf6	谢脁	和王中丞闻琴诗	齊	5	3	闻君此夜琴	?平上去平	?PZZP	平去/平/上/去/平
7b5879332769d0d39a9a072b8daaadf6	谢脁	和王中丞闻琴诗	齊	5	4	萧瑟满林听	平入上平?	PZZP?	平/入/上/平/平上去
7b5879332769d0d39a9a072b8daaadf6	谢脁	和王中丞闻琴诗	齊	5	5	轻鸣响涧音	?平上去平	?PZZP	平去/平/上/去/平
7b5879332769d0d39a9a072b8daaadf6	谢脁	和王中丞闻琴诗	齊	5	6	无为澹容与	平??平?	P??P?	平/平去/平上去/平/平上去
7b5879332769d0d39a9a072b8daaadf6	谢脁	和王中丞闻琴诗	齊	5	7	蹉跎江海心	平平平上平	PPPZP	平/平/平/上/平
7b5879332769d0d3bcecf1bb3094c461	谢脁	送江水曹还远馆诗	齊	5	0	高馆临荒途	平去??平	PZ??P	平/去/平去/平去/平
7b5879332769d0d3bcecf1bb3094c461	谢脁	送江水曹还远馆诗	齊	5	1	清川带长陌	平平去?入	PPZ?Z	平/平/去/平上去/入
7b5879332769d0d3bcecf1bb3094c461	谢脁	送江水曹还远馆诗	齊	5	2	上有流思人	?上平?平	ZZP?P	上去/上/平/平去/平
7b5879332769d0d3bcecf1bb3094c461	谢脁	送江水曹还远馆诗	齊	5	3	怀旧望归客	平去?平入	PZ?PZ	平/去/平去/平/入
7b5879332769d0d3bcecf1bb3094c461	谢脁	送江水曹还远馆诗	齊	5	4	塘边草杂红	平平上入平	PPZZP	平/平/上/入/平
7b5879332769d0d3bcecf1bb3094c461	谢脁	送江水曹还远馆诗	齊	5	5	树际花犹白	?去平平入	ZZP?Z	上去/去/平/平去/入
7b5879332769d0d3bcecf1bb3094c461	谢脁	送江水曹还远馆诗	齊	5	6	日暮有重城	入去上?平	ZZZ?P	入/去/上/平上去/平
7b5879332769d0d3bcecf1bb3094c461	谢脁	送江水曹还远馆诗	齊	5	7	何由尽离席	平平上?入	?PZ?Z	平上/平/上/平去/入
7b5879332769d0d359a042e259d96c94	谢脁	咏风诗	齊	5	0	徘徊发红萼	平平入平入	PPZPZ	平/平/入/平/入
7b5879332769d0d359a042e259d96c94	谢脁	咏风诗	齊	5	1	葳蕤动绿葹	平平上入平	PPZZP	平/平/上/入/平
7b5879332769d0d359a042e259d96c94	谢脁	咏风诗	齊	5	2	垂杨低复举	平平平入上	PPPZZ	平/平/平/去入/上
7b5879332769d0d359a042e259d96c94	谢脁	咏风诗	齊	5	3	新萍合且离	平平入??	PPZ??	平/平/入/平上/平去
7b5879332769d0d359a042e259d96c94	谢脁	咏风诗	齊	5	4	步檐行袖靡	去平?去上	ZP?ZZ	去/平/平去/去/上
7b5879332769d0d359a042e259d96c94	谢脁	咏风诗	齊	5	5	当户思襟披	?上?平?	?Z?P?	平去/上/平去/平/平上
7b5879332769d0d359a042e259d96c94	谢脁	咏风诗	齊	5	6	高响飘歌吹	平上平平?	PZPP?	平/上/平/平/平去
7b5879332769d0d359a042e259d96c94	谢脁	咏风诗	齊	5	7	相思子未知	平平上去平	??ZZP	平去/平去/上/去/平
7b5879332769d0d359a042e259d96c94	谢脁	咏风诗	齊	5	8	时拂孤鸾镜	平入平平去	PZPPZ	平/入/平/平/去
7b5879332769d0d359a042e259d96c94	谢脁	咏风诗	齊	5	9	星鬓视参差	平去???	PZZ??	平/去/上去/平去/平去
7b5879332769d0d3b5ca1740a8641e62	谢脁	离夜诗	齊	5	0	玉绳隐高树	入平上平?	ZPZPZ	入/平/上去/平/上去
7b5879332769d0d3b5ca1740a8641e62	谢脁	离夜诗	齊	5	1	斜汉耿层台	平去上平平	PZZPP	平/去/上/平/平
7b5879332769d0d3b5ca1740a8641e62	谢脁	离夜诗	齊	5	2	离堂华烛尽	?平?入上	?P?ZZ	平去/平/平去/入/上
7b5879332769d0d3b5ca1740a8641e62	谢脁	离夜诗	齊	5	3	别幌清琴哀	入上平平平	ZZPPP	去入/上/平/平/平
7b5879332769d0d3b5ca1740a8641e62	谢脁	离夜诗	齊	5	4	翻潮尚知恨	平平?平去	PP?PZ	平/平/平去/平/去
7b5879332769d0d3b5ca1740a8641e62	谢脁	离夜诗	齊	5	5	客思眇难裁	入平上平?	Z?Z??	入/平去/上/平去/平去
7b5879332769d0d3b5ca1740a8641e62	谢脁	离夜诗	齊	5	6	山川不可尽	平平入上上	PP?ZZ	平/平/平上入/上/上
7b5879332769d0d3b5ca1740a8641e62	谢脁	离夜诗	齊	5	7	况乃故人杯	去上去平平	ZZZPP	去/上/去/平/平
7b5879332769d0d3e6806f90044a85fd	谢脁	蒲生行	齊	5	0	蒲生广湖边	平平上平平	P?ZPP	平/平去/上/平/平
7b5879332769d0d3e6806f90044a85fd	谢脁	蒲生行	齊	5	1	托身洪波侧	入平平平入	ZPPPZ	入/平/平/平/入
7b5879332769d0d3e6806f90044a85fd	谢脁	蒲生行	齊	5	2	春露惠我泽	平去去上入	PZZZZ	平/去/去/上/入
7b5879332769d0d3e6806f90044a85fd	谢脁	蒲生行	齊	5	3	秋霜缛我色	平平入上入	PPZZZ	平/平/入/上/入
7b5879332769d0d3e6806f90044a85fd	谢脁	蒲生行	齊	5	4	根叶从风浪	平入?平?	PZ???	平/入/平去/平去/平去
7b5879332769d0d3e6806f90044a85fd	谢脁	蒲生行	齊	5	5	常恐不永植	平?入上?	PZ?ZZ	平/上去/平上入/上/去入
7b5879332769d0d3e6806f90044a85fd	谢脁	蒲生行	齊	5	6	摄生各有命	入平入上去	Z?ZZZ	入/平去/入/上/去
7b5879332769d0d3e6806f90044a85fd	谢脁	蒲生行	齊	5	7	岂云智与力	上平去?入	ZPZ?Z	上/平/去/平上去/入
7b5879332769d0d3e6806f90044a85fd	谢脁	蒲生行	齊	5	8	安得游云上	平入平平?	PZPPZ	平/入/平/平/上去
7b5879332769d0d3e6806f90044a85fd	谢脁	蒲生行	齊	5	9	与尔同羽翼	?上?上入	?Z?ZZ	平上去/上/平去/上去/入
7b5879332769d0d39404230f7312fdbc	谢脁	和别沈右率诸君诗	齊	5	0	春夜别清樽	平去入平平	PZZPP	平/去/去入/平/平
7b5879332769d0d39404230f7312fdbc	谢脁	和别沈右率诸君诗	齊	5	1	江潭复为客	平?入?入	P?Z?Z	平/平上/去入/平去/入
7b5879332769d0d39404230f7312fdbc	谢脁	和别沈右率诸君诗	齊	5	2	叹息东流水	去入平平上	?ZPPZ	平去/入/平/平/上
7b5879332769d0d39404230f7312fdbc	谢脁	和别沈右率诸君诗	齊	5	3	如何故乡陌	平平去平入	??ZPZ	平去/平上/去/平/入
7b5879332769d0d39404230f7312fdbc	谢脁	和别沈右率诸君诗	齊	5	4	重树日芬蒀	??入平平	?ZZPP	平上去/上去/入/平/平
7b5879332769d0d39404230f7312fdbc	谢脁	和别沈右率诸君诗	齊	5	5	芳洲转如积	平平?平入	PPZ?Z	平/平/上去/平去/去入
7b5879332769d0d39404230f7312fdbc	谢脁	和别沈右率诸君诗	齊	5	6	望望荆台下	??平平?	??PPZ	平去/平去/平/平/上去
7b5879332769d0d39404230f7312fdbc	谢脁	和别沈右率诸君诗	齊	5	7	归梦相思夕	平?平平入	P???Z	平/平去/平去/平去/入
7b5879332769d0d3d0a83e977d93c2bf	谢脁	和江丞北戍琅邪城诗	齊	5	0	春城丽白日	平平?入入	PP?ZZ	平/平/平去/入/入
7b5879332769d0d3d0a83e977d93c2bf	谢脁	和江丞北戍琅邪城诗	齊	5	1	阿阁跨层楼	平入?平平	PZ?PP	平/入/平上去/平/平
7b5879332769d0d3d0a83e977d93c2bf	谢脁	和江丞北戍琅邪城诗	齊	5	2	苍江忽渺渺	?平入上上	?PZZZ	平上/平/入/上/上
7b5879332769d0d3d0a83e977d93c2bf	谢脁	和江丞北戍琅邪城诗	齊	5	3	驱马复悠悠	?上入平平	?ZZPP	平去/上/去入/平/平
7b5879332769d0d3d0a83e977d93c2bf	谢脁	和江丞北戍琅邪城诗	齊	5	4	京洛多尘雾	平入平平去	PZPPZ	平/入/平/平/去
7b5879332769d0d3d0a83e977d93c2bf	谢脁	和江丞北戍琅邪城诗	齊	5	5	淮济未安流	平?去平平	PZZPP	平/上去/去/平/平
7b5879332769d0d3d0a83e977d93c2bf	谢脁	和江丞北戍琅邪城诗	齊	5	6	岂不思抚剑	上入?上?	Z??Z?	上/平上入/平去/上/
7b5879332769d0d3d0a83e977d93c2bf	谢脁	和江丞北戍琅邪城诗	齊	5	7	惜哉无轻舟	入平平?平	ZPP?P	入/平/平/平去/平
7b5879332769d0d3d0a83e977d93c2bf	谢脁	和江丞北戍琅邪城诗	齊	5	8	夫君良自勉	平平平去上	PPPZZ	平/平/平/去/上
7b5879332769d0d3d0a83e977d93c2bf	谢脁	和江丞北戍琅邪城诗	齊	5	9	岁暮勿淹留	去去入??	ZZZ??	去/去/入/平去/平去
7b5879332769d0d3e7758e737eb4f93d	谢脁	观朝雨诗	齊	5	0	朔风吹飞雨	入平?平?	Z??PZ	入/平去/平去/平/上去
7b5879332769d0d3e7758e737eb4f93d	谢脁	观朝雨诗	齊	5	1	萧条江上来	平平平?平	PPPZP	平/平/平/上去/平
7b5879332769d0d3e7758e737eb4f93d	谢脁	观朝雨诗	齊	5	2	既洒百常观	去?入平?	ZZZP?	去/上去/入/平/平去
7b5879332769d0d3e7758e737eb4f93d	谢脁	观朝雨诗	齊	5	3	复集九成台	入入上平平	ZZZPP	去入/入/上/平/平
7b5879332769d0d3e7758e737eb4f93d	谢脁	观朝雨诗	齊	5	4	空蒙如薄雾	??平入去	???ZZ	平去/平上/平去/入/去
7b5879332769d0d3e7758e737eb4f93d	谢脁	观朝雨诗	齊	5	5	散漫似轻埃	?去上?平	ZZZ?P	上去/去/上/平去/平
7b5879332769d0d3e7758e737eb4f93d	谢脁	观朝雨诗	齊	5	6	平明振衣坐	平平??上	PP??Z	平/平/平去/平去/上去
7b5879332769d0d3e7758e737eb4f93d	谢脁	观朝雨诗	齊	5	7	重门犹未开	?平平去平	?P?ZP	平上去/平/平去/去/平
7b5879332769d0d3e7758e737eb4f93d	谢脁	观朝雨诗	齊	5	8	耳目暂无扰	上入去平上	ZZZPZ	上/入/去/平/上
7b5879332769d0d3e7758e737eb4f93d	谢脁	观朝雨诗	齊	5	9	怀古信悠哉	平上去平平	PZZPP	平/上/去/平/平
7b5879332769d0d3e7758e737eb4f93d	谢脁	观朝雨诗	齊	5	10	戢翼希骧首	入入平平?	ZZPPZ	入/入/平/平/上去
7b5879332769d0d3e7758e737eb4f93d	谢脁	观朝雨诗	齊	5	11	乘流畏曝鳃	平平去?平	?PZZP	平去/平/去/去入/平
7b5879332769d0d3e7758e737eb4f93d	谢脁	观朝雨诗	齊	5	12	动息无兼遂	上入平?去	ZZP?Z	上/入/平/平去/去
7b5879332769d0d3e7758e737eb4f93d	谢脁	观朝雨诗	齊	5	13	歧路多徘徊	平去平平平	PZPPP	平/去/平/平/平
7b5879332769d0d3e7758e737eb4f93d	谢脁	观朝雨诗	齊	5	14	方同战胜者	平?去?上	P?Z?Z	平/平去/去/平去/上
7b5879332769d0d3e7758e737eb4f93d	谢脁	观朝雨诗	齊	5	15	去剪北山莱	?上入平?	ZZZP?	上去/上/入/平/平去
7b5879332769d0d37ec0ae78fcda9ef8	谢脁	新亭渚别范零陵云诗	齊	5	0	洞庭张乐地	?平??去	?P?ZZ	平去/平/平去/去入/去
7b5879332769d0d37ec0ae78fcda9ef8	谢脁	新亭渚别范零陵云诗	齊	5	1	潇湘帝子游	?平去上平	?PZZP	/平/去/上/平
7b5879332769d0d37ec0ae78fcda9ef8	谢脁	新亭渚别范零陵云诗	齊	5	2	云去苍梧野	平??平上	PZ?PZ	平/上去/平上/平/上
7b5879332769d0d37ec0ae78fcda9ef8	谢脁	新亭渚别范零陵云诗	齊	5	3	水还江汉流	上平平去平	ZPPZP	上/平/平/去/平
7b5879332769d0d37ec0ae78fcda9ef8	谢脁	新亭渚别范零陵云诗	齊	5	4	停骖我怅望	平平上去?	PPZZ?	平/平/上/去/平去
7b5879332769d0d37ec0ae78fcda9ef8	谢脁	新亭渚别范零陵云诗	齊	5	5	辍棹子夷犹	?去上平平	ZZZP?	去入/去/上/平/平去
7b5879332769d0d37ec0ae78fcda9ef8	谢脁	新亭渚别范零陵云诗	齊	5	6	广平听方籍	上平?平入	ZP?PZ	上/平/平上去/平/入
7b5879332769d0d37ec0ae78fcda9ef8	谢脁	新亭渚别范零陵云诗	齊	5	7	茂陵将见求	去平?去平	ZP?ZP	去/平/平去/去/平
7b5879332769d0d37ec0ae78fcda9ef8	谢脁	新亭渚别范零陵云诗	齊	5	8	心事俱已矣	平去平上上	PZPZZ	平/去/平/上去/上
7b5879332769d0d37ec0ae78fcda9ef8	谢脁	新亭渚别范零陵云诗	齊	5	9	江上徒离忧	平?平平平	PZP??	平/上去/平/平去/平去
7b5879332769d0d3d5ab75d0300c734f	谢脁	冬日晚郡事隙诗	齊	5	0	案牍时闲暇	去入平?去	ZZP?Z	去/入/平/平去/去
7b5879332769d0d3d5ab75d0300c734f	谢脁	冬日晚郡事隙诗	齊	5	1	偶来观卉木	?平??入	ZP?ZZ	上去/平/平去/上去/入
7b5879332769d0d3d5ab75d0300c734f	谢脁	冬日晚郡事隙诗	齊	5	2	飒飒满池荷	入入上平?	ZZZP?	入/入/上/平/平上
7b5879332769d0d3d5ab75d0300c734f	谢脁	冬日晚郡事隙诗	齊	5	3	翛翛荫窗竹	??去?入	??Z?Z	平入/平入/去//入
7b5879332769d0d3d5ab75d0300c734f	谢脁	冬日晚郡事隙诗	齊	5	4	檐隙自周流	平入去平平	PZZPP	平/入/去/平/平
7b5879332769d0d3d5ab75d0300c734f	谢脁	冬日晚郡事隙诗	齊	5	5	房栊闲且肃	平平??入	PP??Z	平/平/平去/平上/入
7b5879332769d0d3d5ab75d0300c734f	谢脁	冬日晚郡事隙诗	齊	5	6	苍翠望寒山	?去?平平	?Z?PP	平上/去/平去/平/平
7b5879332769d0d3d5ab75d0300c734f	谢脁	冬日晚郡事隙诗	齊	5	7	峥嵘瞰平陆	平平去平入	PPZPZ	平/平/去/平/入
7b5879332769d0d3d5ab75d0300c734f	谢脁	冬日晚郡事隙诗	齊	5	8	已惕慕归心	上入去平平	ZZZPP	上去/入/去/平/平
7b5879332769d0d3d5ab75d0300c734f	谢脁	冬日晚郡事隙诗	齊	5	9	复伤千里目	入平平上入	Z?PZZ	去入/平去/平/上/入
7b5879332769d0d3d5ab75d0300c734f	谢脁	冬日晚郡事隙诗	齊	5	10	风霜旦夕甚	平平去入?	?PZZZ	平去/平/去/入/上去
7b5879332769d0d3d5ab75d0300c734f	谢脁	冬日晚郡事隙诗	齊	5	11	蕙草无芬馥	去上平平入	ZZPPZ	去/上/平/平/入
7b5879332769d0d3d5ab75d0300c734f	谢脁	冬日晚郡事隙诗	齊	5	12	云谁美笙簧	平平上平平	PPZPP	平/平/上/平/平
7b5879332769d0d3d5ab75d0300c734f	谢脁	冬日晚郡事隙诗	齊	5	13	孰是厌薖轴	入上?平入	ZZZPZ	入/上/上去入/平/入
7b5879332769d0d3d5ab75d0300c734f	谢脁	冬日晚郡事隙诗	齊	5	14	愿言税逸驾	去平去入去	ZPZZZ	去/平/去/入/去
7b5879332769d0d3d5ab75d0300c734f	谢脁	冬日晚郡事隙诗	齊	5	15	临潭饵秋菊	??去平入	??ZPZ	平去/平上/去/平/入
7b5879332b6ab963f003014923325a7c	丘迟	敬酬柳仆射征怨诗	齊	5	0	清歌自言妍	平平去平平	PPZPP	平/平/去/平/平
7b5879332b6ab963f003014923325a7c	丘迟	敬酬柳仆射征怨诗	齊	5	1	雅舞空仙仙	上上?平平	ZZ?PP	上/上/平去/平/平
7b5879332b6ab963f003014923325a7c	丘迟	敬酬柳仆射征怨诗	齊	5	2	耳中解明月	上??平入	Z?ZPZ	上/平去/上去/平/入
7b5879332b6ab963f003014923325a7c	丘迟	敬酬柳仆射征怨诗	齊	5	3	头上落金钿	平?入平?	PZZP?	平/上去/入/平/平去
7b5879332b6ab963f003014923325a7c	丘迟	敬酬柳仆射征怨诗	齊	5	4	雀飞且近远	入平???	ZP?ZZ	入/平/平上/上去/上去
7b5879332b6ab963f003014923325a7c	丘迟	敬酬柳仆射征怨诗	齊	5	5	暮入绮窗前	去入上?平	ZZZ?P	去/入/上//平
7b5879332b6ab963f003014923325a7c	丘迟	敬酬柳仆射征怨诗	齊	5	6	鱼戏虽南北	平?平平入	P?PPZ	平/平去/平/平/入
7b5879332b6ab963f003014923325a7c	丘迟	敬酬柳仆射征怨诗	齊	5	7	终还荷叶边	平平?入平	PP?ZP	平/平/平上/入/平
7b5879332b6ab963f003014923325a7c	丘迟	敬酬柳仆射征怨诗	齊	5	8	惟见君行久	平去平?上	PZP?Z	平/去/平/平去/上
7b5879332b6ab963f003014923325a7c	丘迟	敬酬柳仆射征怨诗	齊	5	9	新年非故年	平平平去平	PPPZP	平/平/平/去/平
7b5879332cd67e4a18aca63136275cc2	王籍	入若耶溪	梁	5	0	艅艎何泛泛	平平平??	PP???	平/平/平上/平去入/平去入
7b5879332cd67e4a18aca63136275cc2	王籍	入若耶溪	梁	5	1	空水共悠悠	?上?平平	?Z?PP	平去/上/平去/平/平
7b5879332cd67e4a18aca63136275cc2	王籍	入若耶溪	梁	5	2	阴霞生远岫	平平平?去	PP?ZZ	平/平/平去/上去/去
7b5879332cd67e4a18aca63136275cc2	王籍	入若耶溪	梁	5	3	阳景逐回流	平上入平平	PZZ?P	平/上/入/平去/平
7b5879332cd67e4a18aca63136275cc2	王籍	入若耶溪	梁	5	4	蝉噪林逾静	平去平平上	PZPPZ	平/去/平/平/上
7b5879332cd67e4a18aca63136275cc2	王籍	入若耶溪	梁	5	5	鸟鸣山更幽	上平平?平	ZPP?P	上/平/平/平去/平
7b5879332cd67e4a18aca63136275cc2	王籍	入若耶溪	梁	5	6	此地动归念	上去上平去	ZZZPZ	上/去/上/平/去
7b5879332cd67e4a18aca63136275cc2	王籍	入若耶溪	梁	5	7	长年悲倦游	?平平去平	?PPZP	平上去/平/平/去/平
7b5879332cf88b953c9ebabbafd73053	荀昶	拟相逢狭路间	宋	5	0	朝发邯郸邑	平入平平入	PZPPZ	平/入/平/平/入
7b5879332cf88b953c9ebabbafd73053	荀昶	拟相逢狭路间	宋	5	1	暮宿井陉间	去?上平平	ZZZP?	去/去入/上/平/
7b5879332cf88b953c9ebabbafd73053	荀昶	拟相逢狭路间	宋	5	2	井陉一何狭	上平入平入	ZPZ?Z	上/平/入/平上/入
7b5879332cf88b953c9ebabbafd73053	荀昶	拟相逢狭路间	宋	5	3	车马不得旋	平上入入?	PZ?Z?	平/上/平上入/入/平去
7b5879332cf88b953c9ebabbafd73053	荀昶	拟相逢狭路间	宋	5	4	邂逅相逢值	去去平平去	ZZ?PZ	去/去/平去/平/去
7b5879332cf88b953c9ebabbafd73053	荀昶	拟相逢狭路间	宋	5	5	崎岖交一言	平平平入平	PPPZP	平/平/平/入/平
7b5879332cf88b953c9ebabbafd73053	荀昶	拟相逢狭路间	宋	5	6	一言不容多	入平入平平	ZP?PP	入/平/平上入/平/平
7b5879332cf88b953c9ebabbafd73053	荀昶	拟相逢狭路间	宋	5	7	伏轼问君家	?入去平平	ZZZPP	去入/入/去/平/平
7b5879332cf88b953c9ebabbafd73053	荀昶	拟相逢狭路间	宋	5	8	君家诚难知	平平平平平	PPP?P	平/平/平/平去/平
7b5879332cf88b953c9ebabbafd73053	荀昶	拟相逢狭路间	宋	5	9	易知复易博	?平入?入	ZPZZZ	去入/平/去入/去入/入
7b5879332cf88b953c9ebabbafd73053	荀昶	拟相逢狭路间	宋	5	10	南面平原居	平去平平平	PZPPP	平/去/平/平/平
7b5879332cf88b953c9ebabbafd73053	荀昶	拟相逢狭路间	宋	5	11	北趣相如阁	入??平入	ZZ??Z	入/上去/平去/平去/入
7b5879332cf88b953c9ebabbafd73053	荀昶	拟相逢狭路间	宋	5	12	飞楼临名都	平平?平平	PP?PP	平/平/平去/平/平
7b5879332cf88b953c9ebabbafd73053	荀昶	拟相逢狭路间	宋	5	13	通门枕华郭	平平??入	PP??Z	平/平/平上去/平去/入
7b5879332cf88b953c9ebabbafd73053	荀昶	拟相逢狭路间	宋	5	14	入门无所见	入平平上去	ZPPZZ	入/平/平/上/去
7b5879332cf88b953c9ebabbafd73053	荀昶	拟相逢狭路间	宋	5	15	但见双栖鹤	?去平?入	?ZP?Z	平上去/去/平/平去/入
7b5879332cf88b953c9ebabbafd73053	荀昶	拟相逢狭路间	宋	5	16	栖鹤数十双	?入?入平	?ZZZP	平去/入/上去入/入/平
7b5879332cf88b953c9ebabbafd73053	荀昶	拟相逢狭路间	宋	5	17	鸳鸯九相追	平平上?平	PPZ?P	平/平/上/平去/平
7b5879332cf88b953c9ebabbafd73053	荀昶	拟相逢狭路间	宋	5	18	大兄珥金珰	去平去平平	ZPZPP	去/平/去/平/平
7b5879332cf88b953c9ebabbafd73053	荀昶	拟相逢狭路间	宋	5	19	中兄振缨緌	?平?平平	?P?PP	平去/平/平去/平/平
7b5879332cf88b953c9ebabbafd73053	荀昶	拟相逢狭路间	宋	5	20	伏腊一来归	?入入平平	ZZZPP	去入/入/入/平/平
7b5879332cf88b953c9ebabbafd73053	荀昶	拟相逢狭路间	宋	5	21	邻里生光辉	平上平平平	PZ??P	平/上/平去/平去/平
7b5879332cf88b953c9ebabbafd73053	荀昶	拟相逢狭路间	宋	5	22	小弟无所为	上?平上?	ZZPZ?	上/上去/平/上/平去
7b5879332cf88b953c9ebabbafd73053	荀昶	拟相逢狭路间	宋	5	23	斗鸡东陌逵	?平平入平	ZPPZP	上去/平/平/入/平
7b5879332cf88b953c9ebabbafd73053	荀昶	拟相逢狭路间	宋	5	24	大妇织纨绮	去上?平上	ZZZPZ	去/上/去入/平/上
7b5879332cf88b953c9ebabbafd73053	荀昶	拟相逢狭路间	宋	5	25	中妇缝罗衣	?上?平平	?Z?P?	平去/上/平去/平/平去
7b5879332cf88b953c9ebabbafd73053	荀昶	拟相逢狭路间	宋	5	26	小妇无所作	上上平上入	ZZPZZ	上/上/平/上/去入
7b5879332cf88b953c9ebabbafd73053	荀昶	拟相逢狭路间	宋	5	27	挟瑟弄音徽	入入去平平	ZZZPP	入/入/去/平/平
7b5879332cf88b953c9ebabbafd73053	荀昶	拟相逢狭路间	宋	5	28	丈人且却坐	上平?入上	ZP?ZZ	上/平/平上/入/上去
7b5879332cf88b953c9ebabbafd73053	荀昶	拟相逢狭路间	宋	5	29	梁尘将欲飞	平平?入平	PP?ZP	平/平/平去/入/平
7b5879332cf88b95a0003789c8f1bd1e	荀昶	拟青青河边草	宋	5	0	荧荧山上火	平平平?上	PPPZZ	平/平/平/上去/上
7b5879332cf88b95a0003789c8f1bd1e	荀昶	拟青青河边草	宋	5	1	苕苕隔陇左	平平入上?	PPZZZ	平/平/入/上/上去
7b5879332cf88b95a0003789c8f1bd1e	荀昶	拟青青河边草	宋	5	2	陇左不可至	上?入上去	ZZ?ZZ	上/上去/平上入/上/去
7b5879332cf88b95a0003789c8f1bd1e	荀昶	拟青青河边草	宋	5	3	精爽通寤寐	?上平去去	?ZPZZ	平去/上/平/去/去
7b5879332cf88b95a0003789c8f1bd1e	荀昶	拟青青河边草	宋	5	4	寤寐衾裯同	去去平平?	ZZPP?	去/去/平/平/平去
7b5879332cf88b95a0003789c8f1bd1e	荀昶	拟青青河边草	宋	5	5	忽觉在他邦	入??平平	ZZZPP	入/去入/上去/平/平
7b5879332cf88b95a0003789c8f1bd1e	荀昶	拟青青河边草	宋	5	6	他邦各异邑	平平入去入	PPZ?Z	平/平/入/平去/入
7b5879332cf88b95a0003789c8f1bd1e	荀昶	拟青青河边草	宋	5	7	相逐不相及	?入入?入	?Z??Z	平去/入/平上入/平去/入
7b5879332cf88b95a0003789c8f1bd1e	荀昶	拟青青河边草	宋	5	8	迷墟在望烟	平平??平	PPZ??	平/平/上去/平去/平去
7b5879332cf88b95a0003789c8f1bd1e	荀昶	拟青青河边草	宋	5	9	木落知冰坚	入入平平平	ZZPPP	入/入/平/平/平
7b5879332cf88b95a0003789c8f1bd1e	荀昶	拟青青河边草	宋	5	10	升朝各自进	平平入去去	PPZZZ	平/平/入/去/去
7b5879332cf88b95a0003789c8f1bd1e	荀昶	拟青青河边草	宋	5	11	谁肯相攀牵	平上?平?	PZ?P?	平/上/平去/平/平去
7b5879332cf88b95a0003789c8f1bd1e	荀昶	拟青青河边草	宋	5	12	客从北方来	入?入平平	Z?ZPP	入/平去/入/平/平
7b5879332cf88b95a0003789c8f1bd1e	荀昶	拟青青河边草	宋	5	13	贻我端弋绨	平上平入平	PZPZP	平/上/平/入/平
7b5879332cf88b95a0003789c8f1bd1e	荀昶	拟青青河边草	宋	5	14	命仆开弋绨	去?平入平	ZZPZP	去/去入/平/入/平
7b5879332cf88b95a0003789c8f1bd1e	荀昶	拟青青河边草	宋	5	15	中有隐起圭	?上上上平	?ZZZP	平去/上/上去/上/平
7b5879332cf88b95a0003789c8f1bd1e	荀昶	拟青青河边草	宋	5	16	长跪读隐圭	?上入上平	?ZZZP	平上去/上/入/上去/平
7b5879332cf88b95a0003789c8f1bd1e	荀昶	拟青青河边草	宋	5	17	词苦声亦凄	平上平入平	PZPZP	平/上去/平/入/平
7b5879332cf88b95a0003789c8f1bd1e	荀昶	拟青青河边草	宋	5	18	上言各努力	?平入上入	ZPZZZ	上去/平/入/上/入
7b5879332cf88b95a0003789c8f1bd1e	荀昶	拟青青河边草	宋	5	19	下言长相怀	?平??平	ZP??P	上去/平/平上去/平去/平
7b5879332fca073d30eff0db3781afd7	范雲	送别诗	齊	5	0	东风柳线长	平平上去?	P?ZZ?	平/平去/上/去/平上去
7b5879332fca073d30eff0db3781afd7	范雲	送别诗	齊	5	1	送郎上河梁	去平?平平	ZPZPP	去/平/上去/平/平
7b5879332fca073d30eff0db3781afd7	范雲	送别诗	齊	5	2	未尽樽前酒	去上平平上	ZZPPZ	去/上/平/平/上
7b5879332fca073d30eff0db3781afd7	范雲	送别诗	齊	5	3	妾泪已千行	入去上平?	ZZZP?	入/去/上去/平/平去
7b5879332fca073d30eff0db3781afd7	范雲	送别诗	齊	5	4	不愁书难寄	入平平平去	?PP?Z	平上入/平/平/平去/去
7b5879332fca073d30eff0db3781afd7	范雲	送别诗	齊	5	5	但恐鬓将霜	??去?平	?ZZ?P	平上去/上去/去/平去/平
7b5879332fca073d30eff0db3781afd7	范雲	送别诗	齊	5	6	望怀白首约	?平入??	?PZZZ	平去/平/入/上去/去入
7b5879332fca073d30eff0db3781afd7	范雲	送别诗	齊	5	7	江上早归航	平?上平平	PZZPP	平/上去/上/平/平
7b5879332fca073da269eb023551825c	范雲	自君之出矣	齊	5	0	自君之出矣	去平平入上	ZPPZZ	去/平/平/去入/上
7b5879332fca073da269eb023551825c	范雲	自君之出矣	齊	5	1	罗帐咽秋风	平去?平平	PZ?P?	平/去/平去入/平/平去
7b5879332fca073da269eb023551825c	范雲	自君之出矣	齊	5	2	思君如蔓草	?平平?上	?P??Z	平去/平/平去/平去/上
7b5879332fca073da269eb023551825c	范雲	自君之出矣	齊	5	3	连延不可穷	平?入上平	P??ZP	平/平去/平上入/上/平
7b5879332fca073d29b618f9f5fa51a8	范雲	别诗·其一	齊	5	0	洛阳城东西	入平平平平	ZPPPP	入/平/平/平/平
7b5879332fca073d29b618f9f5fa51a8	范雲	别诗·其一	齊	5	1	长作经时别	?入?平入	?Z?PZ	平上去/去入/平去/平/去入
7b5879332fca073d29b618f9f5fa51a8	范雲	别诗·其一	齊	5	2	昔去雪如花	入?入平平	ZZZ?P	入/上去/入/平去/平
7b5879332fca073d29b618f9f5fa51a8	范雲	别诗·其一	齊	5	3	今来花似雪	平平平上入	PPPZZ	平/平/平/上/入
7b5879332fca073d485b844f81f6394f	范雲	别诗·其二	齊	5	0	孤烟起新丰	平平上平平	P?ZPP	平/平去/上/平/平
7b5879332fca073d485b844f81f6394f	范雲	别诗·其二	齊	5	1	候雁出云中	去去入平平	ZZZP?	去/去/去入/平/平去
7b5879332fca073d485b844f81f6394f	范雲	别诗·其二	齊	5	2	草低金城雾	上平平平去	ZPPPZ	上/平/平/平/去
7b5879332fca073d485b844f81f6394f	范雲	别诗·其二	齊	5	3	木下玉门风	入?入平平	ZZZP?	入/上去/入/平/平去
7b5879332fca073d485b844f81f6394f	范雲	别诗·其二	齊	5	4	别君河初满	入平平平上	ZPPPZ	去入/平/平/平/上
7b5879332fca073d485b844f81f6394f	范雲	别诗·其二	齊	5	5	思君月屡空	?平入去?	?PZZ?	平去/平/入/去/平去
7b5879332fca073d485b844f81f6394f	范雲	别诗·其二	齊	5	6	折桂衡山北	?去平平入	?ZPPZ	平入/去/平/平/入
7b5879332fca073d485b844f81f6394f	范雲	别诗·其二	齊	5	7	摘兰沅水东	入平平上平	ZPPZP	入/平/平/上/平
7b5879332fca073d485b844f81f6394f	范雲	别诗·其二	齊	5	8	兰摘心焉寄	平入平平去	PZPPZ	平/入/平/平/去
7b5879332fca073d485b844f81f6394f	范雲	别诗·其二	齊	5	9	桂折意谁通	去?去平平	Z?ZPP	去/平入/去/平/平
7b5879332fca073dc92a595278f786e1	范雲	渡黄河	齊	5	0	河流迅且浊	平平去?入	PPZ?Z	平/平/去/平上/入
7b5879332fca073dc92a595278f786e1	范雲	渡黄河	齊	5	1	汤汤不可陵	??入上平	???ZP	平去/平去/平上入/上/平
7b5879332fca073dc92a595278f786e1	范雲	渡黄河	齊	5	2	桧楫难为榜	?入平??	ZZ???	去入/入/平去/平去/平上去
7b5879332fca073dc92a595278f786e1	范雲	渡黄河	齊	5	3	松舟才自胜	平平?去?	?P?Z?	平去/平/平去/去/平去
7b5879332fca073dc92a595278f786e1	范雲	渡黄河	齊	5	4	空庭偃旧木	平平上去入	?PZZZ	平去/平/上/去/入
7b5879332fca073dc92a595278f786e1	范雲	渡黄河	齊	5	5	荒畴余故塍	?平平去平	?PPZP	平去/平/平/去/平
7b5879332fca073dc92a595278f786e1	范雲	渡黄河	齊	5	6	不睹行人迹	入上?平入	?Z?PZ	平上入/上/平去/平/入
7b5879332fca073dc92a595278f786e1	范雲	渡黄河	齊	5	7	但见狐兔兴	?去平去?	?ZPZ?	平上去/去/平/去/平去
7b5879332fca073dc92a595278f786e1	范雲	渡黄河	齊	5	8	寄言河上老	去平平?上	ZPPZZ	去/平/平/上去/上
7b5879332fca073dc92a595278f786e1	范雲	渡黄河	齊	5	9	此水何当澄	上上平?平	ZZ??P	上/上/平上/平去/平
7b5879332fca073daa8d27ab79cd2b35	范雲	治西湖诗	齊	5	0	史氏导漳水	上?去平上	Z?ZPZ	上/平上/去/平/上
7b5879332fca073daa8d27ab79cd2b35	范雲	治西湖诗	齊	5	1	西门溉河潮	平平去平平	PPZPP	平/平/去/平/平
7b5879332fca073daa8d27ab79cd2b35	范雲	治西湖诗	齊	5	2	图始未能悦	平上去?入	PZZ?Z	平/上/去/平上去/入
7b5879332fca073daa8d27ab79cd2b35	范雲	治西湖诗	齊	5	3	克终良可要	入平平上?	ZPPZ?	入/平/平/上/平去
7b5879332fca073daa8d27ab79cd2b35	范雲	治西湖诗	齊	5	4	拥锸劝年首	上入去平?	ZZZPZ	上/入/去/平/上去
7b5879332fca073daa8d27ab79cd2b35	范雲	治西湖诗	齊	5	5	提爵劳春朝	平入?平平	PZ?PP	平/入/平去/平/平
7b5879332fca073daa8d27ab79cd2b35	范雲	治西湖诗	齊	5	6	平皋草色嫩	平平上入去	PPZZZ	平/平/上/入/去
7b5879332fca073daa8d27ab79cd2b35	范雲	治西湖诗	齊	5	7	通林鸟声娇	平平上平?	PPZP?	平/平/上/平/平上
7b5879332fca073daa8d27ab79cd2b35	范雲	治西湖诗	齊	5	8	已集故池鹜	上入去平?	ZZZPZ	上去/入/去/平/去入
7b5879332fca073daa8d27ab79cd2b35	范雲	治西湖诗	齊	5	9	行莳新田苗	??平平平	??PPP	平去/平去/平/平/平
7b5879332fca073daa8d27ab79cd2b35	范雲	治西湖诗	齊	5	10	何吁畚筑苦	平?上入上	??ZZZ	平上/平去/上/入/上去
7b5879332fca073daa8d27ab79cd2b35	范雲	治西湖诗	齊	5	11	方驩鱼稻饶	平平平上?	PPPZ?	平/平/平/上/平去
7b5879332fca073dceba3e81947baa14	范雲	四色诗四首	齊	5	0	折柳青门外	?上平平去	?ZPPZ	平入/上/平/平/去
7b5879332fca073dceba3e81947baa14	范雲	四色诗四首	齊	5	1	握兰翠疏中	入平去??	ZPZ??	入/平/去/平去/平去
7b5879332fca073dceba3e81947baa14	范雲	四色诗四首	齊	5	2	绿苹骋春日	入平上平入	ZPZPZ	入/平/上/平/入
7b5879332fca073dceba3e81947baa14	范雲	四色诗四首	齊	5	3	碧渚澹时风	入上?平平	ZZ?P?	入/上/平上去/平/平去
7b5879332fca073dceba3e81947baa14	范雲	四色诗四首	齊	5	4	差池朱燕去	?平平??	?PP?Z	平去/平/平/平去/上去
7b5879332fca073dceba3e81947baa14	范雲	四色诗四首	齊	5	5	缤翻赤雁归	平平入去平	PPZZP	平/平/入/去/平
7b5879332fca073dceba3e81947baa14	范雲	四色诗四首	齊	5	6	瀺灂丹鱼聚	上入平平?	ZZPPZ	上/入/平/平/上去
7b5879332fca073dceba3e81947baa14	范雲	四色诗四首	齊	5	7	联翻血鸟飞	?平入上平	?PZZP	/平/入/上/平
7b5879332fca073dceba3e81947baa14	范雲	四色诗四首	齊	5	8	素鳞扬北渚	去平平入上	ZPPZZ	去/平/平/入/上
7b5879332fca073dceba3e81947baa14	范雲	四色诗四首	齊	5	9	白水杜南宛	入上上平?	ZZZP?	入/上/上/平/平上
7b5879332fca073dceba3e81947baa14	范雲	四色诗四首	齊	5	10	献环润玉塞	?平去入?	?PZZZ	平去/平/去/入/去入
7b5879332fca073dceba3e81947baa14	范雲	四色诗四首	齊	5	11	归珠照琼辕	平平去平平	PPZPP	平/平/去/平/平
7b5879332fca073dceba3e81947baa14	范雲	四色诗四首	齊	5	12	乌林叶将霣	平平入?上	PPZ?Z	平/平/入/平去/上
7b5879332fca073dceba3e81947baa14	范雲	四色诗四首	齊	5	13	墨池水就乾	入平上去平	ZPZZP	入/平/上/去/平
7b5879332fca073dceba3e81947baa14	范雲	四色诗四首	齊	5	14	玄豹藏暮雨	平去?去?	PZ?ZZ	平/去/平去/去/上去
7b5879332fca073dceba3e81947baa14	范雲	四色诗四首	齊	5	15	黑豹凌夜寒	入去平去平	ZZPZP	入/去/平/去/平
7b58793331b44ac0151f5524b81b063d	费昶	行路难二首	梁	7	0	倡家少女名桃根	?平?上平平平	?PZZPPP	平去/平/上去/上去/平/平/平
7b58793331b44ac0151f5524b81b063d	费昶	行路难二首	梁	7	1	贫穷夜纺无灯烛	平平去上平平入	PPZZPPZ	平/平/去/上/平/平/入
7b58793331b44ac0151f5524b81b063d	费昶	行路难二首	梁	7	2	何言一朝奉至尊	平平入平上去平	?PZPZZP	平上/平/入/平/上/去/平
7b58793331b44ac0151f5524b81b063d	费昶	行路难二首	梁	7	3	至尊离宫百馀处	去平?平入平?	ZP?PZPZ	去/平/平去/平/入/平/上去
7b58793331b44ac0151f5524b81b063d	费昶	行路难二首	梁	7	4	千门万户不知曙	平平去上入平去	PPZZ?PZ	平/平/去入/上/平上入/平/去
7b58793331b44ac0151f5524b81b063d	费昶	行路难二首	梁	7	5	惟闻哑哑城上乌	平???平?平	P?ZZPZP	平/平去/上去入/上去入/平/上去/平
7b58793331b44ac0151f5524b81b063d	费昶	行路难二首	梁	7	6	玉阑金井牵辘轳	入平平上?入平	ZPPZ?ZP	入/平/平/上/平去/入/平
7b58793331b44ac0151f5524b81b063d	费昶	行路难二首	梁	7	7	丹梁翠柱飞流苏	平平去上平平平	PPZZPPP	平/平/去/上/平/平/平
7b58793331b44ac0151f5524b81b063d	费昶	行路难二首	梁	7	8	香薪桂火炊雕胡	平平去上平平平	PPZZPPP	平/平/去/上/平/平/平
7b58793331b44ac0151f5524b81b063d	费昶	行路难二首	梁	7	9	当年翻覆无常定	?平平?平平去	?PPZPPZ	平去/平/平/去入/平/平/去
7b58793331b44ac0151f5524b81b063d	费昶	行路难二首	梁	7	10	薄命为女何必粗	入去?上平入上	ZZ?Z?ZZ	入/去/平去/上去/平上/入/上
7b58793331b44ac0151f5524b81b063d	费昶	行路难二首	梁	7	11	心中坎壈君不见	平平上上平入去	P?ZZP?Z	平/平去/上/上/平/平上入/去
7b58793331b44ac0151f5524b81b063d	费昶	行路难二首	梁	7	12	我昔初入椒房时	上入平入平平平	ZZPZPPP	上/入/平/入/平/平/平
7b58793331b44ac0151f5524b81b063d	费昶	行路难二首	梁	7	13	讵减班姬与飞燕	?上平平?平?	ZZPP?P?	上去/上/平/平/平上去/平/平去
7b58793331b44ac0151f5524b81b063d	费昶	行路难二首	梁	7	14	朝逾金梯上凤楼	平平平平?去平	PPPPZZP	平/平/平/平/上去/去/平
7b58793331b44ac0151f5524b81b063d	费昶	行路难二首	梁	7	15	暮下琼钩息鸾殿	去?平平入平去	ZZPPZPZ	去/上去/平/平/入/平/去
7b58793331b44ac0151f5524b81b063d	费昶	行路难二首	梁	5	16	柏梁昼夜香	入平去去平	ZPZZP	入/平/去/去/平
7b58793331b44ac0151f5524b81b063d	费昶	行路难二首	梁	5	17	锦帐自飘扬	上去去平平	ZZZPP	上/去/去/平/平
7b58793331b44ac0151f5524b81b063d	费昶	行路难二首	梁	5	18	笙歌枣下曲	平平上?入	PPZZZ	平/平/上/上去/入
7b58793331b44ac0151f5524b81b063d	费昶	行路难二首	梁	5	19	琵琶陌上桑	平平入?平	PPZZP	平/平/入/上去/平
7b58793331b44ac0151f5524b81b063d	费昶	行路难二首	梁	5	20	过蒙恩所赐	??平上去	??PZZ	平去/平上/平/上/去
7b58793331b44ac0151f5524b81b063d	费昶	行路难二首	梁	5	21	馀光曲沾被	平平入??	P?Z?Z	平/平去/入/平去/上去
7b58793331b44ac0151f5524b81b063d	费昶	行路难二首	梁	7	22	既逢阴后不自专	去平平?入去平	ZPPZ?ZP	去/平/平/上去/平上入/去/平
7b58793331b44ac0151f5524b81b063d	费昶	行路难二首	梁	7	23	复值程姬有所避	入去平平上上去	ZZPPZZZ	去入/去/平/平/上/上/去
7b58793331b44ac0151f5524b81b063d	费昶	行路难二首	梁	7	24	黄河千年始一清	平平平平上入平	PPPPZZP	平/平/平/平/上/入/平
7b58793331b44ac0151f5524b81b063d	费昶	行路难二首	梁	7	25	微躯再逢永无议	平平去平上平去	PPZPZPZ	平/平/去/平/上/平/去
7b58793331b44ac0151f5524b81b063d	费昶	行路难二首	梁	7	26	蛾眉偃月徒自妍	?平上入平去平	?PZZPZP	平上/平/上/入/平/去/平
7b58793331b44ac0151f5524b81b063d	费昶	行路难二首	梁	7	27	傅粉施朱欲谁为	去上?平入平?	ZZ?PZP?	去/上/平去/平/入/平/平去
7b58793331b44ac0151f5524b81b063d	费昶	行路难二首	梁	7	28	不如天渊水中鸟	入平平平上平上	??PPZ?Z	平上入/平去/平/平/上/平去/上
7b58793331b44ac0151f5524b81b063d	费昶	行路难二首	梁	7	29	双去双飞长比翅	平?平平??去	PZPP??Z	平/上去/平/平/平上去/平上去入/去
7b587933321d5f3d0f1a054037dfd9a8	谢惠连	捣衣	宋	5	0	衡纪无淹度	平上平??	PZP?Z	平/上/平/平去/去入
7b587933321d5f3d0f1a054037dfd9a8	谢惠连	捣衣	宋	5	1	晷运倏如摧	上去?平平	ZZ??P	上/去//平去/平
7b587933321d5f3d0f1a054037dfd9a8	谢惠连	捣衣	宋	5	2	白露滋园菊	入去平平入	ZZPPZ	入/去/平/平/入
7b587933321d5f3d0f1a054037dfd9a8	谢惠连	捣衣	宋	5	3	秋风落庭槐	平平入平平	P?ZPP	平/平去/入/平/平
7b587933321d5f3d0f1a054037dfd9a8	谢惠连	捣衣	宋	5	4	肃肃莎鸡羽	入入平平上	ZZPPZ	入/入/平/平/上去
7b587933321d5f3d0f1a054037dfd9a8	谢惠连	捣衣	宋	5	5	烈烈寒螀啼	入入平平平	ZZPPP	入/入/平/平/平
7b587933321d5f3d0f1a054037dfd9a8	谢惠连	捣衣	宋	5	6	夕阴结空幕	入平入?入	ZPZ?Z	入/平/入/平去/入
7b587933321d5f3d0f1a054037dfd9a8	谢惠连	捣衣	宋	5	7	宵月皓中闺	平入??平	PZ??P	平/入//平去/平
7b587933321d5f3d0f1a054037dfd9a8	谢惠连	捣衣	宋	5	8	美人戒裳服	上平去平入	ZPZPZ	上/平/去/平/入
7b587933321d5f3d0f1a054037dfd9a8	谢惠连	捣衣	宋	5	9	端饰相招携	平入?平平	PZ?PP	平/入/平去/平/平
7b587933321d5f3d0f1a054037dfd9a8	谢惠连	捣衣	宋	5	10	簪玉出北房	平入入入平	PZZZP	平/入/去入/入/平
7b587933321d5f3d0f1a054037dfd9a8	谢惠连	捣衣	宋	5	11	鸣金步南阶	平平去平平	PPZPP	平/平/去/平/平
7b587933321d5f3d0f1a054037dfd9a8	谢惠连	捣衣	宋	5	12	櫩高砧响发	平平平上入	PPPZZ	平/平/平/上/入
7b587933321d5f3d0f1a054037dfd9a8	谢惠连	捣衣	宋	5	13	楹长杵声哀	平?上平平	P?ZPP	平/平上去/上/平/平
7b587933321d5f3d0f1a054037dfd9a8	谢惠连	捣衣	宋	5	14	微芳起两袖	平平上上去	PPZZZ	平/平/上/上去/去
7b587933321d5f3d0f1a054037dfd9a8	谢惠连	捣衣	宋	5	15	轻汗染双题	???平?	??ZP?	平去/平去/上去/平/平去
7b587933321d5f3d0f1a054037dfd9a8	谢惠连	捣衣	宋	5	16	纨素既已成	平去去上平	PZZZP	平/去/去/上去/平
7b587933321d5f3d0f1a054037dfd9a8	谢惠连	捣衣	宋	5	17	君子行未归	平上?去平	PZ?ZP	平/上/平去/去/平
7b587933321d5f3d0f1a054037dfd9a8	谢惠连	捣衣	宋	5	18	裁用笥中刀	?去去?平	?ZZ?P	平去/去/去/平去/平
7b587933321d5f3d0f1a054037dfd9a8	谢惠连	捣衣	宋	5	19	缝为万里衣	??去上?	??ZZ?	平去/平去/去入/上/平去
7b587933321d5f3d0f1a054037dfd9a8	谢惠连	捣衣	宋	5	20	盈箧自余手	平入去平上	PZZPZ	平/入/去/平/上
7b587933321d5f3d0f1a054037dfd9a8	谢惠连	捣衣	宋	5	21	幽缄俟君开	平平?平平	PP?PP	平/平/平上/平/平
7b587933321d5f3d0f1a054037dfd9a8	谢惠连	捣衣	宋	5	22	腰带准畴昔	平去?平入	PZZPZ	平/去/上入/平/入
7b587933321d5f3d0f1a054037dfd9a8	谢惠连	捣衣	宋	5	23	不知今是非	入平平上平	?PPZP	平上入/平/平/上/平
7b587933321d5f3d7dbae064093c3048	谢惠连	秋怀	宋	5	0	平生无志意	平平平去去	P?PZZ	平/平去/平/去/去
7b587933321d5f3d7dbae064093c3048	谢惠连	秋怀	宋	5	1	少小婴忧患	?上平平去	ZZP?Z	上去/上/平/平去/去
7b587933321d5f3d7dbae064093c3048	谢惠连	秋怀	宋	5	2	如何乘苦心	平平?上平	???ZP	平去/平上/平去/上去/平
7b587933321d5f3d7dbae064093c3048	谢惠连	秋怀	宋	5	3	矧复值秋晏	上入去平去	ZZZPZ	上/去入/去/平/去
7b587933321d5f3d7dbae064093c3048	谢惠连	秋怀	宋	5	4	皎皎天月明	上上平入平	ZZPZP	上/上/平/入/平
7b587933321d5f3d7dbae064093c3048	谢惠连	秋怀	宋	5	5	奕奕河宿烂	入入平?去	ZZPZZ	入/入/平/去入/去
7b587933321d5f3d7dbae064093c3048	谢惠连	秋怀	宋	5	6	萧瑟含风蝉	平入平平平	PZP?P	平/入/平/平去/平
7b587933321d5f3d7dbae064093c3048	谢惠连	秋怀	宋	5	7	寥唳度云雁	???平去	?ZZPZ	平入/去入/去入/平/去
7b587933321d5f3d7dbae064093c3048	谢惠连	秋怀	宋	5	8	寒商动清闺	平平上平平	PPZPP	平/平/上/平/平
7b587933321d5f3d7dbae064093c3048	谢惠连	秋怀	宋	5	9	孤灯暖幽幔	平平上平去	PPZPZ	平/平/上/平/去
7b587933321d5f3d7dbae064093c3048	谢惠连	秋怀	宋	5	10	耿介繁虑积	上去平去入	ZZPZZ	上/去/平/去/去入
7b587933321d5f3d7dbae064093c3048	谢惠连	秋怀	宋	5	11	展转长宵半	上??平去	ZZ?PZ	上/上去/平上去/平/去
7b587933321d5f3d7dbae064093c3048	谢惠连	秋怀	宋	5	12	夷险难预谋	平上平去平	PZ?ZP	平/上/平去/去/平
7b587933321d5f3d7dbae064093c3048	谢惠连	秋怀	宋	5	13	倚伏昧前算	??去平上	ZZZPZ	上去/去入/去/平/上
7b587933321d5f3d7dbae064093c3048	谢惠连	秋怀	宋	5	14	虽好相如达	平??平?	PZ??Z	平/上去/平去/平去/去入
7b587933321d5f3d7dbae064093c3048	谢惠连	秋怀	宋	5	15	不同长卿慢	入??平去	???PZ	平上入/平去/平上去/平/去
7b587933321d5f3d7dbae064093c3048	谢惠连	秋怀	宋	5	16	颇悦郑生偃	?入去平上	?ZZ?Z	平上去/入/去/平去/上
7b587933321d5f3d7dbae064093c3048	谢惠连	秋怀	宋	5	17	无取白衣宦	平上入?去	PZZ?Z	平/上/入/平去/去
7b587933321d5f3d7dbae064093c3048	谢惠连	秋怀	宋	5	18	未知古人心	去平上平平	ZPZPP	去/平/上/平/平
7b587933321d5f3d7dbae064093c3048	谢惠连	秋怀	宋	5	19	且从性所玩	??去上去	??ZZZ	平上/平去/去/上/去
7b587933321d5f3d7dbae064093c3048	谢惠连	秋怀	宋	5	20	宾至可命觞	平去上去平	PZZZP	平/去/上/去/平
7b587933321d5f3d7dbae064093c3048	谢惠连	秋怀	宋	5	21	朋来当染翰	平平???	PP?Z?	平/平/平去/上去/平去
7b587933321d5f3d7dbae064093c3048	谢惠连	秋怀	宋	5	22	高台骤登践	平平去平上	PPZPZ	平/平/去/平/上
7b587933321d5f3d7dbae064093c3048	谢惠连	秋怀	宋	5	23	清浅时陵乱	平?平平去	P?PPZ	平/平上/平/平/去
7b587933321d5f3d7dbae064093c3048	谢惠连	秋怀	宋	5	24	颓魄不再圆	平入入去平	PZ?ZP	平/入/平上入/去/平
7b587933321d5f3d7dbae064093c3048	谢惠连	秋怀	宋	5	25	颂羲无两旦	?平平上去	?PPZZ	平去/平/平/上去/去
7b587933321d5f3d7dbae064093c3048	谢惠连	秋怀	宋	5	26	金石终销毁	平入平平?	PZPPZ	平/入/平/平/上去
7b587933321d5f3d7dbae064093c3048	谢惠连	秋怀	宋	5	27	丹青暂雕焕	平平去平去	PPZPZ	平/平/去/平/去
7b587933321d5f3d7dbae064093c3048	谢惠连	秋怀	宋	5	28	各勉玄发欢	入上平入平	ZZPZP	入/上/平/入/平
7b587933321d5f3d7dbae064093c3048	谢惠连	秋怀	宋	5	29	无贻白首叹	平平入?去	PPZZ?	平/平/入/上去/平去
7b587933321d5f3d7dbae064093c3048	谢惠连	秋怀	宋	5	30	因歌遂成赋	平平去平去	PPZPZ	平/平/去/平/去
7b587933321d5f3d7dbae064093c3048	谢惠连	秋怀	宋	5	31	聊用布亲串	平去去?去	PZZ?Z	平/去/去/平去/去
7b587933321d5f3de3ec0ff943a456f5	谢惠连	西陵遇风献康乐诗五首	宋	5	0	我行指孟春	上?上去平	Z?ZZP	上/平去/上/去/平
7b587933321d5f3de3ec0ff943a456f5	谢惠连	西陵遇风献康乐诗五首	宋	5	1	春仲尚未发	平去?去入	PZ?ZZ	平/去/平去/去/入
7b587933321d5f3de3ec0ff943a456f5	谢惠连	西陵遇风献康乐诗五首	宋	5	2	趣途远有期	?平?上平	ZPZZP	上去/平/上去/上/平
7b587933321d5f3de3ec0ff943a456f5	谢惠连	西陵遇风献康乐诗五首	宋	5	3	念离情无歇	去平平平入	Z?PPZ	去/平去/平/平/入
7b587933321d5f3de3ec0ff943a456f5	谢惠连	西陵遇风献康乐诗五首	宋	5	4	成装候良辰	平?去平平	P?ZPP	平/平去/去/平/平
7b587933321d5f3de3ec0ff943a456f5	谢惠连	西陵遇风献康乐诗五首	宋	5	5	漾舟陶嘉月	去平平平入	ZPPPZ	去/平/平/平/入
7b587933321d5f3de3ec0ff943a456f5	谢惠连	西陵遇风献康乐诗五首	宋	5	6	瞻途意少悰	平平去?平	PPZZP	平/平/去/上去/平
7b587933321d5f3de3ec0ff943a456f5	谢惠连	西陵遇风献康乐诗五首	宋	5	7	还顾情多阙	平去平平入	PZPPZ	平/去/平/平/入
7b587933321d5f3de3ec0ff943a456f5	谢惠连	西陵遇风献康乐诗五首	宋	5	8	哲兄感仳别	入平上?入	ZPZ?Z	入/平/上/平上/去入
7b587933321d5f3de3ec0ff943a456f5	谢惠连	西陵遇风献康乐诗五首	宋	5	9	相送越坰林	?去入平平	?ZZPP	平去/去/入/平/平
7b587933321d5f3de3ec0ff943a456f5	谢惠连	西陵遇风献康乐诗五首	宋	5	10	饮饯野亭馆	??上平去	ZZZPZ	上去/上去/上/平/去
7b587933321d5f3de3ec0ff943a456f5	谢惠连	西陵遇风献康乐诗五首	宋	5	11	分袂澄湖阴	?去平平平	?ZPPP	平去/去/平/平/平
7b587933321d5f3de3ec0ff943a456f5	谢惠连	西陵遇风献康乐诗五首	宋	5	12	凄凄留子言	平平?上平	PP?ZP	平/平/平去/上/平
7b587933321d5f3de3ec0ff943a456f5	谢惠连	西陵遇风献康乐诗五首	宋	5	13	眷眷浮客心	去去平入平	ZZPZP	去/去/平/入/平
7b587933321d5f3de3ec0ff943a456f5	谢惠连	西陵遇风献康乐诗五首	宋	5	14	回塘隐舻栧	平平上平?	?PZP?	平去/平/上去/平/
7b587933321d5f3de3ec0ff943a456f5	谢惠连	西陵遇风献康乐诗五首	宋	5	15	远望绝形音	??入平平	Z?ZPP	上去/平去/入/平/平
7b587933321d5f3de3ec0ff943a456f5	谢惠连	西陵遇风献康乐诗五首	宋	5	16	靡靡即长路	上上入平去	ZZZ?Z	上/上/入/平上去/去
7b587933321d5f3de3ec0ff943a456f5	谢惠连	西陵遇风献康乐诗五首	宋	5	17	戚戚抱遥悲	入入上平平	ZZZPP	入/入/上/平/平
7b587933321d5f3de3ec0ff943a456f5	谢惠连	西陵遇风献康乐诗五首	宋	5	18	悲遥但自弭	平平?去上	PP?ZZ	平/平/平上去/去/上
7b587933321d5f3de3ec0ff943a456f5	谢惠连	西陵遇风献康乐诗五首	宋	5	19	路长当语谁	去???平	Z??ZP	去/平上去/平去/上去/平
7b587933321d5f3de3ec0ff943a456f5	谢惠连	西陵遇风献康乐诗五首	宋	5	20	行行道转远	??上??	??ZZZ	平去/平去/上/上去/上去
7b587933321d5f3de3ec0ff943a456f5	谢惠连	西陵遇风献康乐诗五首	宋	5	21	去去情弥迟	??平平平	ZZP?P	上去/上去/平/平上/平
7b587933321d5f3de3ec0ff943a456f5	谢惠连	西陵遇风献康乐诗五首	宋	5	22	昨发浦阳汭	入入上平去	ZZZPZ	入/入/上/平/去
7b587933321d5f3de3ec0ff943a456f5	谢惠连	西陵遇风献康乐诗五首	宋	5	23	今宿浙江湄	平?入平平	PZZPP	平/去入/入/平/平
7b587933321d5f3de3ec0ff943a456f5	谢惠连	西陵遇风献康乐诗五首	宋	5	24	屯云蔽曾岭	平平去平?	PPZP?	平/平/去/平/平上
7b587933321d5f3de3ec0ff943a456f5	谢惠连	西陵遇风献康乐诗五首	宋	5	25	惊风涌飞流	平平上平平	P?ZPP	平/平去/上/平/平
7b587933321d5f3de3ec0ff943a456f5	谢惠连	西陵遇风献康乐诗五首	宋	5	26	零雨润坟泽	??去?入	?ZZ?Z	平去/上去/去/平上/入
7b587933321d5f3de3ec0ff943a456f5	谢惠连	西陵遇风献康乐诗五首	宋	5	27	落雪洒林丘	入入?平平	ZZZPP	入/入/上去/平/平
7b587933321d5f3de3ec0ff943a456f5	谢惠连	西陵遇风献康乐诗五首	宋	5	28	浮氛晦崖巘	平平去平上	PPZPZ	平/平/去/平/上
7b587933321d5f3de3ec0ff943a456f5	谢惠连	西陵遇风献康乐诗五首	宋	5	29	积素惑原畴	入去入平平	ZZZPP	去入/去/入/平/平
7b587933321d5f3de3ec0ff943a456f5	谢惠连	西陵遇风献康乐诗五首	宋	5	30	曲汜薄停旅	入上入平上	ZZZPZ	入/上/入/平/上
7b587933321d5f3de3ec0ff943a456f5	谢惠连	西陵遇风献康乐诗五首	宋	5	31	通川绝行舟	平平入?平	PPZ?P	平/平/入/平去/平
7b587933321d5f3de3ec0ff943a456f5	谢惠连	西陵遇风献康乐诗五首	宋	5	32	临津不得济	?平入入?	?P?ZZ	平去/平/平上入/入/上去
7b587933321d5f3de3ec0ff943a456f5	谢惠连	西陵遇风献康乐诗五首	宋	5	33	伫楫阻风波	上入?平平	ZZZ?P	上/入/上去/平去/平
7b587933321d5f3de3ec0ff943a456f5	谢惠连	西陵遇风献康乐诗五首	宋	5	34	萧条洲渚际	平平平上去	PPPZZ	平/平/平/上/去
7b587933321d5f3de3ec0ff943a456f5	谢惠连	西陵遇风献康乐诗五首	宋	5	35	气色少谐和	去入?平?	ZZZP?	去/入/上去/平/平去
7b587933321d5f3de3ec0ff943a456f5	谢惠连	西陵遇风献康乐诗五首	宋	5	36	西瞻兴游叹	平平?平去	PP?P?	平/平/平去/平/平去
7b587933321d5f3de3ec0ff943a456f5	谢惠连	西陵遇风献康乐诗五首	宋	5	37	东睇起凄歌	平?上平平	P?ZPP	平/平去/上/平/平
7b587933321d5f3de3ec0ff943a456f5	谢惠连	西陵遇风献康乐诗五首	宋	5	38	积愤成疢痗	入上平去去	ZZPZZ	去入/上/平/去/去
7b587933321d5f3de3ec0ff943a456f5	谢惠连	西陵遇风献康乐诗五首	宋	5	39	无萱将如何	平平?平平	PP???	平/平/平去/平去/平上
7b58793334fd517763faad908127151c	谢庄	怀园引	宋	5	0	鸿飞从万里	?平?去上	?P?ZZ	平上/平/平去/去入/上
7b58793334fd517763faad908127151c	谢庄	怀园引	宋	5	1	飞飞河岱起	平平平去上	PPPZZ	平/平/平/去/上
7b58793334fd517763faad908127151c	谢庄	怀园引	宋	5	2	辛勤越霜雾	平平入平去	PPZPZ	平/平/入/平/去
7b58793334fd517763faad908127151c	谢庄	怀园引	宋	5	3	联翩溯江汜	?平?平上	?P?PZ	/平//平/上
7b58793334fd517763faad908127151c	谢庄	怀园引	宋	7	4	旧山旧海悠且长	去平去上平??	ZPZZP??	去/平/去/上/平/平上/平上去
7b58793334fd517763faad908127151c	谢庄	怀园引	宋	5	5	回首瞻东路	平?平平去	?ZPPZ	平去/上去/平/平/去
7b58793334fd517763faad908127151c	谢庄	怀园引	宋	5	6	延翮向秋方	?入?平平	?ZZPP	平去/入/上去/平/平
7b58793334fd517763faad908127151c	谢庄	怀园引	宋	7	7	楚地萧瑟楚山寒	上去平入上平平	ZZPZZPP	上去/去/平/入/上去/平/平
7b58793334fd517763faad908127151c	谢庄	怀园引	宋	5	8	岁去冰未已	去?平去上	ZZPZZ	去/上去/平/去/上去
7b58793334fd517763faad908127151c	谢庄	怀园引	宋	5	9	春来雁不还	平平去入平	PPZ?P	平/平/去/平上入/平
7b58793334fd517763faad908127151c	谢庄	怀园引	宋	7	10	风肃幌兮露濡庭	平入上平去平平	?ZZPZPP	平去/入/上/平/去/平/平
7b58793334fd517763faad908127151c	谢庄	怀园引	宋	7	11	汉水初绿柳叶青	去上平入上入平	ZZPZZZP	去/上/平/入/上/入/平
7b58793334fd517763faad908127151c	谢庄	怀园引	宋	7	12	朱光蔼蔼云英英	平平去去平平平	P?ZZPPP	平/平去/去/去/平/平/平
7b58793334fd517763faad908127151c	谢庄	怀园引	宋	7	13	离禽喈喈又晨鸣	?平平平去平平	?PPPZPP	平去/平/平/平/去/平/平
7b58793334fd517763faad908127151c	谢庄	怀园引	宋	7	14	菊有秀兮松有蕤	入上去平平上平	ZZZP?ZP	入/上/去/平/平去/上/平
7b58793334fd517763faad908127151c	谢庄	怀园引	宋	7	15	忧来年去容发衰	平平平?平入平	?PPZPZP	平去/平/平/上去/平/入/平
7b58793334fd517763faad908127151c	谢庄	怀园引	宋	7	16	流阴逝景不可追	平平去上入上平	PPZZ?ZP	平/平/去/上/平上入/上/平
7b58793334fd517763faad908127151c	谢庄	怀园引	宋	7	17	临堂危坐怅欲悲	?平平上去入平	?PPZZZP	平去/平/平/上去/去/入/平
7b58793334fd517763faad908127151c	谢庄	怀园引	宋	7	18	轩鸟池鹤恋阶墀	平上平入去平平	PZPZZPP	平/上/平/入/去/平/平
7b58793334fd517763faad908127151c	谢庄	怀园引	宋	7	19	岂忘河渚捐江湄	上去平上平平平	ZZPZPPP	上/去/平/上/平/平/平
7b58793334fd517763faad908127151c	谢庄	怀园引	宋	7	20	试托意兮向芳荪	去入去平?平平	ZZZPZPP	去/入/去/平/上去/平/平
7b58793334fd517763faad908127151c	谢庄	怀园引	宋	7	21	心绵绵兮属荒樊	平平平平入?平	PPPPZ?P	平/平/平/平/入/平去/平
7b58793334fd517763faad908127151c	谢庄	怀园引	宋	7	22	想绿苹兮既冒沼	上入平平去?上	ZZPPZZZ	上/入/平/平/去/去入/上
7b58793334fd517763faad908127151c	谢庄	怀园引	宋	7	23	念幽兰兮已盈园	去平平平上平平	ZPPPZPP	去/平/平/平/上去/平/平
7b58793334fd517763faad908127151c	谢庄	怀园引	宋	5	24	夭桃晨暮发	?平平去入	?PPZZ	平上/平/平/去/入
7b58793334fd517763faad908127151c	谢庄	怀园引	宋	5	25	春莺旦夕喧	平平去入平	PPZZP	平/平/去/入/平
7b58793334fd517763faad908127151c	谢庄	怀园引	宋	5	26	青苔芜石路	平平平入去	PPPZZ	平/平/平/入/去
7b58793334fd517763faad908127151c	谢庄	怀园引	宋	5	27	宿草尘蓬门	?上平平平	ZZPPP	去入/上/平/平/平
7b58793334fd517763faad908127151c	谢庄	怀园引	宋	7	28	江与汉之不可逾	平?去平入上平	P?ZP?ZP	平/平上去/去/平/平上入/上/平
7b58793334fd517763faad908127151c	谢庄	怀园引	宋	5	29	还流兮潺湲	平平平平平	PPPPP	平/平/平/平/平
7b58793334fd517763faad908127151c	谢庄	怀园引	宋	7	30	归烟容裔去不旋	平平平去?入?	P?PZZ??	平/平去/平/去/上去/平上入/平去
7b58793334fd517763faad908127151c	谢庄	怀园引	宋	7	31	汉女悲而歌飞鹄	去上平平平平入	ZZPPPPZ	去/上去/平/平/平/平/入
7b58793334fd517763faad908127151c	谢庄	怀园引	宋	7	32	楚客伤而奏南弦	上入平平去平平	ZZ?PZP?	上去/入/平去/平/去/平/平去
7b58793334fd51776f2681bcbac66383	谢庄	瑞雪咏	宋	7	0	叶中符而掩皇州	入?平平上平平	Z?PPZPP	入/平去/平/平/上/平/平
7b58793334fd51776f2681bcbac66383	谢庄	瑞雪咏	宋	5	1	晰景兮便娟	?上平?平	?ZP?P	/上/平/平去/平
7b58793334fd51776f2681bcbac66383	谢庄	瑞雪咏	宋	7	2	冠集灵兮蔼望仙	?入平平去?平	?ZPPZ?P	平去/入/平/平/去/平去/平
7b58793334fd51776f2681bcbac66383	谢庄	瑞雪咏	宋	7	3	溢迎风兮湛承露	入?平平?平去	Z??P?PZ	入/平去/平去/平/平上/平/去
7b58793334fd51776f2681bcbac66383	谢庄	瑞雪咏	宋	7	4	亘临华兮被通天	去??平?平平	Z??PZPP	去/平去/平去/平/上去/平/平
7b58793334fd51776f2681bcbac66383	谢庄	瑞雪咏	宋	7	5	幂遥途而界远绮	?平平平去?上	?PPPZZZ	/平/平/平/去/上去/上
7b58793334fd51776f2681bcbac66383	谢庄	瑞雪咏	宋	7	6	丽青墀而镜列钱	?平平平去??	?PPPZ??	平去/平/平/平/去/平入/平上
7b58793334fd51776f2681bcbac66383	谢庄	瑞雪咏	宋	5	7	载途演其楙	?平上平去	ZPZPZ	上去/平/上/平/去
7b58793334fd51776f2681bcbac66383	谢庄	瑞雪咏	宋	5	8	同云宣其灵	?平平平平	?PPPP	平去/平/平/平/平
7b58793334fd51776f2681bcbac66383	谢庄	瑞雪咏	宋	5	9	春光兮冬泽	平平平平入	P?PPZ	平/平去/平/平/入
7b587933367d4562becf0a0a5a39eec1	谢灵运	岁暮	宋	5	0	殷忧不能寐	平平入平去	P???Z	平/平去/平上入/平上去/去
7b587933367d4562becf0a0a5a39eec1	谢灵运	岁暮	宋	5	1	苦此夜难颓	上上去平平	ZZZ?P	上去/上/去/平去/平
7b587933367d4562becf0a0a5a39eec1	谢灵运	岁暮	宋	5	2	明月照积雪	平入去入入	PZZZZ	平/入/去/去入/入
7b587933367d4562becf0a0a5a39eec1	谢灵运	岁暮	宋	5	3	朔风劲且哀	入平去?平	Z?Z?P	入/平去/去/平上/平
7b587933367d4562becf0a0a5a39eec1	谢灵运	岁暮	宋	5	4	运往无淹物	去上平?入	ZZP?Z	去/上/平/平去/入
7b587933367d4562becf0a0a5a39eec1	谢灵运	岁暮	宋	5	5	年逝觉已催	平去?上平	PZZZP	平/去/去入/上去/平
7b587933367d4562e5f3477de6ebd692	谢灵运	登池上楼	宋	5	0	潜虬媚幽姿	?平去平平	?PZPP	平去/平/去/平/平
7b587933367d4562e5f3477de6ebd692	谢灵运	登池上楼	宋	5	1	飞鸿响远音	平?上?平	P?ZZP	平/平上/上/上去/平
7b587933367d4562e5f3477de6ebd692	谢灵运	登池上楼	宋	5	2	薄霄愧云浮	入平去平平	ZPZPP	入/平/去/平/平
7b587933367d4562e5f3477de6ebd692	谢灵运	登池上楼	宋	5	3	栖川怍渊沉	?平入平平	?PZPP	平去/平/入/平/平
7b587933367d4562e5f3477de6ebd692	谢灵运	登池上楼	宋	5	4	进德智所拙	去入去上入	ZZZZZ	去/入/去/上/入
7b587933367d4562e5f3477de6ebd692	谢灵运	登池上楼	宋	5	5	退耕力不任	去平入入?	ZPZ??	去/平/入/平上入/平去
7b587933367d4562e5f3477de6ebd692	谢灵运	登池上楼	宋	5	6	狥禄反穷海	?入?平上	?Z?PZ	/入/平上/平/上
7b587933367d4562e5f3477de6ebd692	谢灵运	登池上楼	宋	5	7	卧疴对空林	去?去平平	Z?Z?P	去/平去/去/平去/平
7b587933367d4562e5f3477de6ebd692	谢灵运	登池上楼	宋	5	8	衾枕昧节候	平?去入去	P?ZZZ	平/平上去/去/入/去
7b587933367d4562e5f3477de6ebd692	谢灵运	登池上楼	宋	5	9	褰开暂窥临	平平去平?	PPZP?	平/平/去/平/平去
7b587933367d4562e5f3477de6ebd692	谢灵运	登池上楼	宋	5	10	倾耳聆波澜	平上平平?	PZPP?	平/上/平/平/平去
7b587933367d4562e5f3477de6ebd692	谢灵运	登池上楼	宋	5	11	举目眺岖嵚	上入去平平	ZZZPP	上/入/去/平/平
7b587933367d4562e5f3477de6ebd692	谢灵运	登池上楼	宋	5	12	初景革绪风	平上入上平	PZZZ?	平/上/入/上/平去
7b587933367d4562e5f3477de6ebd692	谢灵运	登池上楼	宋	5	13	新阳改故阴	平平上去平	PPZZP	平/平/上/去/平
7b587933367d4562e5f3477de6ebd692	谢灵运	登池上楼	宋	5	14	池塘生春草	平平平平上	PP?PZ	平/平/平去/平/上
7b587933367d4562e5f3477de6ebd692	谢灵运	登池上楼	宋	5	15	园柳变鸣禽	平上去平平	PZZPP	平/上/去/平/平
7b587933367d4562e5f3477de6ebd692	谢灵运	登池上楼	宋	5	16	祁祁伤豳歌	??平平平	???PP	平上/平上/平去/平/平
7b587933367d4562e5f3477de6ebd692	谢灵运	登池上楼	宋	5	17	萋萋感楚吟	平平上上?	PPZZ?	平/平/上/上去/平去
7b587933367d4562e5f3477de6ebd692	谢灵运	登池上楼	宋	5	18	索居易永久	入平?上上	ZPZZZ	入/平/去入/上/上
7b587933367d4562e5f3477de6ebd692	谢灵运	登池上楼	宋	5	19	离群难处心	?平平?平	?P?ZP	平去/平/平去/上去/平
7b587933367d4562e5f3477de6ebd692	谢灵运	登池上楼	宋	5	20	持操岂独古	平?上入上	P?ZZZ	平/平去/上/入/上
7b587933367d4562e5f3477de6ebd692	谢灵运	登池上楼	宋	5	21	无闷征在今	平去??平	PZ?ZP	平/去/平上/上去/平
7b587933367d45624c547cf8c58dbd61	谢灵运	游赤石进帆海	宋	5	0	首夏犹清和	??平平?	ZZ?P?	上去/上去/平去/平/平去
7b587933367d45624c547cf8c58dbd61	谢灵运	游赤石进帆海	宋	5	1	芳草亦未歇	平上入去入	PZZZZ	平/上/入/去/入
7b587933367d45624c547cf8c58dbd61	谢灵运	游赤石进帆海	宋	5	2	水宿淹晨暮	上??平去	ZZ?PZ	上/去入/平去/平/去
7b587933367d45624c547cf8c58dbd61	谢灵运	游赤石进帆海	宋	5	3	阴霞屡兴没	平平去?入	PPZ?Z	平/平/去/平去/入
7b587933367d45624c547cf8c58dbd61	谢灵运	游赤石进帆海	宋	5	4	周览倦瀛壖	平上去平?	PZZP?	平/上/去/平/
7b587933367d45624c547cf8c58dbd61	谢灵运	游赤石进帆海	宋	5	5	况乃陵穷发	去上平平入	ZZPPZ	去/上/平/平/入
7b587933367d45624c547cf8c58dbd61	谢灵运	游赤石进帆海	宋	5	6	川后时安流	平?平平平	PZPPP	平/上去/平/平/平
7b587933367d45624c547cf8c58dbd61	谢灵运	游赤石进帆海	宋	5	7	天吴静不发	平平上入入	PPZ?Z	平/平/上/平上入/入
7b587933367d45624c547cf8c58dbd61	谢灵运	游赤石进帆海	宋	5	8	扬帆采石华	平平上入?	P?ZZ?	平/平去/上/入/平去
7b587933367d45624c547cf8c58dbd61	谢灵运	游赤石进帆海	宋	5	9	挂席拾海月	去入入上入	ZZZZZ	去/入/入/上/入
7b587933367d45624c547cf8c58dbd61	谢灵运	游赤石进帆海	宋	5	10	溟涨无端倪	??平平平	??PPP	平上/平去/平/平/平
7b587933367d45624c547cf8c58dbd61	谢灵运	游赤石进帆海	宋	5	11	虚舟有超越	平平上平入	PPZPZ	平/平/上/平/入
7b587933367d45624c547cf8c58dbd61	谢灵运	游赤石进帆海	宋	5	12	仲连轻齐组	去平??上	ZP??Z	去/平/平去/平去/上
7b587933367d45624c547cf8c58dbd61	谢灵运	游赤石进帆海	宋	5	13	子牟眷魏阙	上平去去入	ZPZZZ	上/平/去/去/入
7b587933367d45624c547cf8c58dbd61	谢灵运	游赤石进帆海	宋	5	14	矜名道不足	平平上入入	PPZ?Z	平/平/上/平上入/去入
7b587933367d45624c547cf8c58dbd61	谢灵运	游赤石进帆海	宋	5	15	适己物可忽	入上入上入	ZZZZZ	入/上/入/上/入
7b587933367d45624c547cf8c58dbd61	谢灵运	游赤石进帆海	宋	5	16	请附任公言	?去?平平	?Z?PP	平上去/去/平去/平/平
7b587933367d45624c547cf8c58dbd61	谢灵运	游赤石进帆海	宋	5	17	终然谢天伐	平平去平入	PPZPZ	平/平/去/平/入
7b587933367d456235ae3ab49c70e824	谢灵运	过始宁墅	宋	5	0	束发怀耿介	入入平上去	ZZPZZ	入/入/平/上/去
7b587933367d456235ae3ab49c70e824	谢灵运	过始宁墅	宋	5	1	逐物遂推迁	入入去平平	ZZZPP	入/入/去/平/平
7b587933367d456235ae3ab49c70e824	谢灵运	过始宁墅	宋	5	2	违志似如昨	平去上平入	PZZ?Z	平/去/上/平去/入
7b587933367d456235ae3ab49c70e824	谢灵运	过始宁墅	宋	5	3	二纪及兹年	去上入平平	ZZZPP	去/上/入/平/平
7b587933367d456235ae3ab49c70e824	谢灵运	过始宁墅	宋	5	4	淄磷谢清旷	平?去平去	P?ZPZ	平/平去/去/平/去
7b587933367d456235ae3ab49c70e824	谢灵运	过始宁墅	宋	5	5	疲苶惭贞坚	平入平平平	PZPPP	平/入/平/平/平
7b587933367d456235ae3ab49c70e824	谢灵运	过始宁墅	宋	5	6	拙疾相倚薄	入入??入	ZZ?ZZ	入/入/平去/上去/入
7b587933367d456235ae3ab49c70e824	谢灵运	过始宁墅	宋	5	7	还得静者便	平入上上?	PZZZ?	平/入/上/上/平去
7b587933367d456235ae3ab49c70e824	谢灵运	过始宁墅	宋	5	8	剖竹守沧海	上入?平上	ZZZPZ	上/入/上去/平/上
7b587933367d456235ae3ab49c70e824	谢灵运	过始宁墅	宋	5	9	枉帆过旧山	上平?去平	Z??ZP	上/平去/平去/去/平
7b587933367d456235ae3ab49c70e824	谢灵运	过始宁墅	宋	5	10	山行穷登顿	平?平平去	P?PPZ	平/平去/平/平/去
7b587933367d456235ae3ab49c70e824	谢灵运	过始宁墅	宋	5	11	水涉尽洄㳂	上入上平平	ZZZPP	上/入/上/平/平
7b587933367d456235ae3ab49c70e824	谢灵运	过始宁墅	宋	5	12	岩峭岭稠叠	平去?平入	PZ?PZ	平/去/平上/平/入
7b587933367d456235ae3ab49c70e824	谢灵运	过始宁墅	宋	5	13	洲萦渚连绵	平平上平平	PPZPP	平/平/上/平/平
7b587933367d456235ae3ab49c70e824	谢灵运	过始宁墅	宋	5	14	白云抱幽石	入平上平入	ZPZPZ	入/平/上/平/入
7b587933367d456235ae3ab49c70e824	谢灵运	过始宁墅	宋	5	15	绿筱媚清涟	入上去平平	ZZZPP	入/上/去/平/平
7b587933367d456235ae3ab49c70e824	谢灵运	过始宁墅	宋	5	16	葺宇临回江	入上?平平	ZZ??P	入/上/平去/平去/平
7b587933367d456235ae3ab49c70e824	谢灵运	过始宁墅	宋	5	17	筑观基曾巅	入?平平平	Z?PPP	入/平去/平/平/平
7b587933367d456235ae3ab49c70e824	谢灵运	过始宁墅	宋	5	18	挥手告乡曲	平上?平入	PZZPZ	平/上/去入/平/入
7b587933367d456235ae3ab49c70e824	谢灵运	过始宁墅	宋	5	19	三载期归旋	平?平平?	?ZPP?	平去/上去/平/平/平去
7b587933367d456235ae3ab49c70e824	谢灵运	过始宁墅	宋	5	20	且为树枌槚	???平上	??ZPZ	平上/平去/上去/平/上
7b587933367d456235ae3ab49c70e824	谢灵运	过始宁墅	宋	5	21	无令孤愿言	平?平去平	P?PZP	平/平去/平/去/平
7b587933367d4562a29f0fbe036aef35	谢灵运	石壁精舍还湖中作	宋	5	0	昏旦变气候	平去去去去	PZZZZ	平/去/去/去/去
7b587933367d4562a29f0fbe036aef35	谢灵运	石壁精舍还湖中作	宋	5	1	山水含清晖	平上平平平	PZPPP	平/上/平/平/平
7b587933367d4562a29f0fbe036aef35	谢灵运	石壁精舍还湖中作	宋	5	2	清晖能娱人	平平??平	PP??P	平/平/平上去/平去/平
7b587933367d4562a29f0fbe036aef35	谢灵运	石壁精舍还湖中作	宋	5	3	游子憺忘归	平上?去平	PZZZP	平/上/上去/去/平
7b587933367d4562a29f0fbe036aef35	谢灵运	石壁精舍还湖中作	宋	5	4	出谷日尚早	入入入?上	ZZZ?Z	去入/入/入/平去/上
7b587933367d4562a29f0fbe036aef35	谢灵运	石壁精舍还湖中作	宋	5	5	入舟阳已微	入平平上平	ZPPZP	入/平/平/上去/平
7b587933367d4562a29f0fbe036aef35	谢灵运	石壁精舍还湖中作	宋	5	6	林壑敛暝色	平入??入	PZZ?Z	平/入/上去/平去/入
7b587933367d4562a29f0fbe036aef35	谢灵运	石壁精舍还湖中作	宋	5	7	云霞收夕霏	平平?入平	PP?ZP	平/平/平去/入/平
7b587933367d4562a29f0fbe036aef35	谢灵运	石壁精舍还湖中作	宋	5	8	芰荷迭映蔚	去?入去?	Z?ZZZ	去/平上/入/上去/去入
7b587933367d4562a29f0fbe036aef35	谢灵运	石壁精舍还湖中作	宋	5	9	蒲稗相因依	平去?平平	PZ?PP	平/去/平去/平/平
7b587933367d4562a29f0fbe036aef35	谢灵运	石壁精舍还湖中作	宋	5	10	披拂趋南径	?入平平去	?ZPPZ	平上/入/平/平/去
7b587933367d4562a29f0fbe036aef35	谢灵运	石壁精舍还湖中作	宋	5	11	愉悦偃东扉	平入上平平	PZZPP	平/入/上/平/平
7b587933367d4562a29f0fbe036aef35	谢灵运	石壁精舍还湖中作	宋	5	12	虑澹物自轻	去?入去?	Z?ZZ?	去/平上去/入/去/平去
7b587933367d4562a29f0fbe036aef35	谢灵运	石壁精舍还湖中作	宋	5	13	意惬理无违	去入上平平	ZZZPP	去/入/上/平/平
7b587933367d4562a29f0fbe036aef35	谢灵运	石壁精舍还湖中作	宋	5	14	寄言摄生客	去平入平入	ZPZ?Z	去/平/入/平去/入
7b587933367d4562a29f0fbe036aef35	谢灵运	石壁精舍还湖中作	宋	5	15	试用此道推	去去上上平	ZZZZP	去/去/上/上/平
7b587933367d4562bf7d2667cc905018	谢灵运	石门新营所住四面高山回溪石濑茂林修竹诗	宋	5	0	跻险筑幽居	?上入平平	?ZZPP	平去/上/入/平/平
7b587933367d4562bf7d2667cc905018	谢灵运	石门新营所住四面高山回溪石濑茂林修竹诗	宋	5	1	披云卧石门	?平去入平	?PZZP	平上/平/去/入/平
7b587933367d4562bf7d2667cc905018	谢灵运	石门新营所住四面高山回溪石濑茂林修竹诗	宋	5	2	苔滑谁能步	平入平?去	PZP?Z	平/入/平/平上去/去
7b587933367d4562bf7d2667cc905018	谢灵运	石门新营所住四面高山回溪石濑茂林修竹诗	宋	5	3	葛弱岂可扪	入入上上平	ZZZZP	入/入/上/上/平
7b587933367d4562bf7d2667cc905018	谢灵运	石门新营所住四面高山回溪石濑茂林修竹诗	宋	5	4	袅袅秋风过	上上平平?	ZZP??	上/上/平/平去/平去
7b587933367d4562bf7d2667cc905018	谢灵运	石门新营所住四面高山回溪石濑茂林修竹诗	宋	5	5	萋萋春草繁	平平平上平	PPPZP	平/平/平/上/平
7b587933367d4562bf7d2667cc905018	谢灵运	石门新营所住四面高山回溪石濑茂林修竹诗	宋	5	6	美人游不还	上平平入平	ZPP?P	上/平/平/平上入/平
7b587933367d4562bf7d2667cc905018	谢灵运	石门新营所住四面高山回溪石濑茂林修竹诗	宋	5	7	佳期何由敦	平平平平?	PP?P?	平/平/平上/平/平去
7b587933367d4562bf7d2667cc905018	谢灵运	石门新营所住四面高山回溪石濑茂林修竹诗	宋	5	8	芳尘凝瑶席	平平?平入	PP?PZ	平/平/平去/平/入
7b587933367d4562bf7d2667cc905018	谢灵运	石门新营所住四面高山回溪石濑茂林修竹诗	宋	5	9	清醑满金樽	平上上平平	PZZPP	平/上/上/平/平
7b587933367d4562bf7d2667cc905018	谢灵运	石门新营所住四面高山回溪石濑茂林修竹诗	宋	5	10	洞庭空波澜	?平?平?	?P?P?	平去/平/平去/平/平去
7b587933367d4562bf7d2667cc905018	谢灵运	石门新营所住四面高山回溪石濑茂林修竹诗	宋	5	11	桂枝徒攀翻	去平平平平	ZPPPP	去/平/平/平/平
7b587933367d4562bf7d2667cc905018	谢灵运	石门新营所住四面高山回溪石濑茂林修竹诗	宋	5	12	结念属霄汉	入去入平去	ZZZPZ	入/去/入/平/去
7b587933367d4562bf7d2667cc905018	谢灵运	石门新营所住四面高山回溪石濑茂林修竹诗	宋	5	13	孤景莫与谖	平上入??	PZZ??	平/上/入/平上去/平上
7b587933367d4562bf7d2667cc905018	谢灵运	石门新营所住四面高山回溪石濑茂林修竹诗	宋	5	14	俯濯石下潭	上?入??	ZZZZ?	上/去入/入/上去/平上
7b587933367d4562bf7d2667cc905018	谢灵运	石门新营所住四面高山回溪石濑茂林修竹诗	宋	5	15	俯看条上猿	上?平?平	Z?PZP	上/平去/平/上去/平
7b587933367d4562bf7d2667cc905018	谢灵运	石门新营所住四面高山回溪石濑茂林修竹诗	宋	5	16	早闻夕飚急	上?入?入	Z?Z?Z	上/平去/入//入
7b587933367d4562bf7d2667cc905018	谢灵运	石门新营所住四面高山回溪石濑茂林修竹诗	宋	5	17	晚见朝日暾	上去平入平	ZZPZP	上/去/平/入/平
7b587933367d4562bf7d2667cc905018	谢灵运	石门新营所住四面高山回溪石濑茂林修竹诗	宋	5	18	崖倾光难留	平平平平?	PP???	平/平/平去/平去/平去
7b587933367d4562bf7d2667cc905018	谢灵运	石门新营所住四面高山回溪石濑茂林修竹诗	宋	5	19	林深响易奔	平平上??	P?ZZ?	平/平去/上/去入/平去
7b587933367d4562bf7d2667cc905018	谢灵运	石门新营所住四面高山回溪石濑茂林修竹诗	宋	5	20	感往虑有复	上上去上入	ZZZZZ	上/上/去/上/去入
7b587933367d4562bf7d2667cc905018	谢灵运	石门新营所住四面高山回溪石濑茂林修竹诗	宋	5	21	理来情无存	上平平平平	ZPPPP	上/平/平/平/平
7b587933367d4562bf7d2667cc905018	谢灵运	石门新营所住四面高山回溪石濑茂林修竹诗	宋	5	22	庶持乘日车	去平?入平	ZP?ZP	去/平/平去/入/平
7b587933367d4562bf7d2667cc905018	谢灵运	石门新营所住四面高山回溪石濑茂林修竹诗	宋	5	23	得以慰营魂	入上去平?	ZZZP?	入/上/去/平/
7b587933367d4562bf7d2667cc905018	谢灵运	石门新营所住四面高山回溪石濑茂林修竹诗	宋	5	24	匪为众人说	上??平?	Z??PZ	上/平去//平/去入
7b587933367d4562bf7d2667cc905018	谢灵运	石门新营所住四面高山回溪石濑茂林修竹诗	宋	5	25	冀与智者论	去?去上?	Z?ZZ?	去/平上去/去/上/平去
7b587933367d4562d458345382f3b4ad	谢灵运	拟魏太子《邺中集》诗八首	宋	5	0	百川赴巨海	入平去上上	ZPZZZ	入/平/去/上/上
7b587933367d4562d458345382f3b4ad	谢灵运	拟魏太子《邺中集》诗八首	宋	5	1	众星环北辰	?平平入平	?PPZP	/平/平/入/平
7b587933367d4562d458345382f3b4ad	谢灵运	拟魏太子《邺中集》诗八首	宋	5	2	照灼烂霄汉	去入去平去	ZZZPZ	去/入/去/平/去
7b587933367d4562d458345382f3b4ad	谢灵运	拟魏太子《邺中集》诗八首	宋	5	3	遥裔起长津	平去上?平	PZZ?P	平/去/上/平上去/平
7b587933367d4562d458345382f3b4ad	谢灵运	拟魏太子《邺中集》诗八首	宋	5	4	天地中横溃	平去??去	PZ??Z	平/去/平去/平去/去
7b587933367d4562d458345382f3b4ad	谢灵运	拟魏太子《邺中集》诗八首	宋	5	5	家王拯生民	平平上平平	P?Z?P	平/平去/上/平去/平
7b587933367d4562d458345382f3b4ad	谢灵运	拟魏太子《邺中集》诗八首	宋	5	6	区宇既涤荡	平上去入?	PZZZ?	平/上/去/入/平上去
7b587933367d4562d458345382f3b4ad	谢灵运	拟魏太子《邺中集》诗八首	宋	5	7	群英必来臻	平平入平平	PPZPP	平/平/入/平/平
7b587933367d4562d458345382f3b4ad	谢灵运	拟魏太子《邺中集》诗八首	宋	5	8	忝此钦贤性	?上平平去	ZZPPZ	上去/上/平/平/去
7b587933367d4562d458345382f3b4ad	谢灵运	拟魏太子《邺中集》诗八首	宋	5	9	由来常怀仁	平平平平平	PPPPP	平/平/平/平/平
7b587933367d4562d458345382f3b4ad	谢灵运	拟魏太子《邺中集》诗八首	宋	5	10	况值众君子	去去?平上	ZZ?PZ	去/去//平/上
7b587933367d4562d458345382f3b4ad	谢灵运	拟魏太子《邺中集》诗八首	宋	5	11	倾心隆日新	平平平入平	PPPZP	平/平/平/入/平
7b587933367d4562d458345382f3b4ad	谢灵运	拟魏太子《邺中集》诗八首	宋	5	12	论物靡浮说	?入上平?	?ZZPZ	平去/入/上/平/去入
7b587933367d4562d458345382f3b4ad	谢灵运	拟魏太子《邺中集》诗八首	宋	5	13	析理实敷陈	入上入平?	ZZZP?	入/上/入/平/平去
7b587933367d4562d458345382f3b4ad	谢灵运	拟魏太子《邺中集》诗八首	宋	5	14	罗缕岂阙辞	平上上入平	PZZZP	平/上/上/入/平
7b587933367d4562d458345382f3b4ad	谢灵运	拟魏太子《邺中集》诗八首	宋	5	15	窈窕究天人	上上去平平	ZZZPP	上/上/去/平/平
7b587933367d4562d458345382f3b4ad	谢灵运	拟魏太子《邺中集》诗八首	宋	5	16	澄觞满金罍	平平上平平	PPZPP	平/平/上/平/平
7b587933367d4562d458345382f3b4ad	谢灵运	拟魏太子《邺中集》诗八首	宋	5	17	连榻设华茵	平入入?平	PZZ?P	平/入/入/平去/平
7b587933367d4562d458345382f3b4ad	谢灵运	拟魏太子《邺中集》诗八首	宋	5	18	急弦动飞听	入平上平?	Z?ZP?	入/平去/上/平/平上去
7b587933367d4562d458345382f3b4ad	谢灵运	拟魏太子《邺中集》诗八首	宋	5	19	清歌拂梁尘	平平入平平	PPZPP	平/平/入/平/平
7b587933367d4562d458345382f3b4ad	谢灵运	拟魏太子《邺中集》诗八首	宋	5	20	莫言相遇易	入平?去?	ZP?ZZ	入/平/平去/去/去入
7b587933367d4562d458345382f3b4ad	谢灵运	拟魏太子《邺中集》诗八首	宋	5	21	此欢信可珍	上平去上平	ZPZZP	上/平/去/上/平
7b587933367d4562d458345382f3b4ad	谢灵运	拟魏太子《邺中集》诗八首	宋	5	22	幽厉昔崩乱	平去入平去	PZZPZ	平/去/入/平/去
7b587933367d4562d458345382f3b4ad	谢灵运	拟魏太子《邺中集》诗八首	宋	5	23	桓灵今板荡	平平平上?	PPPZ?	平/平/平/上/平上去
7b587933367d4562d458345382f3b4ad	谢灵运	拟魏太子《邺中集》诗八首	宋	5	24	伊洛既燎烟	平入去?平	PZZ??	平/入/去/平上去/平去
7b587933367d4562d458345382f3b4ad	谢灵运	拟魏太子《邺中集》诗八首	宋	5	25	函崤没无象	平平入平上	PPZPZ	平/平/入/平/上
7b587933367d4562d458345382f3b4ad	谢灵运	拟魏太子《邺中集》诗八首	宋	5	26	整装辞秦川	上?平平平	Z?PPP	上/平去/平/平/平
7b587933367d4562d458345382f3b4ad	谢灵运	拟魏太子《邺中集》诗八首	宋	5	27	秣马赴楚壤	入上去上上	ZZZZZ	入/上/去/上去/上
7b587933367d4562d458345382f3b4ad	谢灵运	拟魏太子《邺中集》诗八首	宋	5	28	沮漳自可美	?平去上上	?PZZZ	平上去/平/去/上/上
7b587933367d4562d458345382f3b4ad	谢灵运	拟魏太子《邺中集》诗八首	宋	5	29	客心非外奖	入平平去上	ZPPZZ	入/平/平/去/上
7b587933367d4562d458345382f3b4ad	谢灵运	拟魏太子《邺中集》诗八首	宋	5	30	常叹诗人言	平去平平平	P?PPP	平/平去/平/平/平
7b587933367d4562d458345382f3b4ad	谢灵运	拟魏太子《邺中集》诗八首	宋	5	31	式微何由往	入平平平上	ZP?PZ	入/平/平上/平/上
7b587933367d4562d458345382f3b4ad	谢灵运	拟魏太子《邺中集》诗八首	宋	5	32	上宰奉皇灵	?上上平平	ZZZPP	上去/上/上/平/平
7b587933367d4562d458345382f3b4ad	谢灵运	拟魏太子《邺中集》诗八首	宋	5	33	侯伯咸宗长	平入平平?	PZPP?	平/入/平/平/平上去
7b587933367d4562d458345382f3b4ad	谢灵运	拟魏太子《邺中集》诗八首	宋	5	34	云骑乱汉南	平?去去平	P?ZZP	平/平去/去/去/平
7b587933367d4562d458345382f3b4ad	谢灵运	拟魏太子《邺中集》诗八首	宋	5	35	宛郢皆扫荡	?上平??	?ZPZ?	平上/上/平/上去/平上去
7b587933367d4562d458345382f3b4ad	谢灵运	拟魏太子《邺中集》诗八首	宋	5	36	排雾属盛明	平去入?平	PZZ?P	平/去/入/平去/平
7b587933367d4562d458345382f3b4ad	谢灵运	拟魏太子《邺中集》诗八首	宋	5	37	披云对清朗	?平去平上	?PZPZ	平上/平/去/平/上
7b587933367d4562d458345382f3b4ad	谢灵运	拟魏太子《邺中集》诗八首	宋	5	38	庆泰欲重叠	去去入?入	ZZZ?Z	去/去/入/平上去/入
7b587933367d4562d458345382f3b4ad	谢灵运	拟魏太子《邺中集》诗八首	宋	5	39	公子特先赏	平上入?上	PZZ?Z	平/上/入/平去/上
7b587933367d4562d458345382f3b4ad	谢灵运	拟魏太子《邺中集》诗八首	宋	5	40	不谓息肩愿	入去入平去	?ZZPZ	平上入/去/入/平/去
7b587933367d4562d458345382f3b4ad	谢灵运	拟魏太子《邺中集》诗八首	宋	5	41	一旦值明两	入去去平上	ZZZPZ	入/去/去/平/上去
7b587933367d4562d458345382f3b4ad	谢灵运	拟魏太子《邺中集》诗八首	宋	5	42	并载游邺京	??平入平	?ZPZP	平上去/上去/平/入/平
7b587933367d4562d458345382f3b4ad	谢灵运	拟魏太子《邺中集》诗八首	宋	5	43	方舟泛河广	平平?平上	PP?PZ	平/平/平去入/平/上
7b587933367d4562d458345382f3b4ad	谢灵运	拟魏太子《邺中集》诗八首	宋	5	44	绸缪清燕娱	平?平??	P?P??	平/平去入/平/平去/平去
7b587933367d4562d458345382f3b4ad	谢灵运	拟魏太子《邺中集》诗八首	宋	5	45	寂寥梁栋响	入?平去上	Z?PZZ	入/平入/平/去/上
7b587933367d4562d458345382f3b4ad	谢灵运	拟魏太子《邺中集》诗八首	宋	5	46	既作长夜饮	去入平去?	ZZ?ZZ	去/去入/平上去/去/上去
7b587933367d4562d458345382f3b4ad	谢灵运	拟魏太子《邺中集》诗八首	宋	5	47	岂顾乘日养	上去?入?	ZZ?ZZ	上/去/平去/入/上去
7b587933367d4562d458345382f3b4ad	谢灵运	拟魏太子《邺中集》诗八首	宋	5	48	皇汉逢迍邅	平去平平?	PZPP?	平/去/平/平/平上去
7b587933367d4562d458345382f3b4ad	谢灵运	拟魏太子《邺中集》诗八首	宋	5	49	天下遭氛慝	平?平平入	PZPPZ	平/上去/平/平/入
7b587933367d4562d458345382f3b4ad	谢灵运	拟魏太子《邺中集》诗八首	宋	5	50	董氏沦关西	上?平平平	Z?PPP	上/平上/平/平/平
7b587933367d4562d458345382f3b4ad	谢灵运	拟魏太子《邺中集》诗八首	宋	5	51	袁家拥河北	平平上平入	PPZPZ	平/平/上/平/入
7b587933367d4562d458345382f3b4ad	谢灵运	拟魏太子《邺中集》诗八首	宋	5	52	单民易周章	?平?平平	?PZPP	平上去/平/去入/平/平
7b587933367d4562d458345382f3b4ad	谢灵运	拟魏太子《邺中集》诗八首	宋	5	53	窘身就羁勒	上平去平入	ZPZPZ	上/平/去/平/入
7b587933367d4562d458345382f3b4ad	谢灵运	拟魏太子《邺中集》诗八首	宋	5	54	岂意事乖己	上去去平上	ZZZPZ	上/去/去/平/上
7b587933367d4562d458345382f3b4ad	谢灵运	拟魏太子《邺中集》诗八首	宋	5	55	永怀恋故国	上平去去入	ZPZZZ	上/平/去/去/入
7b587933367d4562d458345382f3b4ad	谢灵运	拟魏太子《邺中集》诗八首	宋	5	56	相公实勤王	?平入平平	?PZP?	平去/平/入/平/平去
7b587933367d4562d458345382f3b4ad	谢灵运	拟魏太子《邺中集》诗八首	宋	5	57	信能定蝥贼	去?去?入	Z?Z?Z	去/平上去/去/平去/入
7b587933367d4562d458345382f3b4ad	谢灵运	拟魏太子《邺中集》诗八首	宋	5	58	复睹东都辉	入上平平平	ZZPPP	去入/上/平/平/平
7b587933367d4562d458345382f3b4ad	谢灵运	拟魏太子《邺中集》诗八首	宋	5	59	重见汉朝则	?去去平入	?ZZPZ	平上去/去/去/平/入
7b587933367d4562d458345382f3b4ad	谢灵运	拟魏太子《邺中集》诗八首	宋	5	60	馀生幸已多	平平上上平	P?ZZP	平/平去/上/上去/平
7b587933367d4562d458345382f3b4ad	谢灵运	拟魏太子《邺中集》诗八首	宋	5	61	矧乃值明德	上上去平入	ZZZPZ	上/上/去/平/入
7b587933367d4562d458345382f3b4ad	谢灵运	拟魏太子《邺中集》诗八首	宋	5	62	爱客不告疲	去入入?平	ZZ?ZP	去/入/平上入/去入/平
7b587933367d4562d458345382f3b4ad	谢灵运	拟魏太子《邺中集》诗八首	宋	5	63	饮燕遗景刻	???上入	Z??ZZ	上去/平去/平去/上/入
7b587933367d4562d458345382f3b4ad	谢灵运	拟魏太子《邺中集》诗八首	宋	5	64	夜听极星阑	去?入平平	Z?ZPP	去/平上去/入/平/平
7b587933367d4562d458345382f3b4ad	谢灵运	拟魏太子《邺中集》诗八首	宋	5	65	朝游穷曛黑	平平平平入	PPPPZ	平/平/平/平/入
7b587933367d4562d458345382f3b4ad	谢灵运	拟魏太子《邺中集》诗八首	宋	5	66	哀哇动梁埃	平平上平平	PPZPP	平/平/上/平/平
7b587933367d4562d458345382f3b4ad	谢灵运	拟魏太子《邺中集》诗八首	宋	5	67	急觞荡幽默	入平?平入	ZP?PZ	入/平/平上去/平/入
7b587933367d4562d458345382f3b4ad	谢灵运	拟魏太子《邺中集》诗八首	宋	5	68	且尽一日娱	?上入入?	?ZZZ?	平上/上/入/入/平去
7b587933367d4562d458345382f3b4ad	谢灵运	拟魏太子《邺中集》诗八首	宋	5	69	莫知古来惑	入平上平入	ZPZPZ	入/平/上/平/入
7b587933367d4562d458345382f3b4ad	谢灵运	拟魏太子《邺中集》诗八首	宋	5	70	伊昔家临淄	平入平?平	PZP?P	平/入/平/平去/平
7b587933367d4562d458345382f3b4ad	谢灵运	拟魏太子《邺中集》诗八首	宋	5	71	提携弄齐瑟	平平去?入	PPZ?Z	平/平/去/平去/入
7b587933367d4562d458345382f3b4ad	谢灵运	拟魏太子《邺中集》诗八首	宋	5	72	置酒饮胶东	去上??平	ZZZ?P	去/上/上去/平去/平
7b587933367d4562d458345382f3b4ad	谢灵运	拟魏太子《邺中集》诗八首	宋	5	73	淹留憩高密	??去平入	??ZPZ	平去/平去/去/平/入
7b587933367d4562d458345382f3b4ad	谢灵运	拟魏太子《邺中集》诗八首	宋	5	74	此欢谓可终	上平去上平	ZPZZP	上/平/去/上/平
7b587933367d4562d458345382f3b4ad	谢灵运	拟魏太子《邺中集》诗八首	宋	5	75	外物始难毕	去入上平入	ZZZ?Z	去/入/上/平去/入
7b587933367d4562d458345382f3b4ad	谢灵运	拟魏太子《邺中集》诗八首	宋	5	76	摇荡箕濮情	??平入平	??PZP	平去/平上去/平/入/平
7b587933367d4562d458345382f3b4ad	谢灵运	拟魏太子《邺中集》诗八首	宋	5	77	穷年迫忧栗	平平入平入	PPZ?Z	平/平/入/平去/入
7b587933367d4562d458345382f3b4ad	谢灵运	拟魏太子《邺中集》诗八首	宋	5	78	末途幸休明	入平上平平	ZPZPP	入/平/上/平/平
7b587933367d4562d458345382f3b4ad	谢灵运	拟魏太子《邺中集》诗八首	宋	5	79	栖集建薄质	?入去入?	?ZZZZ	平去/入/去/入/去入
7b587933367d4562d458345382f3b4ad	谢灵运	拟魏太子《邺中集》诗八首	宋	5	80	已免负薪苦	上上上平上	ZZZPZ	上去/上/上/平/上去
7b587933367d4562d458345382f3b4ad	谢灵运	拟魏太子《邺中集》诗八首	宋	5	81	仍游椒兰室	平平平平入	PPPPZ	平/平/平/平/入
7b587933367d4562d458345382f3b4ad	谢灵运	拟魏太子《邺中集》诗八首	宋	5	82	清论事究万	平?去去去	P?ZZZ	平/平去/去/去/去入
7b587933367d4562d458345382f3b4ad	谢灵运	拟魏太子《邺中集》诗八首	宋	5	83	美话信非一	上去去平入	ZZZPZ	上/去/去/平/入
7b587933367d4562d458345382f3b4ad	谢灵运	拟魏太子《邺中集》诗八首	宋	5	84	行觞奏悲歌	?平去平平	?PZPP	平去/平/去/平/平
7b587933367d4562d458345382f3b4ad	谢灵运	拟魏太子《邺中集》诗八首	宋	5	85	永夜系白日	上去去入入	ZZZZZ	上/去/去/入/入
7b587933367d4562d458345382f3b4ad	谢灵运	拟魏太子《邺中集》诗八首	宋	5	86	华屋非蓬居	?入平平平	?ZPPP	平去/入/平/平/平
7b587933367d4562d458345382f3b4ad	谢灵运	拟魏太子《邺中集》诗八首	宋	5	87	时髦岂余匹	平平上平入	PPZPZ	平/平/上/平/入
7b587933367d4562d458345382f3b4ad	谢灵运	拟魏太子《邺中集》诗八首	宋	5	88	中饮顾昔心	??去入平	?ZZZP	平去/上去/去/入/平
7b587933367d4562d458345382f3b4ad	谢灵运	拟魏太子《邺中集》诗八首	宋	5	89	怅焉若有失	去平?上入	ZP?ZZ	去/平/平上入/上/入
7b587933367d4562d458345382f3b4ad	谢灵运	拟魏太子《邺中集》诗八首	宋	5	90	贫居晏里闬	平平去上去	PPZZZ	平/平/去/上/去
7b587933367d4562d458345382f3b4ad	谢灵运	拟魏太子《邺中集》诗八首	宋	5	91	少小长东平	?上?平平	ZZ?PP	上去/上/平上去/平/平
7b587933367d4562d458345382f3b4ad	谢灵运	拟魏太子《邺中集》诗八首	宋	5	92	河兖当冲要	平上?平?	PZ?P?	平/上/平去/平/平去
7b587933367d4562d458345382f3b4ad	谢灵运	拟魏太子《邺中集》诗八首	宋	5	93	沦飘薄许京	平平入上平	PPZZP	平/平/入/上/平
7b587933367d4562d458345382f3b4ad	谢灵运	拟魏太子《邺中集》诗八首	宋	5	94	广川无逆流	上平平入平	ZPPZP	上/平/平/入/平
7b587933367d4562d458345382f3b4ad	谢灵运	拟魏太子《邺中集》诗八首	宋	5	95	招纳厕群英	平入去平平	PZZPP	平/入/去/平/平
7b587933367d4562d458345382f3b4ad	谢灵运	拟魏太子《邺中集》诗八首	宋	5	96	北渡黎阳津	入去平平平	ZZPPP	入/去/平/平/平
7b587933367d4562d458345382f3b4ad	谢灵运	拟魏太子《邺中集》诗八首	宋	5	97	南登宛郢城	平平?上平	PP?ZP	平/平/平上/上/平
7b587933367d4562d458345382f3b4ad	谢灵运	拟魏太子《邺中集》诗八首	宋	5	98	既览古今事	去上上平去	ZZZPZ	去/上/上/平/去
7b587933367d4562d458345382f3b4ad	谢灵运	拟魏太子《邺中集》诗八首	宋	5	99	颇识治乱情	???去平	?Z?ZP	平上去/去入/平去/去/平
7b587933367d4562d458345382f3b4ad	谢灵运	拟魏太子《邺中集》诗八首	宋	5	100	欢友相解达	平上???	PZ?ZZ	平/上/平去/上去/去入
7b587933367d4562d458345382f3b4ad	谢灵运	拟魏太子《邺中集》诗八首	宋	5	101	敷奏究平生	平去去平平	PZZP?	平/去/去/平/平去
7b587933367d4562d458345382f3b4ad	谢灵运	拟魏太子《邺中集》诗八首	宋	5	102	矧荷明哲顾	上?平入去	Z?PZZ	上/平上/平/入/去
7b587933367d4562d458345382f3b4ad	谢灵运	拟魏太子《邺中集》诗八首	宋	5	103	知深觉命轻	平平?去?	P?ZZ?	平/平去/去入/去/平去
7b587933367d4562d458345382f3b4ad	谢灵运	拟魏太子《邺中集》诗八首	宋	5	104	朝游牛羊下	平平平平?	PPPPZ	平/平/平/平/上去
7b587933367d4562d458345382f3b4ad	谢灵运	拟魏太子《邺中集》诗八首	宋	5	105	暮坐括揭鸣	去上入?平	ZZZZP	去/上去/入/去入/平
7b587933367d4562d458345382f3b4ad	谢灵运	拟魏太子《邺中集》诗八首	宋	5	106	终岁非一日	平去平入入	PZPZZ	平/去/平/入/入
7b587933367d4562d458345382f3b4ad	谢灵运	拟魏太子《邺中集》诗八首	宋	5	107	传巵弄新声	?平去平平	?PZPP	平去/平/去/平/平
7b587933367d4562d458345382f3b4ad	谢灵运	拟魏太子《邺中集》诗八首	宋	5	108	辰事既难谐	平去去平平	PZZ?P	平/去/去/平去/平
7b587933367d4562d458345382f3b4ad	谢灵运	拟魏太子《邺中集》诗八首	宋	5	109	欢愿如今并	平去平平?	PZ?P?	平/去/平去/平/平上去
7b587933367d4562d458345382f3b4ad	谢灵运	拟魏太子《邺中集》诗八首	宋	5	110	唯羡肃肃翰	??入入?	??ZZ?	平上/平去/入/入/平去
7b587933367d4562d458345382f3b4ad	谢灵运	拟魏太子《邺中集》诗八首	宋	5	111	缤纷戾高冥	平平?平平	PPZPP	平/平/去入/平/平
7b587933367d4562d458345382f3b4ad	谢灵运	拟魏太子《邺中集》诗八首	宋	5	112	嗷嗷云中雁	平平平平去	PPP?Z	平/平/平/平去/去
7b587933367d4562d458345382f3b4ad	谢灵运	拟魏太子《邺中集》诗八首	宋	5	113	举翮自委羽	上入去?上	ZZZ?Z	上/入/去/平上/上去
7b587933367d4562d458345382f3b4ad	谢灵运	拟魏太子《邺中集》诗八首	宋	5	114	求凉弱水湄	平?入上平	P?ZZP	平/平去/入/上/平
7b587933367d4562d458345382f3b4ad	谢灵运	拟魏太子《邺中集》诗八首	宋	5	115	违寒长沙渚	平平?平上	PP??Z	平/平/平上去/平去/上
7b587933367d4562d458345382f3b4ad	谢灵运	拟魏太子《邺中集》诗八首	宋	5	116	顾我梁川时	去上平平平	ZZPPP	去/上/平/平/平
7b587933367d4562d458345382f3b4ad	谢灵运	拟魏太子《邺中集》诗八首	宋	5	117	缓步集颍许	上去入上上	ZZZZZ	上/去/入/上/上
7b587933367d4562d458345382f3b4ad	谢灵运	拟魏太子《邺中集》诗八首	宋	5	118	一旦逢世难	入去平去平	ZZPZ?	入/去/平/去/平去
7b587933367d4562d458345382f3b4ad	谢灵运	拟魏太子《邺中集》诗八首	宋	5	119	沦薄恒羁旅	平入平平上	PZPPZ	平/入/平/平/上
7b587933367d4562d458345382f3b4ad	谢灵运	拟魏太子《邺中集》诗八首	宋	5	120	天下昔未定	平?入去去	PZZZZ	平/上去/入/去/去
7b587933367d4562d458345382f3b4ad	谢灵运	拟魏太子《邺中集》诗八首	宋	5	121	托身早得所	入平上入上	ZPZZZ	入/平/上/入/上
7b587933367d4562d458345382f3b4ad	谢灵运	拟魏太子《邺中集》诗八首	宋	5	122	官渡厕一卒	平去去入入	PZZZZ	平/去/去/入/入
7b587933367d4562d458345382f3b4ad	谢灵运	拟魏太子《邺中集》诗八首	宋	5	123	乌林预艰阻	平平去平?	PPZPZ	平/平/去/平/上去
7b587933367d4562d458345382f3b4ad	谢灵运	拟魏太子《邺中集》诗八首	宋	5	124	晚节值众贤	上入去?平	ZZZ?P	上/入/去//平
7b587933367d4562d458345382f3b4ad	谢灵运	拟魏太子《邺中集》诗八首	宋	5	125	会同庇天宇	去?去平上	Z?ZPZ	去/平去/去/平/上
7b587933367d4562d458345382f3b4ad	谢灵运	拟魏太子《邺中集》诗八首	宋	5	126	列坐荫华榱	?上去?平	?ZZ?P	平入/上去/去/平去/平
7b587933367d4562d458345382f3b4ad	谢灵运	拟魏太子《邺中集》诗八首	宋	5	127	金樽盈清醑	平平平平上	PPPPZ	平/平/平/平/上
7b587933367d4562d458345382f3b4ad	谢灵运	拟魏太子《邺中集》诗八首	宋	5	128	始奏延露曲	上去?去入	ZZ?ZZ	上/去/平去/去/入
7b587933367d4562d458345382f3b4ad	谢灵运	拟魏太子《邺中集》诗八首	宋	5	129	继以阑夕语	去上平入?	ZZPZZ	去/上/平/入/上去
7b587933367d4562d458345382f3b4ad	谢灵运	拟魏太子《邺中集》诗八首	宋	5	130	调笑辄酬答	?去入平入	?ZZPZ	平去/去/入/平/入
7b587933367d4562d458345382f3b4ad	谢灵运	拟魏太子《邺中集》诗八首	宋	5	131	嘲谑无惭沮	平入平平?	PZPP?	平/入/平/平/平上去
7b587933367d4562d458345382f3b4ad	谢灵运	拟魏太子《邺中集》诗八首	宋	5	132	倾躯无遗虑	平平平?去	PPP?Z	平/平/平/平去/去
7b587933367d4562d458345382f3b4ad	谢灵运	拟魏太子《邺中集》诗八首	宋	5	133	在心良已叙	?平平上上	ZPPZZ	上去/平/平/上去/上
7b587933367d4562d458345382f3b4ad	谢灵运	拟魏太子《邺中集》诗八首	宋	5	134	河洲多沙尘	平平平平平	PPP?P	平/平/平/平去/平
7b587933367d4562d458345382f3b4ad	谢灵运	拟魏太子《邺中集》诗八首	宋	5	135	风悲黄云起	平平平平上	?PPPZ	平去/平/平/平/上
7b587933367d4562d458345382f3b4ad	谢灵运	拟魏太子《邺中集》诗八首	宋	5	136	金羁相驰逐	平平?平入	PP?PZ	平/平/平去/平/入
7b587933367d4562d458345382f3b4ad	谢灵运	拟魏太子《邺中集》诗八首	宋	5	137	联翩何穷已	?平平平上	?P?PZ	/平/平上/平/上去
7b587933367d4562d458345382f3b4ad	谢灵运	拟魏太子《邺中集》诗八首	宋	5	138	庆云惠优渥	去平去平入	ZPZPZ	去/平/去/平/入
7b587933367d4562d458345382f3b4ad	谢灵运	拟魏太子《邺中集》诗八首	宋	5	139	微薄攀多士	平入平平上	PZPPZ	平/入/平/平/上
7b587933367d4562d458345382f3b4ad	谢灵运	拟魏太子《邺中集》诗八首	宋	5	140	念昔渤海时	去入入上平	ZZZZP	去/入/入/上/平
7b587933367d4562d458345382f3b4ad	谢灵运	拟魏太子《邺中集》诗八首	宋	5	141	南皮戏清沚	平平?平上	PP?PZ	平/平/平去/平/上
7b587933367d4562d458345382f3b4ad	谢灵运	拟魏太子《邺中集》诗八首	宋	5	142	今复河曲游	平入平入平	PZPZP	平/去入/平/入/平
7b587933367d4562d458345382f3b4ad	谢灵运	拟魏太子《邺中集》诗八首	宋	5	143	鸣葭泛兰汜	平平?平上	PP?PZ	平/平/平去入/平/上
7b587933367d4562d458345382f3b4ad	谢灵运	拟魏太子《邺中集》诗八首	宋	5	144	躧步陵丹梯	上去平平平	ZZPPP	上/去/平/平/平
7b587933367d4562d458345382f3b4ad	谢灵运	拟魏太子《邺中集》诗八首	宋	5	145	并坐侍君子	?上去平上	?ZZPZ	平上去/上去/去/平/上
7b587933367d4562d458345382f3b4ad	谢灵运	拟魏太子《邺中集》诗八首	宋	5	146	妍谈既愉心	平平去平平	PPZPP	平/平/去/平/平
7b587933367d4562d458345382f3b4ad	谢灵运	拟魏太子《邺中集》诗八首	宋	5	147	哀弄信睦耳	平去去入上	PZZZZ	平/去/去/入/上
7b587933367d4562d458345382f3b4ad	谢灵运	拟魏太子《邺中集》诗八首	宋	5	148	倾酤系芳醑	平?去平上	P?ZPZ	平/平上去/去/平/上
7b587933367d4562d458345382f3b4ad	谢灵运	拟魏太子《邺中集》诗八首	宋	5	149	酌言岂终始	入平上平上	ZPZPZ	入/平/上/平/上
7b587933367d4562d458345382f3b4ad	谢灵运	拟魏太子《邺中集》诗八首	宋	5	150	自从食蓱来	去??平平	Z?ZPP	去/平去/去入/平/平
7b587933367d4562d458345382f3b4ad	谢灵运	拟魏太子《邺中集》诗八首	宋	5	151	唯见今日美	?去平入上	?ZPZZ	平上/去/平/入/上
7b587933367d4562d458345382f3b4ad	谢灵运	拟魏太子《邺中集》诗八首	宋	5	152	朝游登凤阁	平平平去入	PPPZZ	平/平/平/去/入
7b587933367d4562d458345382f3b4ad	谢灵运	拟魏太子《邺中集》诗八首	宋	5	153	日暮集华沼	入去入?上	ZZZ?Z	入/去/入/平去/上
7b587933367d4562d458345382f3b4ad	谢灵运	拟魏太子《邺中集》诗八首	宋	5	154	倾柯引弱枝	平平?入平	PPZZP	平/平/上去/入/平
7b587933367d4562d458345382f3b4ad	谢灵运	拟魏太子《邺中集》诗八首	宋	5	155	攀条摘蕙草	平平入去上	PPZZZ	平/平/入/去/上
7b587933367d4562d458345382f3b4ad	谢灵运	拟魏太子《邺中集》诗八首	宋	5	156	徙倚穷骋望	上?平上?	ZZPZ?	上/上去/平/上/平去
7b587933367d4562d458345382f3b4ad	谢灵运	拟魏太子《邺中集》诗八首	宋	5	157	目极尽所讨	入入上上上	ZZZZZ	入/入/上/上/上
7b587933367d4562d458345382f3b4ad	谢灵运	拟魏太子《邺中集》诗八首	宋	5	158	西顾太行山	平去去?平	PZZ?P	平/去/去/平去/平
7b587933367d4562d458345382f3b4ad	谢灵运	拟魏太子《邺中集》诗八首	宋	5	159	北眺邯郸道	入去平平上	ZZPPZ	入/去/平/平/上
7b587933367d4562d458345382f3b4ad	谢灵运	拟魏太子《邺中集》诗八首	宋	5	160	平衢修且直	平平平?入	PPP?Z	平/平/平/平上/入
7b587933367d4562d458345382f3b4ad	谢灵运	拟魏太子《邺中集》诗八首	宋	5	161	白杨信袅袅	入平去上上	ZPZZZ	入/平/去/上/上
7b587933367d4562d458345382f3b4ad	谢灵运	拟魏太子《邺中集》诗八首	宋	5	162	副君命饮宴	?平去??	ZPZZZ	去入/平/去/上去/上去
7b587933367d4562d458345382f3b4ad	谢灵运	拟魏太子《邺中集》诗八首	宋	5	163	欢娱写怀抱	平?上平上	P?ZPZ	平/平去/上/平/上
7b587933367d4562d458345382f3b4ad	谢灵运	拟魏太子《邺中集》诗八首	宋	5	164	良游匪昼夜	平平上去去	PPZZZ	平/平/上/去/去
7b587933367d4562d458345382f3b4ad	谢灵运	拟魏太子《邺中集》诗八首	宋	5	165	岂云晚与早	上平上?上	ZPZ?Z	上/平/上/平上去/上
7b587933367d4562d458345382f3b4ad	谢灵运	拟魏太子《邺中集》诗八首	宋	5	166	众宾悉精妙	?平入?去	?PZ?Z	/平/入/平去/去
7b587933367d4562d458345382f3b4ad	谢灵运	拟魏太子《邺中集》诗八首	宋	5	167	清辞洒兰藻	平平?平上	PPZPZ	平/平/上去/平/上
7b587933367d4562d458345382f3b4ad	谢灵运	拟魏太子《邺中集》诗八首	宋	5	168	哀音下回鹄	平平?平入	PPZ?Z	平/平/上去/平去/入
7b587933367d4562d458345382f3b4ad	谢灵运	拟魏太子《邺中集》诗八首	宋	5	169	余哇彻清昊	平平入平上	PPZPZ	平/平/入/平/上
7b587933367d4562d458345382f3b4ad	谢灵运	拟魏太子《邺中集》诗八首	宋	5	170	中山不知醉	?平入平去	?P?PZ	平去/平/平上入/平/去
7b587933367d4562d458345382f3b4ad	谢灵运	拟魏太子《邺中集》诗八首	宋	5	171	饮德方觉饱	?入平?上	ZZPZZ	上去/入/平/去入/上
7b587933367d4562d458345382f3b4ad	谢灵运	拟魏太子《邺中集》诗八首	宋	5	172	愿以黄发期	去上平入平	ZZPZP	去/上/平/入/平
7b587933367d4562d458345382f3b4ad	谢灵运	拟魏太子《邺中集》诗八首	宋	5	173	养生念将老	?平去?上	Z?Z?Z	上去/平去/去/平去/上
7b587933367d45627ef4dff06ad1708e	谢灵运	长歌行	宋	5	0	倏烁夕星流	?入入平平	?ZZPP	/入/入/平/平
7b587933367d45627ef4dff06ad1708e	谢灵运	长歌行	宋	5	1	昱奕朝露团	入入平去平	ZZPZP	入/入/平/去/平
7b587933367d45627ef4dff06ad1708e	谢灵运	长歌行	宋	5	2	粲粲乌有停	去去平上平	ZZPZP	去/去/平/上/平
7b587933367d45627ef4dff06ad1708e	谢灵运	长歌行	宋	5	3	泫泫岂暂安	上上上去平	ZZZZP	上/上/上/去/平
7b587933367d45627ef4dff06ad1708e	谢灵运	长歌行	宋	5	4	徂龄速飞电	平平入平去	PPZPZ	平/平/入/平/去
7b587933367d45627ef4dff06ad1708e	谢灵运	长歌行	宋	5	5	颓节骛惊湍	平入去平平	PZZPP	平/入/去/平/平
7b587933367d45627ef4dff06ad1708e	谢灵运	长歌行	宋	5	6	览物起悲绪	上入上平上	ZZZPZ	上/入/上/平/上
7b587933367d45627ef4dff06ad1708e	谢灵运	长歌行	宋	5	7	顾已识忧端	去上?平平	ZZZ?P	去/上去/去入/平去/平
7b587933367d45627ef4dff06ad1708e	谢灵运	长歌行	宋	5	8	朽貌改鲜色	上去上?入	ZZZ?Z	上/去/上/平上去/入
7b587933367d45627ef4dff06ad1708e	谢灵运	长歌行	宋	5	9	悴容变柔颜	去平去平平	ZPZPP	去/平/去/平/平
7b587933367d45627ef4dff06ad1708e	谢灵运	长歌行	宋	5	10	变改苟催促	去上上平入	ZZZPZ	去/上/上/平/入
7b587933367d45627ef4dff06ad1708e	谢灵运	长歌行	宋	5	11	容色乌盘桓	平入平平平	PZPPP	平/入/平/平/平
7b587933367d45627ef4dff06ad1708e	谢灵运	长歌行	宋	5	12	亹亹衰期迫	??平平入	??PPZ	平上/平上/平/平/入
7b587933367d45627ef4dff06ad1708e	谢灵运	长歌行	宋	5	13	靡靡壮志阑	上上去去平	ZZZZP	上/上/去/去/平
7b587933367d45627ef4dff06ad1708e	谢灵运	长歌行	宋	5	14	既惭臧孙慨	去平平平去	ZPPPZ	去/平/平/平/去
7b587933367d45627ef4dff06ad1708e	谢灵运	长歌行	宋	5	15	复愧杨子叹	入去平上去	ZZPZ?	去入/去/平/上/平去
7b587933367d45627ef4dff06ad1708e	谢灵运	长歌行	宋	5	16	寸阴果有逝	去平上上去	ZPZZZ	去/平/上/上/去
7b587933367d45627ef4dff06ad1708e	谢灵运	长歌行	宋	5	17	尺素竟无观	入去去平?	ZZZP?	入/去/去/平/平去
7b587933367d45627ef4dff06ad1708e	谢灵运	长歌行	宋	5	18	幸赊道念戚	上平上去入	ZPZZZ	上/平/上/去/入
7b587933367d45627ef4dff06ad1708e	谢灵运	长歌行	宋	5	19	且取长歌欢	?上?平平	?Z?PP	平上/上/平上去/平/平
7b587933367d456248478cd7a326644d	谢灵运	苦寒行	宋	5	0	岁岁层冰合	去去平平入	ZZPPZ	去/去/平/平/入
7b587933367d456248478cd7a326644d	谢灵运	苦寒行	宋	5	1	纷纷霰雪落	平平去入入	PPZZZ	平/平/去/入/入
7b587933367d456248478cd7a326644d	谢灵运	苦寒行	宋	5	2	浮阳减清晖	平平上平平	PPZPP	平/平/上/平/平
7b587933367d456248478cd7a326644d	谢灵运	苦寒行	宋	5	3	寒禽叫悲壑	平平去平入	PPZPZ	平/平/去/平/入
7b587933367d456248478cd7a326644d	谢灵运	苦寒行	宋	5	4	饥爨烟不兴	平去平入?	PZ???	平/去/平去/平上入/平去
7b587933367d456248478cd7a326644d	谢灵运	苦寒行	宋	5	5	渴汲水枯涸	入入上平入	ZZZPZ	入/入/上/平/入
7b587933367d456230affb3fd65b2cb2	谢灵运	游南亭诗	宋	5	0	时竟夕澄霁	平去入平去	PZZPZ	平/去/入/平/去
7b587933367d456230affb3fd65b2cb2	谢灵运	游南亭诗	宋	5	1	云归日西驰	平平入平平	PPZPP	平/平/入/平/平
7b587933367d456230affb3fd65b2cb2	谢灵运	游南亭诗	宋	5	2	密林含馀清	入平平平平	ZPPPP	入/平/平/平/平
7b587933367d456230affb3fd65b2cb2	谢灵运	游南亭诗	宋	5	3	远峰隐半规	?平上去平	ZPZZP	上去/平/上去/去/平
7b587933367d456230affb3fd65b2cb2	谢灵运	游南亭诗	宋	5	4	久痗昏垫苦	上去平?上	ZZPZZ	上/去/平/去入/上去
7b587933367d456230affb3fd65b2cb2	谢灵运	游南亭诗	宋	5	5	旅馆眺郊歧	上去去平平	ZZZPP	上/去/去/平/平
7b587933367d456230affb3fd65b2cb2	谢灵运	游南亭诗	宋	5	6	泽兰渐被径	入平??去	ZP?ZZ	入/平/平上/上去/去
7b587933367d456230affb3fd65b2cb2	谢灵运	游南亭诗	宋	5	7	芙蓉始发池	平平上入平	PPZZP	平/平/上/入/平
7b587933367d456230affb3fd65b2cb2	谢灵运	游南亭诗	宋	5	8	未厌青春好	去?平平?	ZZPPZ	去/上去入/平/平/上去
7b587933367d456230affb3fd65b2cb2	谢灵运	游南亭诗	宋	5	9	已观朱明移	上?平平平	Z?PPP	上去/平去/平/平/平
7b587933367d456230affb3fd65b2cb2	谢灵运	游南亭诗	宋	5	10	戚戚感物叹	入入上入去	ZZZZ?	入/入/上/入/平去
7b587933367d456230affb3fd65b2cb2	谢灵运	游南亭诗	宋	5	11	星星白发垂	平平入入平	PPZZP	平/平/入/入/平
7b587933367d456230affb3fd65b2cb2	谢灵运	游南亭诗	宋	5	12	药饵情所止	入去平上上	ZZPZZ	入/去/平/上/上
7b587933367d456230affb3fd65b2cb2	谢灵运	游南亭诗	宋	5	13	衰疾忽在斯	平入入?平	PZZZP	平/入/入/上去/平
7b587933367d456230affb3fd65b2cb2	谢灵运	游南亭诗	宋	5	14	逝将候秋水	去?去平上	Z?ZPZ	去/平去/去/平/上
7b587933367d456230affb3fd65b2cb2	谢灵运	游南亭诗	宋	5	15	息景偃旧崖	入上上去平	ZZZZP	入/上/上/去/平
7b587933367d456230affb3fd65b2cb2	谢灵运	游南亭诗	宋	5	16	我志谁与亮	上去平?去	ZZP?Z	上/去/平/平上去/去
7b587933367d456230affb3fd65b2cb2	谢灵运	游南亭诗	宋	5	17	赏心惟良知	上平平平平	ZPPPP	上/平/平/平/平
7b587933367d45625b0fd3efc48b6d47	谢灵运	日出东南隅行	宋	5	0	柏梁冠南山	入平?平平	ZP?PP	入/平/平去/平/平
7b587933367d45625b0fd3efc48b6d47	谢灵运	日出东南隅行	宋	5	1	桂宫燿北泉	去平去入平	ZPZZP	去/平/去/入/平
7b587933367d45625b0fd3efc48b6d47	谢灵运	日出东南隅行	宋	5	2	晨风拂幨幌	平平入?上	P?Z?Z	平/平去/入/平去/上
7b587933367d45625b0fd3efc48b6d47	谢灵运	日出东南隅行	宋	5	3	朝日照闺轩	平入去平平	PZZPP	平/入/去/平/平
7b587933367d45625b0fd3efc48b6d47	谢灵运	日出东南隅行	宋	5	4	美人卧屏席	上平去?入	ZPZ?Z	上/平/去/平上/入
7b587933367d45625b0fd3efc48b6d47	谢灵运	日出东南隅行	宋	5	5	怀兰秀瑶璠	平平去平平	PPZPP	平/平/去/平/平
7b587933367d45625b0fd3efc48b6d47	谢灵运	日出东南隅行	宋	5	6	皎洁秋松气	上入平平去	ZZP?Z	上/入/平/平去/去
7b587933367d45625b0fd3efc48b6d47	谢灵运	日出东南隅行	宋	5	7	淑德春景暄	入入平上平	ZZPZP	入/入/平/上/平
7b587933367d4562811bd52f4a9210c0	谢灵运	初去郡	宋	5	0	彭薛裁知耻	平入?平上	PZ?PZ	平/入/平去/平/上
7b587933367d4562811bd52f4a9210c0	谢灵运	初去郡	宋	5	1	贡公未遗荣	去平去?平	ZPZ?P	去/平/去/平去/平
7b587933367d4562811bd52f4a9210c0	谢灵运	初去郡	宋	5	2	或可优贪竞	入上平平去	ZZPPZ	入/上/平/平/去
7b587933367d4562811bd52f4a9210c0	谢灵运	初去郡	宋	5	3	岂足称达生	上入??平	ZZ?Z?	上/去入/平去/去入/平去
7b587933367d4562811bd52f4a9210c0	谢灵运	初去郡	宋	5	4	伊余秉微尚	平平上平?	PPZP?	平/平/上/平/平去
7b587933367d4562811bd52f4a9210c0	谢灵运	初去郡	宋	5	5	拙讷谢浮名	入入去平平	ZZZPP	入/入/去/平/平
7b587933367d4562811bd52f4a9210c0	谢灵运	初去郡	宋	5	6	庐园当栖岩	平平??平	PP??P	平/平/平去/平去/平
7b587933367d4562811bd52f4a9210c0	谢灵运	初去郡	宋	5	7	卑位代躬耕	平去去平平	PZZPP	平/去/去/平/平
7b587933367d4562811bd52f4a9210c0	谢灵运	初去郡	宋	5	8	顾己虽自许	去上平去上	ZZPZZ	去/上/平/去/上
7b587933367d4562811bd52f4a9210c0	谢灵运	初去郡	宋	5	9	心迹犹未并	平入平去?	PZ?Z?	平/入/平去/去/平上去
7b587933367d4562811bd52f4a9210c0	谢灵运	初去郡	宋	5	10	无庸妨周任	平平?平?	PP?P?	平/平/平去/平/平去
7b587933367d4562811bd52f4a9210c0	谢灵运	初去郡	宋	5	11	有疾像长卿	上入上?平	ZZZ?P	上/入/上/平上去/平
7b587933367d4562811bd52f4a9210c0	谢灵运	初去郡	宋	5	12	毕娶类尚子	入?去?上	Z?Z?Z	入/平去/去/平去/上
7b587933367d4562811bd52f4a9210c0	谢灵运	初去郡	宋	5	13	薄游似邴生	入平上?平	ZPZZ?	入/平/上/上去/平去
7b587933367d4562811bd52f4a9210c0	谢灵运	初去郡	宋	5	14	恭承古人意	平平上平去	PPZPZ	平/平/上/平/去
7b587933367d4562811bd52f4a9210c0	谢灵运	初去郡	宋	5	15	促装返柴荆	入?上平平	Z?ZPP	入/平去/上/平/平
7b587933367d4562811bd52f4a9210c0	谢灵运	初去郡	宋	5	16	牵丝及元兴	?平入平?	?PZP?	平去/平/入/平/平去
7b587933367d4562811bd52f4a9210c0	谢灵运	初去郡	宋	5	17	解龟在景平	?平?上平	ZPZZP	上去/平/上去/上/平
7b587933367d4562811bd52f4a9210c0	谢灵运	初去郡	宋	5	18	负心二十载	上平去入?	ZPZZZ	上/平/去/入/上去
7b587933367d4562811bd52f4a9210c0	谢灵运	初去郡	宋	5	19	于今废将迎	平平去??	PPZ??	平/平/去/平去/平去
7b587933367d4562811bd52f4a9210c0	谢灵运	初去郡	宋	5	20	理棹遄还期	上去平平平	ZZPPP	上/去/平/平/平
7b587933367d4562811bd52f4a9210c0	谢灵运	初去郡	宋	5	21	遵渚骛修坰	平上去平平	PZZPP	平/上/去/平/平
7b587933367d4562811bd52f4a9210c0	谢灵运	初去郡	宋	5	22	溯溪终水涉	?平平上入	?PPZZ	/平/平/上/入
7b587933367d4562811bd52f4a9210c0	谢灵运	初去郡	宋	5	23	登岭始山行	平?上平?	P?ZP?	平/平上/上/平/平去
7b587933367d4562811bd52f4a9210c0	谢灵运	初去郡	宋	5	24	野旷沙岸净	上去平去去	ZZ?ZZ	上/去/平去/去/去
7b587933367d4562811bd52f4a9210c0	谢灵运	初去郡	宋	5	25	天高秋月明	平平平入平	PPPZP	平/平/平/入/平
7b587933367d4562811bd52f4a9210c0	谢灵运	初去郡	宋	5	26	憩石挹飞泉	去入入平平	ZZZPP	去/入/入/平/平
7b587933367d4562811bd52f4a9210c0	谢灵运	初去郡	宋	5	27	攀林搴落英	平平上入平	PPZZP	平/平/上/入/平
7b587933367d4562811bd52f4a9210c0	谢灵运	初去郡	宋	5	28	战胜臞者肥	去??上平	Z??ZP	去/平去/平去/上/平
7b587933367d4562811bd52f4a9210c0	谢灵运	初去郡	宋	5	29	止监流归停	上?平平平	Z?PPP	上/平去/平/平/平
7b587933367d4562811bd52f4a9210c0	谢灵运	初去郡	宋	5	30	即是羲唐化	入上平平去	ZZPPZ	入/上/平/平/去
7b587933367d4562811bd52f4a9210c0	谢灵运	初去郡	宋	5	31	获我击壤情	入上入上平	ZZZZP	入/上/入/上/平
7b587933367d456276257a48f443c37e	谢灵运	七里濑	宋	5	0	羁心积秋晨	平平入平平	PPZPP	平/平/去入/平/平
7b587933367d456276257a48f443c37e	谢灵运	七里濑	宋	5	1	晨积展游眺	平入上平去	PZZPZ	平/去入/上/平/去
7b587933367d456276257a48f443c37e	谢灵运	七里濑	宋	5	2	孤客伤逝湍	平入平去平	PZ?ZP	平/入/平去/去/平
7b587933367d456276257a48f443c37e	谢灵运	七里濑	宋	5	3	徒旅苦奔峭	平上上?去	PZZ?Z	平/上/上去/平去/去
7b587933367d456276257a48f443c37e	谢灵运	七里濑	宋	5	4	石浅水潺湲	入?上平平	Z?ZPP	入/平上/上/平/平
7b587933367d456276257a48f443c37e	谢灵运	七里濑	宋	5	5	日落山照曜	入入平去去	ZZPZZ	入/入/平/去/去
7b587933367d456276257a48f443c37e	谢灵运	七里濑	宋	5	6	荒林纷沃若	?平平入?	?PPZ?	平去/平/平/入/平上入
7b587933367d456276257a48f443c37e	谢灵运	七里濑	宋	5	7	哀禽相叫啸	平平?去去	PP?ZZ	平/平/平去/去/去
7b587933367d456276257a48f443c37e	谢灵运	七里濑	宋	5	8	遭物悼迁斥	平入去平?	PZZPZ	平/入/去/平/去入
7b587933367d456276257a48f443c37e	谢灵运	七里濑	宋	5	9	存期得要妙	平平入?去	PPZ?Z	平/平/入/平去/去
7b587933367d456276257a48f443c37e	谢灵运	七里濑	宋	5	10	既秉上皇心	去上?平平	ZZZPP	去/上/上去/平/平
7b587933367d456276257a48f443c37e	谢灵运	七里濑	宋	5	11	岂屑末代诮	上入入去去	ZZZZZ	上/入/入/去/去
7b587933367d456276257a48f443c37e	谢灵运	七里濑	宋	5	12	目睹严子濑	入上平上去	ZZPZZ	入/上/平/上/去
7b587933367d456276257a48f443c37e	谢灵运	七里濑	宋	5	13	想属任公钓	上入?平去	ZZ?PZ	上/入/平去/平/去
7b587933367d456276257a48f443c37e	谢灵运	七里濑	宋	5	14	谁谓古今殊	平去上平平	PZZPP	平/去/上/平/平
7b587933367d456276257a48f443c37e	谢灵运	七里濑	宋	5	15	异代可同调	去去上??	?ZZ??	平去/去/上/平去/平去
7b587933367d45626e481b92e1b3e2d1	谢灵运	晚出西射堂	宋	5	0	步出西城门	去入平平平	ZZPPP	去/去入/平/平/平
7b587933367d45626e481b92e1b3e2d1	谢灵运	晚出西射堂	宋	5	1	遥望城西岑	平?平平平	P?PPP	平/平去/平/平/平
7b587933367d45626e481b92e1b3e2d1	谢灵运	晚出西射堂	宋	5	2	连鄣叠巘崿	平平入上入	PPZZZ	平/平/入/上/入
7b587933367d45626e481b92e1b3e2d1	谢灵运	晚出西射堂	宋	5	3	青翠杳深沉	平去上平平	PZZ?P	平/去/上/平去/平
7b587933367d45626e481b92e1b3e2d1	谢灵运	晚出西射堂	宋	5	4	晓霜枫叶丹	上平平入平	ZPPZP	上/平/平/入/平
7b587933367d45626e481b92e1b3e2d1	谢灵运	晚出西射堂	宋	5	5	夕曛岚气阴	入平平去平	ZPPZP	入/平/平/去/平
7b587933367d45626e481b92e1b3e2d1	谢灵运	晚出西射堂	宋	5	6	节往戚不浅	入上入入?	ZZZ??	入/上/入/平上入/平上
7b587933367d45626e481b92e1b3e2d1	谢灵运	晚出西射堂	宋	5	7	感来念已深	上平去上平	ZPZZ?	上/平/去/上去/平去
7b587933367d45626e481b92e1b3e2d1	谢灵运	晚出西射堂	宋	5	8	羁雌恋旧侣	平平去去上	PPZZZ	平/平/去/去/上
7b587933367d45626e481b92e1b3e2d1	谢灵运	晚出西射堂	宋	5	9	迷鸟怀故林	平上平去平	PZPZP	平/上/平/去/平
7b587933367d45626e481b92e1b3e2d1	谢灵运	晚出西射堂	宋	5	10	含情尚劳爱	平平??去	PP??Z	平/平/平去/平去/去
7b587933367d45626e481b92e1b3e2d1	谢灵运	晚出西射堂	宋	5	11	如何离赏心	平平?上平	???ZP	平去/平上/平去/上/平
7b587933367d45626e481b92e1b3e2d1	谢灵运	晚出西射堂	宋	5	12	抚镜华缁鬓	上去?平去	ZZ?PZ	上/去/平去/平/去
7b587933367d45626e481b92e1b3e2d1	谢灵运	晚出西射堂	宋	5	13	揽带缓促衿	上去上入平	ZZZZP	上/去/上/入/平
7b587933367d45626e481b92e1b3e2d1	谢灵运	晚出西射堂	宋	5	14	安排徒空言	平平平?平	PPP?P	平/平/平/平去/平
7b587933367d45626e481b92e1b3e2d1	谢灵运	晚出西射堂	宋	5	15	幽独赖鸣琴	平入去平平	PZZPP	平/入/去/平/平
7b587933367d456217e8d2cc3333b6cb	谢灵运	登江中孤屿	宋	5	0	江南倦历览	平平去入上	PPZZZ	平/平/去/入/上
7b587933367d456217e8d2cc3333b6cb	谢灵运	登江中孤屿	宋	5	1	江北旷周旋	平入去平?	PZZP?	平/入/去/平/平去
7b587933367d456217e8d2cc3333b6cb	谢灵运	登江中孤屿	宋	5	2	怀新道转迥	平平上?上	PPZZZ	平/平/上/上去/上
7b587933367d456217e8d2cc3333b6cb	谢灵运	登江中孤屿	宋	5	3	寻异景不延	平去上入?	P?Z??	平/平去/上/平上入/平去
7b587933367d456217e8d2cc3333b6cb	谢灵运	登江中孤屿	宋	5	4	乱流趋正绝	去平平?入	ZPP?Z	去/平/平/平去/入
7b587933367d456217e8d2cc3333b6cb	谢灵运	登江中孤屿	宋	5	5	孤屿媚中川	平上去?平	PZZ?P	平/上/去/平去/平
7b587933367d456217e8d2cc3333b6cb	谢灵运	登江中孤屿	宋	5	6	云日相辉映	平入?平去	PZ?PZ	平/入/平去/平/上去
7b587933367d456217e8d2cc3333b6cb	谢灵运	登江中孤屿	宋	5	7	空水共澄鲜	?上?平?	?Z?P?	平去/上/平去/平/平上去
7b587933367d456217e8d2cc3333b6cb	谢灵运	登江中孤屿	宋	5	8	表灵物莫赏	上平入入上	ZPZZZ	上/平/入/入/上
7b587933367d456217e8d2cc3333b6cb	谢灵运	登江中孤屿	宋	5	9	蕴真谁为传	?平平??	?PP??	平上/平/平/平去/平去
7b587933367d456217e8d2cc3333b6cb	谢灵运	登江中孤屿	宋	5	10	想像昆山姿	上上平平平	ZZPPP	上/上/平/平/平
7b587933367d456217e8d2cc3333b6cb	谢灵运	登江中孤屿	宋	5	11	缅邈区中缘	上入平??	ZZP??	上/入/平/平去/平去
7b587933367d456217e8d2cc3333b6cb	谢灵运	登江中孤屿	宋	5	12	始信安期术	上去平平入	ZZPPZ	上/去/平/平/入
7b587933367d456217e8d2cc3333b6cb	谢灵运	登江中孤屿	宋	5	13	得尽养生年	入上?平平	ZZZ?P	入/上/上去/平去/平
7b587933367d4562de68d23a65bf18fa	谢灵运	入彭蠡湖口	宋	5	0	客游倦水宿	入平去上?	ZPZZZ	入/平/去/上/去入
7b587933367d4562de68d23a65bf18fa	谢灵运	入彭蠡湖口	宋	5	1	风潮难具论	平平平??	?P???	平去/平/平去/平去/平去
7b587933367d4562de68d23a65bf18fa	谢灵运	入彭蠡湖口	宋	5	2	洲岛骤回合	平上去平入	PZZ?Z	平/上/去/平去/入
7b587933367d4562de68d23a65bf18fa	谢灵运	入彭蠡湖口	宋	5	3	圻岸屡崩奔	平去去平?	PZZP?	平/去/去/平/平去
7b587933367d4562de68d23a65bf18fa	谢灵运	入彭蠡湖口	宋	5	4	乘月听哀狖	?入?平去	?Z?PZ	平去/入/平上去/平/去
7b587933367d4562de68d23a65bf18fa	谢灵运	入彭蠡湖口	宋	5	5	浥露馥芳荪	入去入平平	ZZZPP	入/去/入/平/平
7b587933367d4562de68d23a65bf18fa	谢灵运	入彭蠡湖口	宋	5	6	春晚绿野秀	平上入上去	PZZZZ	平/上/入/上/去
7b587933367d4562de68d23a65bf18fa	谢灵运	入彭蠡湖口	宋	5	7	岩高白云屯	平平入平平	PPZPP	平/平/入/平/平
7b587933367d4562de68d23a65bf18fa	谢灵运	入彭蠡湖口	宋	5	8	千念集日夜	平去入入去	PZZZZ	平/去/入/入/去
7b587933367d4562de68d23a65bf18fa	谢灵运	入彭蠡湖口	宋	5	9	万感盈朝昏	去上平平平	ZZPPP	去入/上/平/平/平
7b587933367d4562de68d23a65bf18fa	谢灵运	入彭蠡湖口	宋	5	10	攀崖照石镜	平平去入去	PPZZZ	平/平/去/入/去
7b587933367d4562de68d23a65bf18fa	谢灵运	入彭蠡湖口	宋	5	11	牵叶入松门	?入入平平	?ZZ?P	平去/入/入/平去/平
7b587933367d4562de68d23a65bf18fa	谢灵运	入彭蠡湖口	宋	5	12	三江事多往	平平去平上	?PZPZ	平去/平/去/平/上
7b587933367d4562de68d23a65bf18fa	谢灵运	入彭蠡湖口	宋	5	13	九派理空存	上去上?平	ZZZ?P	上/去/上/平去/平
7b587933367d4562de68d23a65bf18fa	谢灵运	入彭蠡湖口	宋	5	14	灵物吝珍怪	平入去平去	PZZPZ	平/入/去/平/去
7b587933367d4562de68d23a65bf18fa	谢灵运	入彭蠡湖口	宋	5	15	异人秘精魂	去平去??	?PZ??	平去/平/去/平去/
7b587933367d4562de68d23a65bf18fa	谢灵运	入彭蠡湖口	宋	5	16	金膏灭明光	平平入平平	P?ZP?	平/平去/入/平/平去
7b587933367d4562de68d23a65bf18fa	谢灵运	入彭蠡湖口	宋	5	17	水碧缀流温	上入?平平	ZZZPP	上/入/去入/平/平
7b587933367d4562de68d23a65bf18fa	谢灵运	入彭蠡湖口	宋	5	18	徒作千里曲	平入平上入	PZPZZ	平/去入/平/上/入
7b587933367d4562de68d23a65bf18fa	谢灵运	入彭蠡湖口	宋	5	19	弦绝念弥敦	平入去平?	?ZZ??	平去/入/去/平上/平去
7b587933367d456236cc6ed40874fe96	谢灵运	过白岸亭	宋	5	0	拂衣遵沙垣	入?平平平	Z?P?P	入/平去/平/平去/平
7b587933367d456236cc6ed40874fe96	谢灵运	过白岸亭	宋	5	1	缓步入蓬屋	上去入平入	ZZZPZ	上/去/入/平/入
7b587933367d456236cc6ed40874fe96	谢灵运	过白岸亭	宋	5	2	近涧涓密石	?去平入入	ZZPZZ	上去/去/平/入/入
7b587933367d456236cc6ed40874fe96	谢灵运	过白岸亭	宋	5	3	远山映疏木	?平去?入	ZPZ?Z	上去/平/上去/平去/入
7b587933367d456236cc6ed40874fe96	谢灵运	过白岸亭	宋	5	4	空翠难强名	?去平平平	?Z?PP	平去/去/平去/平/平
7b587933367d456236cc6ed40874fe96	谢灵运	过白岸亭	宋	5	5	渔钓易为曲	平去??入	PZZ?Z	平/去/去入/平去/入
7b587933367d456236cc6ed40874fe96	谢灵运	过白岸亭	宋	5	6	援萝临青崖	?平?平平	?P?PP	平去/平/平去/平/平
7b587933367d456236cc6ed40874fe96	谢灵运	过白岸亭	宋	5	7	春心自相属	平平去?入	PPZ?Z	平/平/去/平去/入
7b587933367d456236cc6ed40874fe96	谢灵运	过白岸亭	宋	5	8	交交止栩黄	平平上上平	PPZZP	平/平/上/上/平
7b587933367d456236cc6ed40874fe96	谢灵运	过白岸亭	宋	5	9	呦呦食萍鹿	平平?平入	PPZPZ	平/平/去入/平/入
7b587933367d456236cc6ed40874fe96	谢灵运	过白岸亭	宋	5	10	伤彼人百哀	平上平入平	?ZPZP	平去/上/平/入/平
7b587933367d456236cc6ed40874fe96	谢灵运	过白岸亭	宋	5	11	嘉尔承筐乐	平上平平?	PZPPZ	平/上/平/平/去入
7b587933367d456236cc6ed40874fe96	谢灵运	过白岸亭	宋	5	12	荣悴迭去来	平去入?平	PZZZP	平/去/入/上去/平
7b587933367d456236cc6ed40874fe96	谢灵运	过白岸亭	宋	5	13	穷通成休慽	平平平平入	PPPPZ	平/平/平/平/入
7b587933367d456236cc6ed40874fe96	谢灵运	过白岸亭	宋	5	14	未若长疏散	去????	Z???Z	去/平上入/平上去/平去/上去
7b587933367d456236cc6ed40874fe96	谢灵运	过白岸亭	宋	5	15	万事恒抱朴	去去平上?	ZZPZ?	去入/去/平/上/平入
7b587933367d4562f68e37d048f2f7a6	谢灵运	于南山往北山经湖中瞻眺	宋	5	0	朝旦发阳崖	平去入平平	PZZPP	平/去/入/平/平
7b587933367d4562f68e37d048f2f7a6	谢灵运	于南山往北山经湖中瞻眺	宋	5	1	景落憩阴峰	上入去平平	ZZZPP	上/入/去/平/平
7b587933367d4562f68e37d048f2f7a6	谢灵运	于南山往北山经湖中瞻眺	宋	5	2	舍舟眺迥渚	?平去上上	ZPZZZ	上去/平/去/上/上
7b587933367d4562f68e37d048f2f7a6	谢灵运	于南山往北山经湖中瞻眺	宋	5	3	停策倚茂松	平入?去平	PZZZ?	平/入/上去/去/平去
7b587933367d4562f68e37d048f2f7a6	谢灵运	于南山往北山经湖中瞻眺	宋	5	4	侧径既窈窕	入去去上上	ZZZZZ	入/去/去/上/上
7b587933367d4562f68e37d048f2f7a6	谢灵运	于南山往北山经湖中瞻眺	宋	5	5	环洲亦玲珑	平平入平平	PPZPP	平/平/入/平/平
7b587933367d4562f68e37d048f2f7a6	谢灵运	于南山往北山经湖中瞻眺	宋	5	6	俯视乔木杪	上?平入上	ZZPZZ	上/上去/平/入/上
7b587933367d4562f68e37d048f2f7a6	谢灵运	于南山往北山经湖中瞻眺	宋	5	7	仰聆大壑灇	?平去入?	ZPZZ?	上去/平/去/入/
7b587933367d4562f68e37d048f2f7a6	谢灵运	于南山往北山经湖中瞻眺	宋	5	8	石横水分流	入?上?平	Z?Z?P	入/平去/上/平去/平
7b587933367d4562f68e37d048f2f7a6	谢灵运	于南山往北山经湖中瞻眺	宋	5	9	林密蹊绝踪	平入平入平	PZPZP	平/入/平/入/平
7b587933367d4562f68e37d048f2f7a6	谢灵运	于南山往北山经湖中瞻眺	宋	5	10	解作竟何感	?入去平上	ZZZ?Z	上去/去入/去/平上/上
7b587933367d4562f68e37d048f2f7a6	谢灵运	于南山往北山经湖中瞻眺	宋	5	11	升长皆丰容	平?平平平	P?PPP	平/平上去/平/平/平
7b587933367d4562f68e37d048f2f7a6	谢灵运	于南山往北山经湖中瞻眺	宋	5	12	初篁苞绿箨	平平平入入	PPPZZ	平/平/平/入/入
7b587933367d4562f68e37d048f2f7a6	谢灵运	于南山往北山经湖中瞻眺	宋	5	13	新蒲含紫茸	平平平上平	PPPZP	平/平/平/上/平
7b587933367d4562f68e37d048f2f7a6	谢灵运	于南山往北山经湖中瞻眺	宋	5	14	海鸥戏春岸	上平?平去	ZP?PZ	上/平/平去/平/去
7b587933367d4562f68e37d048f2f7a6	谢灵运	于南山往北山经湖中瞻眺	宋	5	15	天鸡弄和风	平平去?平	PPZ??	平/平/去/平去/平去
7b587933367d4562f68e37d048f2f7a6	谢灵运	于南山往北山经湖中瞻眺	宋	5	16	抚化心无厌	上去平平?	ZZPPZ	上/去/平/平/上去入
7b587933367d4562f68e37d048f2f7a6	谢灵运	于南山往北山经湖中瞻眺	宋	5	17	览物眷弥重	上入去平?	ZZZ??	上/入/去/平上/平上去
7b587933367d4562f68e37d048f2f7a6	谢灵运	于南山往北山经湖中瞻眺	宋	5	18	不惜去人远	入入?平?	?ZZPZ	平上入/入/上去/平/上去
7b587933367d4562f68e37d048f2f7a6	谢灵运	于南山往北山经湖中瞻眺	宋	5	19	但恨莫与同	?去入??	?ZZ??	平上去/去/入/平上去/平去
7b587933367d4562f68e37d048f2f7a6	谢灵运	于南山往北山经湖中瞻眺	宋	5	20	孤游非情叹	平平平平去	PPPP?	平/平/平/平/平去
7b587933367d4562f68e37d048f2f7a6	谢灵运	于南山往北山经湖中瞻眺	宋	5	21	赏废理谁通	上去上平平	ZZZPP	上/去/上/平/平
7b587933367d4562cf41782d1e12732f	谢灵运	夜发石关亭诗	宋	5	0	随山逾千里	平平平平上	PPPPZ	平/平/平/平/上
7b587933367d4562cf41782d1e12732f	谢灵运	夜发石关亭诗	宋	5	1	浮溪将十夕	平平?入入	PP?ZZ	平/平/平去/入/入
7b587933367d4562cf41782d1e12732f	谢灵运	夜发石关亭诗	宋	5	2	鸟归息舟楫	上平入平入	ZPZPZ	上/平/入/平/入
7b587933367d4562cf41782d1e12732f	谢灵运	夜发石关亭诗	宋	5	3	星阑命行役	平平去?入	PPZ?Z	平/平/去/平去/入
7b587933367d4562cf41782d1e12732f	谢灵运	夜发石关亭诗	宋	5	4	亭亭晓月映	平平上入去	PPZZZ	平/平/上/入/上去
7b587933367d4562cf41782d1e12732f	谢灵运	夜发石关亭诗	宋	5	5	泠泠朝露滴	平平平去入	PPPZZ	平/平/平/去/入
7b587933367d4562d38e8465a08e8a6d	谢灵运	石门岩上宿诗	宋	5	0	朝搴苑中兰	平上上?平	PZZ?P	平/上/上/平去/平
7b587933367d4562d38e8465a08e8a6d	谢灵运	石门岩上宿诗	宋	5	1	畏彼霜下歇	去上平?入	ZZPZZ	去/上/平/上去/入
7b587933367d4562d38e8465a08e8a6d	谢灵运	石门岩上宿诗	宋	5	2	暝还云际宿	?平平去?	?PPZZ	平去/平/平/去/去入
7b587933367d4562d38e8465a08e8a6d	谢灵运	石门岩上宿诗	宋	5	3	弄此石上月	去上入?入	ZZZZZ	去/上/入/上去/入
7b587933367d4562d38e8465a08e8a6d	谢灵运	石门岩上宿诗	宋	5	4	鸟鸣识夜栖	上平?去?	ZPZZ?	上/平/去入/去/平去
7b587933367d4562d38e8465a08e8a6d	谢灵运	石门岩上宿诗	宋	5	5	木落知风发	入入平平入	ZZP?Z	入/入/平/平去/入
7b587933367d4562d38e8465a08e8a6d	谢灵运	石门岩上宿诗	宋	5	6	异音同至听	去平?去?	?P?Z?	平去/平/平去/去/平上去
7b587933367d4562d38e8465a08e8a6d	谢灵运	石门岩上宿诗	宋	5	7	殊响俱清越	平上平平入	PZPPZ	平/上/平/平/入
7b587933367d4562d38e8465a08e8a6d	谢灵运	石门岩上宿诗	宋	5	8	妙物莫为赏	去入入?上	ZZZ?Z	去/入/入/平去/上
7b587933367d4562d38e8465a08e8a6d	谢灵运	石门岩上宿诗	宋	5	9	芳醑谁与伐	平上平?入	PZP?Z	平/上/平/平上去/入
7b587933367d4562d38e8465a08e8a6d	谢灵运	石门岩上宿诗	宋	5	10	美人竟不来	上平去入平	ZPZ?P	上/平/去/平上入/平
7b587933367d4562d38e8465a08e8a6d	谢灵运	石门岩上宿诗	宋	5	11	阳阿徒晞发	平平平平入	PPPPZ	平/平/平/平/入
7b587933367d45623800123e4b720b41	谢灵运	从斤竹涧越岭溪行	宋	5	0	猿鸣诚知曙	平平平平去	PPPPZ	平/平/平/平/去
7b587933367d45623800123e4b720b41	谢灵运	从斤竹涧越岭溪行	宋	5	1	谷幽光未显	入平平去上	ZP?ZZ	入/平/平去/去/上
7b587933367d45623800123e4b720b41	谢灵运	从斤竹涧越岭溪行	宋	5	2	岩下云方合	平?平平入	PZPPZ	平/上去/平/平/入
7b587933367d45623800123e4b720b41	谢灵运	从斤竹涧越岭溪行	宋	5	3	花上露犹泫	平?去平上	PZZ?Z	平/上去/去/平去/上
7b587933367d45623800123e4b720b41	谢灵运	从斤竹涧越岭溪行	宋	5	4	逶迤傍隈隩	平????	P???Z	平//平去/平去/去入
7b587933367d45623800123e4b720b41	谢灵运	从斤竹涧越岭溪行	宋	5	5	迢递陟陉岘	平?入平上	PZZPZ	平/上去/入/平/上
7b587933367d45623800123e4b720b41	谢灵运	从斤竹涧越岭溪行	宋	5	6	过涧既厉急	?去去去入	?ZZZZ	平去/去/去/去/入
7b587933367d45623800123e4b720b41	谢灵运	从斤竹涧越岭溪行	宋	5	7	登栈亦陵缅	平?入平上	PZZPZ	平/上去/入/平/上
7b587933367d45623800123e4b720b41	谢灵运	从斤竹涧越岭溪行	宋	5	8	川渚屡径复	平上去去入	PZZZZ	平/上/去/去/去入
7b587933367d45623800123e4b720b41	谢灵运	从斤竹涧越岭溪行	宋	5	9	乘流玩回转	平平去平?	?PZ?Z	平去/平/去/平去/上去
7b587933367d45623800123e4b720b41	谢灵运	从斤竹涧越岭溪行	宋	5	10	苹萍泛沉深	平平?平平	PP?P?	平/平/平去入/平/平去
7b587933367d45623800123e4b720b41	谢灵运	从斤竹涧越岭溪行	宋	5	11	菰蒲冒清浅	平平?平?	PPZP?	平/平/去入/平/平上
7b587933367d45623800123e4b720b41	谢灵运	从斤竹涧越岭溪行	宋	5	12	企石挹飞泉	?入入平平	ZZZPP	上去/入/入/平/平
7b587933367d45623800123e4b720b41	谢灵运	从斤竹涧越岭溪行	宋	5	13	攀林摘叶卷	平平入入?	PPZZ?	平/平/入/入/平上去
7b587933367d45623800123e4b720b41	谢灵运	从斤竹涧越岭溪行	宋	5	14	想见山阿人	上去平平平	ZZPPP	上/去/平/平/平
7b587933367d45623800123e4b720b41	谢灵运	从斤竹涧越岭溪行	宋	5	15	薜萝若在眼	?平??上	ZP?ZZ	去入/平/平上入/上去/上
7b587933367d45623800123e4b720b41	谢灵运	从斤竹涧越岭溪行	宋	5	16	握兰勤徒结	入平平平入	ZPPPZ	入/平/平/平/入
7b587933367d45623800123e4b720b41	谢灵运	从斤竹涧越岭溪行	宋	5	17	折麻心莫展	?平平入上	?PPZZ	平入/平/平/入/上
7b587933367d45623800123e4b720b41	谢灵运	从斤竹涧越岭溪行	宋	5	18	情用赏为美	平去上?上	PZZ?Z	平/去/上/平去/上
7b587933367d45623800123e4b720b41	谢灵运	从斤竹涧越岭溪行	宋	5	19	事昧竟谁辨	去去去平?	ZZZPZ	去/去/去/平/上去
7b587933367d45623800123e4b720b41	谢灵运	从斤竹涧越岭溪行	宋	5	20	观此遗物虑	?上?入去	?Z?ZZ	平去/上/平去/入/去
7b587933367d45623800123e4b720b41	谢灵运	从斤竹涧越岭溪行	宋	5	21	一悟得所遣	入去入上?	ZZZZZ	入/去/入/上/上去
7b587933367d456248478cd743a365a7	谢灵运	苦寒行	宋	5	0	樵苏无夙饮	平平平入?	PPPZZ	平/平/平/入/上去
7b587933367d456248478cd743a365a7	谢灵运	苦寒行	宋	5	1	凿冰煮朝飡	入平?平?	ZP?P?	入/平//平/
7b587933367d456248478cd743a365a7	谢灵运	苦寒行	宋	5	2	悲矣采薇唱	平上上平去	PZZPZ	平/上/上/平/去
7b587933367d456248478cd743a365a7	谢灵运	苦寒行	宋	5	3	苦哉有余酸	上平上平平	ZPZPP	上去/平/上/平/平
7b587933367d4562bf0d0c79d477b5c3	谢灵运	豫章行	宋	5	0	短生旅长世	上平上?去	Z?Z?Z	上/平去/上/平上去/去
7b587933367d4562bf0d0c79d477b5c3	谢灵运	豫章行	宋	5	1	恒觉白日欹	平?入入平	PZZZP	平/去入/入/入/平
7b587933367d4562bf0d0c79d477b5c3	谢灵运	豫章行	宋	5	2	览镜睨颓容	上去去平平	ZZZPP	上/去/去/平/平
7b587933367d4562bf0d0c79d477b5c3	谢灵运	豫章行	宋	5	3	华颜岂久期	?平上上平	?PZZP	平去/平/上/上/平
7b587933367d4562bf0d0c79d477b5c3	谢灵运	豫章行	宋	5	4	苟无回戈术	上平平平入	ZP?PZ	上/平/平去/平/入
7b587933367d4562bf0d0c79d477b5c3	谢灵运	豫章行	宋	5	5	坐观落崦嵫	上?入平平	Z?ZPP	上去/平去/入/平/平
7b587933367d4562874ea365dc146024	谢灵运	相逢行	宋	5	0	行行即长道	??入?上	??Z?Z	平去/平去/入/平上去/上
7b587933367d4562874ea365dc146024	谢灵运	相逢行	宋	5	1	道长息班草	上?入平上	Z?ZPZ	上/平上去/入/平/上
7b587933367d4562874ea365dc146024	谢灵运	相逢行	宋	5	2	邂逅赏心人	去去上平平	ZZZPP	去/去/上/平/平
7b587933367d4562874ea365dc146024	谢灵运	相逢行	宋	5	3	与我倾怀抱	?上平平上	?ZPPZ	平上去/上/平/平/上
7b587933367d4562874ea365dc146024	谢灵运	相逢行	宋	5	4	夷世信难值	平去去平去	PZZ?Z	平/去/去/平去/去
7b587933367d4562874ea365dc146024	谢灵运	相逢行	宋	5	5	平生不可保	平平入上上	P??ZZ	平/平去/平上入/上/上
7b587933367d4562874ea365dc146024	谢灵运	相逢行	宋	5	6	阳华与春渥	平??平入	P??PZ	平/平去/平上去/平/入
7b587933367d4562874ea365dc146024	谢灵运	相逢行	宋	5	7	阴柯长秋槁	平平?平?	PP?P?	平/平/平上去/平/
7b587933367d4562874ea365dc146024	谢灵运	相逢行	宋	5	8	心慨荣去速	平去平?入	PZPZZ	平/去/平/上去/入
7b587933367d4562874ea365dc146024	谢灵运	相逢行	宋	5	9	情苦忧来早	平上平平上	PZ?PZ	平/上去/平去/平/上
7b587933367d4562874ea365dc146024	谢灵运	相逢行	宋	5	10	日华难久居	入?平上平	Z??ZP	入/平去/平去/上/平
7b587933367d4562874ea365dc146024	谢灵运	相逢行	宋	5	11	谆谆亦至老	??入去上	??ZZZ	平去/平去/入/去/上
7b587933367d4562874ea365dc146024	谢灵运	相逢行	宋	5	12	亲党近恤庇	?上?入去	?ZZZZ	平去/上/上去/入/去
7b587933367d4562874ea365dc146024	谢灵运	相逢行	宋	5	13	昵君不常好	入平入平?	ZP?PZ	入/平/平上入/平/上去
7b587933367d4562874ea365dc146024	谢灵运	相逢行	宋	5	14	九族悲素霰	上入平去去	ZZPZZ	上/入/平/去/去
7b587933367d4562874ea365dc146024	谢灵运	相逢行	宋	5	15	三良怨黄鸟	平平?平上	?P?PZ	平去/平/平去/平/上
7b587933367d4562874ea365dc146024	谢灵运	相逢行	宋	5	16	迩朱白即頳	上平入入?	ZPZZ?	上/平/入/入/
7b587933367d4562874ea365dc146024	谢灵运	相逢行	宋	5	17	近缟洁必造	??入入?	ZZZZZ	上去/上去/入/入/上去
7b587933367d4562874ea365dc146024	谢灵运	相逢行	宋	5	18	水流理就湿	上平上去入	ZPZZZ	上/平/上/去/入
7b587933367d4562874ea365dc146024	谢灵运	相逢行	宋	5	19	火炎同归燥	上平平平上	ZP?PZ	上/平/平去/平/上
7b587933367d4562874ea365dc146024	谢灵运	相逢行	宋	5	20	赏契少能谐	上???平	ZZZ?P	上/去入/上去/平上去/平
7b587933367d4562874ea365dc146024	谢灵运	相逢行	宋	5	21	断金断可宝	?平?上上	ZPZZZ	上去/平/上去/上/上
7b587933367d4562874ea365dc146024	谢灵运	相逢行	宋	5	22	千计莫适从	平去入入?	PZZZ?	平/去/入/入/平去
7b587933367d4562874ea365dc146024	谢灵运	相逢行	宋	5	23	万端信纷绕	去平去平?	ZPZPZ	去入/平/去/平/上去
7b587933367d4562874ea365dc146024	谢灵运	相逢行	宋	5	24	巢林宜择木	?平平入入	?PPZZ	平去/平/平/入/入
7b587933367d4562874ea365dc146024	谢灵运	相逢行	宋	5	25	结友使心晓	入上?平上	ZZZPZ	入/上/上去/平/上
7b587933367d4562874ea365dc146024	谢灵运	相逢行	宋	5	26	心晓形迹略	平上平入入	PZPZZ	平/上/平/入/入
7b587933367d4562874ea365dc146024	谢灵运	相逢行	宋	5	27	略迩谁能了	入上平??	ZZP??	入/上/平/平上去/平上
7b587933367d4562874ea365dc146024	谢灵运	相逢行	宋	5	28	相逢既若旧	平平去?去	?PZ?Z	平去/平/去/平上入/去
7b587933367d4562874ea365dc146024	谢灵运	相逢行	宋	5	29	片言代纻缟	去平去上?	ZPZZZ	去/平/去/上/上去
7b587933367d45626a05607b1f08d6c3	谢灵运	泰山吟	宋	5	0	岱宗秀维岳	去平去平入	ZPZPZ	去/平/去/平/入
7b587933367d45626a05607b1f08d6c3	谢灵运	泰山吟	宋	5	1	崔崒刺云天	平入?平平	PZZPP	平/入/去入/平/平
7b587933367d45626a05607b1f08d6c3	谢灵运	泰山吟	宋	5	2	岝崿既崄巘	入入去上上	ZZZZZ	入/入/去/上/上
7b587933367d45626a05607b1f08d6c3	谢灵运	泰山吟	宋	5	3	触石辄芊绵	入入入?平	ZZZ?P	入/入/入/平去/平
7b587933367d45626a05607b1f08d6c3	谢灵运	泰山吟	宋	5	4	登封瘗崇坛	平?去平平	P?ZPP	平/平去/去/平/平
7b587933367d45626a05607b1f08d6c3	谢灵运	泰山吟	宋	5	5	降禅藏肃然	???入平	???ZP	平去/平去/平去/入/平
7b587933367d45626a05607b1f08d6c3	谢灵运	泰山吟	宋	5	6	石闾何晻蔼	入平平上去	ZP?ZZ	入/平/平上/上/去
7b587933367d45626a05607b1f08d6c3	谢灵运	泰山吟	宋	5	7	明堂秘灵篇	平平去平平	PPZPP	平/平/去/平/平
7b587933367d45626a92ee0e95fb64e2	谢灵运	折杨柳行	宋	5	0	骚屑出穴风	平入入入平	PZZZ?	平/入/去入/入/平去
7b587933367d45626a92ee0e95fb64e2	谢灵运	折杨柳行	宋	5	1	挥霍见日雪	平入去入入	PZZZZ	平/入/去/入/入
7b587933367d45626a92ee0e95fb64e2	谢灵运	折杨柳行	宋	5	2	飕飕无久摇	平平平上?	PPPZ?	平/平/平/上/平去
7b587933367d45626a92ee0e95fb64e2	谢灵运	折杨柳行	宋	5	3	皎皎几时洁	上上?平入	ZZ?PZ	上/上/平上去/平/入
7b587933367d45626a92ee0e95fb64e2	谢灵运	折杨柳行	宋	5	4	未觉泮春冰	去?去平平	ZZZPP	去/去入/去/平/平
7b587933367d45626a92ee0e95fb64e2	谢灵运	折杨柳行	宋	5	5	已复谢秋节	上入去平入	ZZZPZ	上去/去入/去/平/入
7b587933367d45626a92ee0e95fb64e2	谢灵运	折杨柳行	宋	5	6	空对尺素迁	?去入去平	?ZZZP	平去/去/入/去/平
7b587933367d45626a92ee0e95fb64e2	谢灵运	折杨柳行	宋	5	7	独视寸阴灭	入?去平入	ZZZPZ	入/上去/去/平/入
7b587933367d45626a92ee0e95fb64e2	谢灵运	折杨柳行	宋	5	8	否桑未易系	上平去?去	ZPZZZ	上/平/去/去入/去
7b587933367d45626a92ee0e95fb64e2	谢灵运	折杨柳行	宋	5	9	泰茅难重拔	去平平?入	ZP??Z	去/平/平去/平上去/入
7b587933367d45626a92ee0e95fb64e2	谢灵运	折杨柳行	宋	5	10	桑茅迭生运	平平入平去	PPZ?Z	平/平/入/平去/去
7b587933367d45626a92ee0e95fb64e2	谢灵运	折杨柳行	宋	5	11	语默寄前哲	?入去平入	ZZZPZ	上去/入/去/平/入
7b587933367d4562064bb87c416316ec	谢灵运	君子有所思行	宋	5	0	总驾越钟陆	上去入平入	ZZZPZ	上/去/入/平/入
7b587933367d4562064bb87c416316ec	谢灵运	君子有所思行	宋	5	1	还顾望京畿	平去?平平	PZ?PP	平/去/平去/平/平
7b587933367d4562064bb87c416316ec	谢灵运	君子有所思行	宋	5	2	踯躅周名都	入入平平平	ZZPPP	入/入/平/平/平
7b587933367d4562064bb87c416316ec	谢灵运	君子有所思行	宋	5	3	游目倦忘归	平入去去平	PZZZP	平/入/去/去/平
7b587933367d4562064bb87c416316ec	谢灵运	君子有所思行	宋	5	4	市鄽无厄室	上平平入入	ZPPZZ	上/平/平/入/入
7b587933367d4562064bb87c416316ec	谢灵运	君子有所思行	宋	5	5	世族有高闱	去入上平平	ZZZPP	去/入/上/平/平
7b587933367d4562064bb87c416316ec	谢灵运	君子有所思行	宋	5	6	密亲丽华苑	入???上	Z???Z	入/平去/平去/平去/上
7b587933367d4562064bb87c416316ec	谢灵运	君子有所思行	宋	5	7	轩甍饰通逵	平平入平平	PPZPP	平/平/入/平/平
7b587933367d4562064bb87c416316ec	谢灵运	君子有所思行	宋	5	8	孰是金张乐	入上平??	ZZP?Z	入/上/平/平去/去入
7b587933367d4562064bb87c416316ec	谢灵运	君子有所思行	宋	5	9	谅由燕赵诗	去平?上平	ZP?ZP	去/平/平去/上/平
7b587933367d4562064bb87c416316ec	谢灵运	君子有所思行	宋	5	10	长夜恣酣饮	平去去平?	?ZZPZ	平上去/去/去/平/上去
7b587933367d4562064bb87c416316ec	谢灵运	君子有所思行	宋	5	11	穷年弄音徽	平平去平平	PPZPP	平/平/去/平/平
7b587933367d4562064bb87c416316ec	谢灵运	君子有所思行	宋	5	12	盛往速露坠	?上入去去	?ZZZZ	平去/上/入/去/去
7b587933367d4562064bb87c416316ec	谢灵运	君子有所思行	宋	5	13	衰来疾风飞	平平入平平	PPZ?P	平/平/入/平去/平
7b587933367d4562064bb87c416316ec	谢灵运	君子有所思行	宋	5	14	余生不欢娱	平平入平?	P??P?	平/平去/平上入/平/平去
7b587933367d4562064bb87c416316ec	谢灵运	君子有所思行	宋	5	15	何以竟暮归	平上去去平	?ZZZP	平上/上/去/去/平
7b587933367d4562064bb87c416316ec	谢灵运	君子有所思行	宋	5	16	寂寥曲肱子	入?入平上	Z?ZPZ	入/平入/入/平/上
7b587933367d4562064bb87c416316ec	谢灵运	君子有所思行	宋	5	17	瓢饮疗朝饥	平?去平平	PZZPP	平/上去/去/平/平
7b587933367d4562064bb87c416316ec	谢灵运	君子有所思行	宋	5	18	所秉自天性	上上去平去	ZZZPZ	上/上/去/平/去
7b587933367d4562064bb87c416316ec	谢灵运	君子有所思行	宋	5	19	贫富岂相讥	平去上?平	PZZ?P	平/去/上/平去/平
7b587933367d4562d8477036ead08232	谢灵运	悲哉行	宋	5	0	萋萋春草生	平平平上平	PPPZ?	平/平/平/上/平去
7b587933367d4562d8477036ead08232	谢灵运	悲哉行	宋	5	1	王孙游有情	平平平上平	?PPZP	平去/平/平/上/平
7b587933367d4562d8477036ead08232	谢灵运	悲哉行	宋	5	2	差池燕始飞	?平?上平	?P?ZP	平去/平/平去/上/平
7b587933367d4562d8477036ead08232	谢灵运	悲哉行	宋	5	3	夭袅柳始荣	?上上上平	?ZZZP	平上/上/上/上/平
7b587933367d4562d8477036ead08232	谢灵运	悲哉行	宋	5	4	灼灼桃悦色	入入平入入	ZZPZZ	入/入/平/入/入
7b587933367d4562d8477036ead08232	谢灵运	悲哉行	宋	5	5	飞飞燕弄声	平平?去平	PP?ZP	平/平/平去/去/平
7b587933367d4562d8477036ead08232	谢灵运	悲哉行	宋	5	6	檐上云结阴	平?平入平	PZPZP	平/上去/平/入/平
7b587933367d4562d8477036ead08232	谢灵运	悲哉行	宋	5	7	涧下风吹清	去?平?平	ZZ??P	去/上去/平去/平去/平
7b587933367d4562d8477036ead08232	谢灵运	悲哉行	宋	5	8	幽树虽改观	平?平上?	PZPZ?	平/上去/平/上/平去
7b587933367d4562d8477036ead08232	谢灵运	悲哉行	宋	5	9	终始在初生	平上?平平	PZZP?	平/上/上去/平/平去
7b587933367d4562d8477036ead08232	谢灵运	悲哉行	宋	5	10	松茑欢蔓延	平?平??	?ZP??	平去/上去/平/平去/平去
7b587933367d4562d8477036ead08232	谢灵运	悲哉行	宋	5	11	樛葛欣蔂萦	平入平平平	PZPPP	平/入/平/平/平
7b587933367d4562d8477036ead08232	谢灵运	悲哉行	宋	5	12	眇然游宦子	上平平去上	ZPPZZ	上/平/平/去/上
7b587933367d4562d8477036ead08232	谢灵运	悲哉行	宋	5	13	晤言时未并	去平平去?	ZPPZ?	去/平/平/去/平上去
7b587933367d4562d8477036ead08232	谢灵运	悲哉行	宋	5	14	鼻感改朔气	去上上入去	ZZZZZ	去/上/上/入/去
7b587933367d4562d8477036ead08232	谢灵运	悲哉行	宋	5	15	眼伤变节荣	上平去入平	Z?ZZP	上/平去/去/入/平
7b587933367d4562d8477036ead08232	谢灵运	悲哉行	宋	5	16	侘傺岂徒然	?去上平平	?ZZPP	平去/去/上/平/平
7b587933367d4562d8477036ead08232	谢灵运	悲哉行	宋	5	17	澶漫绝音形	?去入平平	?ZZPP	平去/去/入/平/平
7b587933367d4562d8477036ead08232	谢灵运	悲哉行	宋	5	18	风来不可托	平平入上入	?P?ZZ	平去/平/平上入/上/入
7b587933367d4562d8477036ead08232	谢灵运	悲哉行	宋	5	19	鸟去岂为听	上?上??	ZZZ??	上/上去/上/平去/平上去
7b587933367d456282e8477227a4e0a7	谢灵运	会吟行	宋	5	0	六引缓清唱	入?上平去	ZZZPZ	入/上去/上/平/去
7b587933367d456282e8477227a4e0a7	谢灵运	会吟行	宋	5	1	三调伫繁音	平?上平平	??ZPP	平去/平去/上/平/平
7b587933367d456282e8477227a4e0a7	谢灵运	会吟行	宋	5	2	列筵皆静寂	?平平上入	?PPZZ	平入/平/平/上/入
7b587933367d456282e8477227a4e0a7	谢灵运	会吟行	宋	5	3	咸共聆会吟	平?平去?	P?PZ?	平/平去/平/去/平去
7b587933367d456282e8477227a4e0a7	谢灵运	会吟行	宋	5	4	会吟自有初	去?去上平	Z?ZZP	去/平去/去/上/平
7b587933367d456282e8477227a4e0a7	谢灵运	会吟行	宋	5	5	请从文命敷	??平去平	??PZP	平上去/平去/平/去/平
7b587933367d456282e8477227a4e0a7	谢灵运	会吟行	宋	5	6	敷绩壶冀始	平入平去上	PZPZZ	平/入/平/去/上
7b587933367d456282e8477227a4e0a7	谢灵运	会吟行	宋	5	7	刊木至江汜	平入去平上	PZZPZ	平/入/去/平/上
7b587933367d456282e8477227a4e0a7	谢灵运	会吟行	宋	5	8	列宿炳天文	??上平平	?ZZPP	平入/去入/上/平/平
7b587933367d456282e8477227a4e0a7	谢灵运	会吟行	宋	5	9	负海横地理	上上?去上	ZZ?ZZ	上/上/平去/去/上
7b587933367d456282e8477227a4e0a7	谢灵运	会吟行	宋	5	10	连峰竞千仞	平平去平去	PPZPZ	平/平/去/平/去
7b587933367d456282e8477227a4e0a7	谢灵运	会吟行	宋	5	11	背流各百里	去平入入上	ZPZZZ	去/平/入/入/上
7b587933367d456282e8477227a4e0a7	谢灵运	会吟行	宋	5	12	滮池溉粳稻	?平去平上	?PZPZ	/平/去/平/上
7b587933367d456282e8477227a4e0a7	谢灵运	会吟行	宋	5	13	轻云暧松杞	?平去平上	?PZ?Z	平去/平/去/平去/上
7b587933367d456282e8477227a4e0a7	谢灵运	会吟行	宋	5	14	两京愧佳丽	上平去平?	ZPZP?	上去/平/去/平/平去
7b587933367d456282e8477227a4e0a7	谢灵运	会吟行	宋	5	15	三都岂能似	平平上?上	?PZ?Z	平去/平/上/平上去/上
7b587933367d456282e8477227a4e0a7	谢灵运	会吟行	宋	5	16	层台指中天	平平上?平	PPZ?P	平/平/上/平去/平
7b587933367d456282e8477227a4e0a7	谢灵运	会吟行	宋	5	17	高墉积崇雉	平平入平上	PPZPZ	平/平/去入/平/上
7b587933367d456282e8477227a4e0a7	谢灵运	会吟行	宋	5	18	飞燕跃广途	平?入上平	P?ZZP	平/平去/入/上/平
7b587933367d456282e8477227a4e0a7	谢灵运	会吟行	宋	5	19	鹢首戏清沚	入??平上	ZZ?PZ	入/上去/平去/平/上
7b587933367d456282e8477227a4e0a7	谢灵运	会吟行	宋	5	20	肆呈窈窕容	去?上上平	Z?ZZP	去/平去/上/上/平
7b587933367d456282e8477227a4e0a7	谢灵运	会吟行	宋	5	21	路曜便娟子	去去?平上	ZZ?PZ	去/去/平去/平/上
7b587933367d456282e8477227a4e0a7	谢灵运	会吟行	宋	5	22	自来弥年代	去平平平去	ZP?PZ	去/平/平上/平/去
7b587933367d456282e8477227a4e0a7	谢灵运	会吟行	宋	5	23	贤达不可纪	平?入上上	PZ?ZZ	平/去入/平上入/上/上
7b587933367d456282e8477227a4e0a7	谢灵运	会吟行	宋	5	24	句践善废兴	?上上去?	?ZZZ?	平去/上/上/去/平去
7b587933367d456282e8477227a4e0a7	谢灵运	会吟行	宋	5	25	越叟识行止	入上??上	ZZZ?Z	入/上/去入/平去/上
7b587933367d456282e8477227a4e0a7	谢灵运	会吟行	宋	5	26	范蠡出江湖	上?入平平	Z?ZPP	上/平上/去入/平/平
7b587933367d456282e8477227a4e0a7	谢灵运	会吟行	宋	5	27	梅福入城市	平入入平上	PZZPZ	平/入/入/平/上
7b587933367d456282e8477227a4e0a7	谢灵运	会吟行	宋	5	28	东方就旅逸	平平去上入	PPZZZ	平/平/去/上/入
7b587933367d456282e8477227a4e0a7	谢灵运	会吟行	宋	5	29	梁鸿去桑梓	平??平上	P?ZPZ	平/平上/上去/平/上
7b587933367d456282e8477227a4e0a7	谢灵运	会吟行	宋	5	30	牵缀书土风	??平上平	?ZPZ?	平去/去入/平/上/平去
7b587933367d456282e8477227a4e0a7	谢灵运	会吟行	宋	5	31	辞殚意未已	平平去去上	PPZZZ	平/平/去/去/上去
7b587933367d4562eb5e2a7865076dbd	谢灵运	缓歌行	宋	5	0	飞客结灵友	平入入平上	PZZPZ	平/入/入/平/上
7b587933367d4562eb5e2a7865076dbd	谢灵运	缓歌行	宋	5	1	凌空萃丹丘	平?去平平	P?ZPP	平/平去/去/平/平
7b587933367d4562eb5e2a7865076dbd	谢灵运	缓歌行	宋	5	2	习习和风起	入入?平上	ZZ??Z	入/入/平去/平去/上
7b587933367d4562eb5e2a7865076dbd	谢灵运	缓歌行	宋	5	3	采采彤云浮	上上平平平	ZZPPP	上/上/平/平/平
7b587933367d4562eb5e2a7865076dbd	谢灵运	缓歌行	宋	5	4	娥皇发湘浦	平平入平上	PPZPZ	平/平/入/平/上
7b587933367d4562eb5e2a7865076dbd	谢灵运	缓歌行	宋	5	5	霄明出河洲	平平入平平	PPZPP	平/平/去入/平/平
7b587933367d4562eb5e2a7865076dbd	谢灵运	缓歌行	宋	5	6	宛宛连螭辔	??平平去	??PPZ	平上/平上/平/平/去
7b587933367d4562eb5e2a7865076dbd	谢灵运	缓歌行	宋	5	7	裔裔振龙旒	去去?平平	ZZ?PP	去/去/平去/平/平
7b587933367d4562b8c99ff4dac61d63	谢灵运	燕歌行	宋	7	0	孟冬初寒节气成	去平平平入去平	ZPPPZZP	去/平/平/平/入/去/平
7b587933367d4562b8c99ff4dac61d63	谢灵运	燕歌行	宋	7	1	悲风入闺霜依庭	平平入平平平平	P?ZPPPP	平/平去/入/平/平/平/平
7b587933367d4562b8c99ff4dac61d63	谢灵运	燕歌行	宋	7	2	秋蝉噪柳燕辞楹	平平去上?平平	PPZZ?PP	平/平/去/上/平去/平/平
7b587933367d4562b8c99ff4dac61d63	谢灵运	燕歌行	宋	7	3	念君行役怨边城	去平?入?平平	ZP?Z?PP	去/平/平去/入/平去/平/平
7b587933367d4562b8c99ff4dac61d63	谢灵运	燕歌行	宋	7	4	君何崎岖久徂征	平平平平上平?	P?PPZP?	平/平上/平/平/上/平/平上
7b587933367d4562b8c99ff4dac61d63	谢灵运	燕歌行	宋	7	5	岂无膏沐感鹳鸣	上平平入上去平	ZP?ZZZP	上/平/平去/入/上/去/平
7b587933367d4562b8c99ff4dac61d63	谢灵运	燕歌行	宋	7	6	对君不乐泪沾缨	去平入?去?平	ZP?ZZ?P	去/平/平上入/去入/去/平去/平
7b587933367d4562b8c99ff4dac61d63	谢灵运	燕歌行	宋	7	7	辟窗开幌弄秦筝	入?平上去平平	Z?PZZPP	入//平/上/去/平/平
7b587933367d4562b8c99ff4dac61d63	谢灵运	燕歌行	宋	7	8	调弦促柱多哀声	?平入上平平平	??ZZPPP	平去/平去/入/上/平/平/平
7b587933367d4562b8c99ff4dac61d63	谢灵运	燕歌行	宋	7	9	遥夜明月鉴帷屏	平去平入?平?	PZPZ?P?	平/去/平/入/平去/平/平上
7b587933367d4562b8c99ff4dac61d63	谢灵运	燕歌行	宋	7	10	谁知河汉浅且清	平平平去??平	PPPZ??P	平/平/平/去/平上/平上/平
7b587933367d4562b8c99ff4dac61d63	谢灵运	燕歌行	宋	7	11	展转思服悲明星	上??入平平平	ZZ?ZPPP	上/上去/平去/入/平/平/平
7b587933367d45626bc8e8f1907af5f5	谢灵运	鞠歌行	宋	7	0	德不孤兮必有邻	入入平平入上平	Z?PPZZP	入/平上入/平/平/入/上/平
7b587933367d45626bc8e8f1907af5f5	谢灵运	鞠歌行	宋	7	1	唱和之契冥相因	去?平?平?平	Z?PZP?P	去/平去/平/去入/平/平去/平
7b587933367d45626bc8e8f1907af5f5	谢灵运	鞠歌行	宋	7	2	亦如形声影响陈	入平平平上上?	Z?PPZZ?	入/平去/平/平/上/上/平去
7b587933367d45626bc8e8f1907af5f5	谢灵运	鞠歌行	宋	7	3	心欢赏兮岁易沦	平平上平去?平	PPZPZZP	平/平/上/平/去/去入/平
7b587933367d45626bc8e8f1907af5f5	谢灵运	鞠歌行	宋	7	4	隐玉藏彩畴识真	上入?上平?平	ZZ?ZPZP	上去/入/平去/上/平/去入/平
7b587933367d45626bc8e8f1907af5f5	谢灵运	鞠歌行	宋	7	5	永言知己感良辰	上平平上上平平	ZPPZZPP	上/平/平/上/上/平/平
7b587933367d4562b39f5892e8caf49d	谢灵运	顺东西门行	宋	7	0	挥斤扶木坠虞泉	平?平入去平平	P?PZZPP	平/平去/平/入/去/平/平
7b587933367d4562b39f5892e8caf49d	谢灵运	顺东西门行	宋	7	1	思乐暂舍誓不旋	??去?去入?	?ZZZZ??	平去/去入/去/上去/去/平上入/平去
7b587933367d4562b39f5892e8caf49d	谢灵运	顺东西门行	宋	7	2	宿心载违徒昔言	?平?平平入平	ZPZPPZP	去入/平/上去/平/平/入/平
7b587933367d4562b39f5892e8caf49d	谢灵运	顺东西门行	宋	7	3	招命侪好相追牵	平去平??平?	PZPZ?P?	平/去/平/上去/平去/平/平去
7b587933367d4562fdfbaa9b2389df9e	谢灵运	述祖德诗二首·其一	宋	5	0	达人贵自我	?平去去上	ZPZZZ	去入/平/去/去/上
7b587933367d4562fdfbaa9b2389df9e	谢灵运	述祖德诗二首·其一	宋	5	1	高情属天云	平平入平平	PPZPP	平/平/入/平/平
7b587933367d4562fdfbaa9b2389df9e	谢灵运	述祖德诗二首·其一	宋	5	2	兼抱济物性	?上?入去	?ZZZZ	平去/上/上去/入/去
7b587933367d4562fdfbaa9b2389df9e	谢灵运	述祖德诗二首·其一	宋	5	3	而不缨垢氛	平入平上平	P?PZP	平/平上入/平/上/平
7b587933367d4562fdfbaa9b2389df9e	谢灵运	述祖德诗二首·其一	宋	5	4	段生藩魏国	去平平去入	Z?PZZ	去/平去/平/去/入
7b587933367d4562fdfbaa9b2389df9e	谢灵运	述祖德诗二首·其一	宋	5	5	展季救鲁民	上去去上平	ZZZZP	上/去/去/上/平
7b587933367d4562fdfbaa9b2389df9e	谢灵运	述祖德诗二首·其一	宋	5	6	弦高犒晋师	平平去去平	?PZZP	平去/平/去/去/平
7b587933367d4562fdfbaa9b2389df9e	谢灵运	述祖德诗二首·其一	宋	5	7	仲连却秦军	去平入平平	ZPZPP	去/平/入/平/平
7b587933367d4562fdfbaa9b2389df9e	谢灵运	述祖德诗二首·其一	宋	5	8	临组乍不緤	?上去入入	?ZZ?Z	平去/上/去/平上入/入
7b587933367d4562fdfbaa9b2389df9e	谢灵运	述祖德诗二首·其一	宋	5	9	对圭宁肯分	去平?上?	ZP?Z?	去/平/平上去/上/平去
7b587933367d4562fdfbaa9b2389df9e	谢灵运	述祖德诗二首·其一	宋	5	10	惠物辞所赏	去入平上上	ZZPZZ	去/入/平/上/上
7b587933367d4562fdfbaa9b2389df9e	谢灵运	述祖德诗二首·其一	宋	5	11	励志故绝人	去去去入平	ZZZZP	去/去/去/入/平
7b587933367d4562fdfbaa9b2389df9e	谢灵运	述祖德诗二首·其一	宋	5	12	苕苕历千载	平平入平?	PPZPZ	平/平/入/平/上去
7b587933367d4562fdfbaa9b2389df9e	谢灵运	述祖德诗二首·其一	宋	5	13	遥遥播清尘	平平去平平	PPZPP	平/平/去/平/平
7b587933367d4562fdfbaa9b2389df9e	谢灵运	述祖德诗二首·其一	宋	5	14	清尘竟谁嗣	平平去平去	PPZPZ	平/平/去/平/去
7b587933367d4562fdfbaa9b2389df9e	谢灵运	述祖德诗二首·其一	宋	5	15	明哲垂经纶	平入平?平	PZP?P	平/入/平/平去/平
7b587933367d4562fdfbaa9b2389df9e	谢灵运	述祖德诗二首·其一	宋	5	16	委讲辍道论	?上?上?	?ZZZ?	平上/上/去入/上/平去
7b587933367d4562fdfbaa9b2389df9e	谢灵运	述祖德诗二首·其一	宋	5	17	改服康世屯	上入平去平	ZZPZP	上/入/平/去/平
7b587933367d4562fdfbaa9b2389df9e	谢灵运	述祖德诗二首·其一	宋	5	18	屯难既云康	平平去平平	P?ZPP	平/平去/去/平/平
7b587933367d4562fdfbaa9b2389df9e	谢灵运	述祖德诗二首·其一	宋	5	19	尊主隆斯民	平上平平平	PZPPP	平/上/平/平/平
7b587933367d4562d664084854c23c40	谢灵运	述祖德诗二首·其二	宋	5	0	中原昔丧乱	?平入?去	?PZ?Z	平去/平/入/平去/去
7b587933367d4562d664084854c23c40	谢灵运	述祖德诗二首·其二	宋	5	1	丧乱岂解已	?去上?上	?ZZZZ	平去/去/上/上去/上去
7b587933367d4562d664084854c23c40	谢灵运	述祖德诗二首·其二	宋	5	2	崩腾永嘉末	平平上平入	PPZPZ	平/平/上/平/入
7b587933367d4562d664084854c23c40	谢灵运	述祖德诗二首·其二	宋	5	3	逼迫太元始	入入去平上	ZZZPZ	入/入/去/平/上
7b587933367d4562d664084854c23c40	谢灵运	述祖德诗二首·其二	宋	5	4	河外无反正	平去平??	PZP??	平/去/平/平上/平去
7b587933367d4562d664084854c23c40	谢灵运	述祖德诗二首·其二	宋	5	5	江介有䠞圯	平去上?平	PZZ?P	平/去/上//平
7b587933367d4562d664084854c23c40	谢灵运	述祖德诗二首·其二	宋	5	6	万邦咸震慑	去平平去入	ZPPZZ	去入/平/平/去/入
7b587933367d4562d664084854c23c40	谢灵运	述祖德诗二首·其二	宋	5	7	横流赖君子	平平去平上	?PZPZ	平去/平/去/平/上
7b587933367d4562d664084854c23c40	谢灵运	述祖德诗二首·其二	宋	5	8	拯溺由道情	上入平上平	ZZPZP	上/入/平/上/平
7b587933367d4562d664084854c23c40	谢灵运	述祖德诗二首·其二	宋	5	9	龛暴资神理	平?平平上	PZPPZ	平/去入/平/平/上
7b587933367d4562d664084854c23c40	谢灵运	述祖德诗二首·其二	宋	5	10	秦赵欣来苏	平上平平平	PZPPP	平/上/平/平/平
7b587933367d4562d664084854c23c40	谢灵运	述祖德诗二首·其二	宋	5	11	燕魏迟文轨	?去平平上	?ZPPZ	平去/去/平/平/上
7b587933367d4562d664084854c23c40	谢灵运	述祖德诗二首·其二	宋	5	12	贤相谢世运	平?去去去	P?ZZZ	平/平去/去/去/去
7b587933367d4562d664084854c23c40	谢灵运	述祖德诗二首·其二	宋	5	13	远图因事止	?平平去上	ZPPZZ	上去/平/平/去/上
7b587933367d4562d664084854c23c40	谢灵运	述祖德诗二首·其二	宋	5	14	高揖七州外	平入入平去	PZZPZ	平/入/入/平/去
7b587933367d4562d664084854c23c40	谢灵运	述祖德诗二首·其二	宋	5	15	拂衣五湖里	入?上平上	Z?ZPZ	入/平去/上/平/上
7b587933367d4562d664084854c23c40	谢灵运	述祖德诗二首·其二	宋	5	16	随山疏浚潭	平平?去?	PP?Z?	平/平/平去/去/平上
7b587933367d4562d664084854c23c40	谢灵运	述祖德诗二首·其二	宋	5	17	傍岩艺枌梓	?平去平上	?PZPZ	平去/平/去/平/上
7b587933367d4562d664084854c23c40	谢灵运	述祖德诗二首·其二	宋	5	18	遗情舍尘物	?平?平入	?PZPZ	平去/平/上去/平/入
7b587933367d4562d664084854c23c40	谢灵运	述祖德诗二首·其二	宋	5	19	贞观丘壑美	平?平入上	P?PZZ	平/平去/平/入/上
7b587933367d456238b51e026848a5c1	谢灵运	九日从宋公戏马台集送孔令诗	宋	5	0	季秋边朔苦	去平平入上	ZPPZZ	去/平/平/入/上去
7b587933367d456238b51e026848a5c1	谢灵运	九日从宋公戏马台集送孔令诗	宋	5	1	旅雁违霜雪	上去平平入	ZZPPZ	上/去/平/平/入
7b587933367d456238b51e026848a5c1	谢灵运	九日从宋公戏马台集送孔令诗	宋	5	2	凄凄阳卉腓	平平平??	PPPZ?	平/平/平/上去/平去
7b587933367d456238b51e026848a5c1	谢灵运	九日从宋公戏马台集送孔令诗	宋	5	3	皎皎寒潭絜	上上平?入	ZZP?Z	上/上/平/平上/入
7b587933367d456238b51e026848a5c1	谢灵运	九日从宋公戏马台集送孔令诗	宋	5	4	良辰感圣心	平平上?平	PPZZP	平/平/上/去入/平
7b587933367d456238b51e026848a5c1	谢灵运	九日从宋公戏马台集送孔令诗	宋	5	5	云旗兴暮节	平平?去入	PP?ZZ	平/平/平去/去/入
7b587933367d456238b51e026848a5c1	谢灵运	九日从宋公戏马台集送孔令诗	宋	5	6	鸣葭戾朱宫	平平?平平	PPZPP	平/平/去入/平/平
7b587933367d456238b51e026848a5c1	谢灵运	九日从宋公戏马台集送孔令诗	宋	5	7	兰巵献时哲	平平?平入	PP?PZ	平/平/平去/平/入
7b587933367d456238b51e026848a5c1	谢灵运	九日从宋公戏马台集送孔令诗	宋	5	8	饯宴光有孚	??平上平	ZZ?ZP	上去/上去/平去/上/平
7b587933367d456238b51e026848a5c1	谢灵运	九日从宋公戏马台集送孔令诗	宋	5	9	和乐隆所缺	??平上入	?ZPZZ	平去/去入/平/上/入
7b587933367d456238b51e026848a5c1	谢灵运	九日从宋公戏马台集送孔令诗	宋	5	10	在宥天下理	?去平?上	ZZPZZ	上去/去/平/上去/上
7b587933367d456238b51e026848a5c1	谢灵运	九日从宋公戏马台集送孔令诗	宋	5	11	吹万群方悦	?去平平入	?ZPPZ	平去/去入/平/平/入
7b587933367d456238b51e026848a5c1	谢灵运	九日从宋公戏马台集送孔令诗	宋	5	12	归客遂海隅	平入去上平	PZZZP	平/入/去/上/平
7b587933367d456238b51e026848a5c1	谢灵运	九日从宋公戏马台集送孔令诗	宋	5	13	脱冠谢朝列	入?去平?	Z?ZP?	入/平去/去/平/平入
7b587933367d456238b51e026848a5c1	谢灵运	九日从宋公戏马台集送孔令诗	宋	5	14	弭棹薄枉渚	上去入上上	ZZZZZ	上/去/入/上/上
7b587933367d456238b51e026848a5c1	谢灵运	九日从宋公戏马台集送孔令诗	宋	5	15	指景待乐阕	上上上?入	ZZZZZ	上/上/上/去入/入
7b587933367d456238b51e026848a5c1	谢灵运	九日从宋公戏马台集送孔令诗	宋	5	16	河流有急澜	平平上入?	PPZZ?	平/平/上/入/平去
7b587933367d456238b51e026848a5c1	谢灵运	九日从宋公戏马台集送孔令诗	宋	5	17	浮骖无缓辙	平平平上入	PPPZZ	平/平/平/上/入
7b587933367d456238b51e026848a5c1	谢灵运	九日从宋公戏马台集送孔令诗	宋	5	18	岂伊川途念	上平平平去	ZPPPZ	上/平/平/平/去
7b587933367d456238b51e026848a5c1	谢灵运	九日从宋公戏马台集送孔令诗	宋	5	19	宿心愧将别	?平去?入	ZPZ?Z	去入/平/去/平去/去入
7b587933367d456238b51e026848a5c1	谢灵运	九日从宋公戏马台集送孔令诗	宋	5	20	彼美丘园道	上上平平上	ZZPPZ	上/上/平/平/上
7b587933367d456238b51e026848a5c1	谢灵运	九日从宋公戏马台集送孔令诗	宋	5	21	喟焉伤薄劣	去平平入入	ZP?ZZ	去/平/平去/入/入
7b587933367d456268f85e577f5d108d	谢灵运	彭城宫中直感岁暮诗 	宋	5	0	草草眷徂物	上上去平入	ZZZPZ	上/上/去/平/入
7b587933367d456268f85e577f5d108d	谢灵运	彭城宫中直感岁暮诗 	宋	5	1	契契矜岁殚	??平去平	ZZPZP	去入/去入/平/去/平
7b587933367d456268f85e577f5d108d	谢灵运	彭城宫中直感岁暮诗 	宋	5	2	楚艳起行戚	上去上?入	ZZZ?Z	上去/去/上/平去/入
7b587933367d456268f85e577f5d108d	谢灵运	彭城宫中直感岁暮诗 	宋	5	3	吴趋绝归欢	平平入平平	PPZPP	平/平/入/平/平
7b587933367d456268f85e577f5d108d	谢灵运	彭城宫中直感岁暮诗 	宋	5	4	修带缓旧裳	平去上去平	PZZZP	平/去/上/去/平
7b587933367d456268f85e577f5d108d	谢灵运	彭城宫中直感岁暮诗 	宋	5	5	素鬓改朱颜	去去上平平	ZZZPP	去/去/上/平/平
7b587933367d456268f85e577f5d108d	谢灵运	彭城宫中直感岁暮诗 	宋	5	6	晚暮悲独坐	上去平入上	ZZPZZ	上/去/平/入/上去
7b587933367d456268f85e577f5d108d	谢灵运	彭城宫中直感岁暮诗 	宋	5	7	鸣鶗歇春兰	平?入平平	P?ZPP	平//入/平/平
7b587933367d45625b798a19690eab64	谢灵运	从游京口北固应诏诗	宋	5	0	玉玺戒诚信	入上去平去	ZZZPZ	入/上/去/平/去
7b587933367d45625b798a19690eab64	谢灵运	从游京口北固应诏诗	宋	5	1	黄屋示崇高	平入?平平	PZ?PP	平/入/平去/平/平
7b587933367d45625b798a19690eab64	谢灵运	从游京口北固应诏诗	宋	5	2	事为名教用	去?平?去	Z?P?Z	去/平去/平/平去/去
7b587933367d45625b798a19690eab64	谢灵运	从游京口北固应诏诗	宋	5	3	道以神理超	上上平上平	ZZPZP	上/上/平/上/平
7b587933367d45625b798a19690eab64	谢灵运	从游京口北固应诏诗	宋	5	4	昔闻汾水游	入平平上平	Z?PZP	入/平去/平/上/平
7b587933367d45625b798a19690eab64	谢灵运	从游京口北固应诏诗	宋	5	5	今见尘外镳	平去平去平	PZPZP	平/去/平/去/平
7b587933367d45625b798a19690eab64	谢灵运	从游京口北固应诏诗	宋	5	6	鸣笳发春渚	平平入平上	PPZPZ	平/平/入/平/上
7b587933367d45625b798a19690eab64	谢灵运	从游京口北固应诏诗	宋	5	7	税銮登山椒	去平平平平	ZPPPP	去/平/平/平/平
7b587933367d45625b798a19690eab64	谢灵运	从游京口北固应诏诗	宋	5	8	张组眺倒景	?上去?上	?ZZZZ	平去/上/去/上去/上
7b587933367d45625b798a19690eab64	谢灵运	从游京口北固应诏诗	宋	5	9	列筵瞩归潮	?平入平平	?PZPP	平入/平/入/平/平
7b587933367d45625b798a19690eab64	谢灵运	从游京口北固应诏诗	宋	5	10	远岩映兰薄	?平去平入	ZPZPZ	上去/平/上去/平/入
7b587933367d45625b798a19690eab64	谢灵运	从游京口北固应诏诗	宋	5	11	白日丽江皋	入入?平平	ZZ?PP	入/入/平去/平/平
7b587933367d45625b798a19690eab64	谢灵运	从游京口北固应诏诗	宋	5	12	原隰荑绿柳	平入平入上	PZPZZ	平/入/平/入/上
7b587933367d45625b798a19690eab64	谢灵运	从游京口北固应诏诗	宋	5	13	墟囿散红桃	平??平平	PZZPP	平/去入/上去/平/平
7b587933367d45625b798a19690eab64	谢灵运	从游京口北固应诏诗	宋	5	14	皇心美阳泽	平平上平入	PPZPZ	平/平/上/平/入
7b587933367d45625b798a19690eab64	谢灵运	从游京口北固应诏诗	宋	5	15	万象咸光昭	去上平平平	ZZP?P	去入/上/平/平去/平
7b587933367d45625b798a19690eab64	谢灵运	从游京口北固应诏诗	宋	5	16	顾己枉维絷	去上上平入	ZZZPZ	去/上/上/平/入
7b587933367d45625b798a19690eab64	谢灵运	从游京口北固应诏诗	宋	5	17	抚志惭场苗	上去平平平	ZZPPP	上/去/平/平/平
7b587933367d45625b798a19690eab64	谢灵运	从游京口北固应诏诗	宋	5	18	工拙各所宜	平入入上平	PZZZP	平/入/入/上/平
7b587933367d45625b798a19690eab64	谢灵运	从游京口北固应诏诗	宋	5	19	终所反林巢	平上?平?	PZ?P?	平/上/平上/平/平去
7b587933367d45625b798a19690eab64	谢灵运	从游京口北固应诏诗	宋	5	20	曾是萦旧想	平上平去上	PZPZZ	平/上/平/去/上
7b587933367d45625b798a19690eab64	谢灵运	从游京口北固应诏诗	宋	5	21	览物奏长谣	上入去?平	ZZZ?P	上/入/去/平上去/平
7b587933367d4562efb6a62ed6bb06a4	谢灵运	永初三年七月十六日之郡初发都诗 	宋	5	0	述职期阑暑	入入平平上	ZZPPZ	入/入/平/平/上
7b587933367d4562efb6a62ed6bb06a4	谢灵运	永初三年七月十六日之郡初发都诗 	宋	5	1	理棹变金素	上去去平去	ZZZPZ	上/去/去/平/去
7b587933367d4562efb6a62ed6bb06a4	谢灵运	永初三年七月十六日之郡初发都诗 	宋	5	2	秋岸澄夕阴	平去平入平	PZPZP	平/去/平/入/平
7b587933367d4562efb6a62ed6bb06a4	谢灵运	永初三年七月十六日之郡初发都诗 	宋	5	3	火旻团朝露	上平平平去	ZPPPZ	上/平/平/平/去
7b587933367d4562efb6a62ed6bb06a4	谢灵运	永初三年七月十六日之郡初发都诗 	宋	5	4	辛苦谁为情	平上平?平	PZP?P	平/上去/平/平去/平
7b587933367d4562efb6a62ed6bb06a4	谢灵运	永初三年七月十六日之郡初发都诗 	宋	5	5	游子值颓暮	平上去平去	PZZPZ	平/上/去/平/去
7b587933367d4562efb6a62ed6bb06a4	谢灵运	永初三年七月十六日之郡初发都诗 	宋	5	6	爱似庄念昔	去上平去入	ZZPZZ	去/上/平/去/入
7b587933367d4562efb6a62ed6bb06a4	谢灵运	永初三年七月十六日之郡初发都诗 	宋	5	7	久敬曾存故	上去平平去	ZZPPZ	上/去/平/平/去
7b587933367d4562efb6a62ed6bb06a4	谢灵运	永初三年七月十六日之郡初发都诗 	宋	5	8	如何怀土心	平平平上平	??PZP	平去/平上/平/上/平
7b587933367d4562efb6a62ed6bb06a4	谢灵运	永初三年七月十六日之郡初发都诗 	宋	5	9	持此谢远度	平上去??	PZZZZ	平/上/去/上去/去入
7b587933367d4562efb6a62ed6bb06a4	谢灵运	永初三年七月十六日之郡初发都诗 	宋	5	10	李牧愧长袖	上入去?去	ZZZ?Z	上/入/去/平上去/去
7b587933367d4562efb6a62ed6bb06a4	谢灵运	永初三年七月十六日之郡初发都诗 	宋	5	11	郄克惭躧步	?入平上去	?ZPZZ	/入/平/上/去
7b587933367d4562efb6a62ed6bb06a4	谢灵运	永初三年七月十六日之郡初发都诗 	宋	5	12	良时不见遗	平平入去?	PP?Z?	平/平/平上入/去/平去
7b587933367d4562efb6a62ed6bb06a4	谢灵运	永初三年七月十六日之郡初发都诗 	宋	5	13	丑状不成恶	上去入平?	ZZ?P?	上/去/平上入/平/平去入
7b587933367d4562efb6a62ed6bb06a4	谢灵运	永初三年七月十六日之郡初发都诗 	宋	5	14	曰余亦支离	入平入平?	ZPZP?	入/平/入/平/平去
7b587933367d4562efb6a62ed6bb06a4	谢灵运	永初三年七月十六日之郡初发都诗 	宋	5	15	依方早有慕	平平上上去	PPZZZ	平/平/上/上/去
7b587933367d4562efb6a62ed6bb06a4	谢灵运	永初三年七月十六日之郡初发都诗 	宋	5	16	生幸休明世	平上平平去	?ZPPZ	平去/上/平/平/去
7b587933367d4562efb6a62ed6bb06a4	谢灵运	永初三年七月十六日之郡初发都诗 	宋	5	17	亲蒙英达顾	??平?去	??PZZ	平去/平上/平/去入/去
7b587933367d4562efb6a62ed6bb06a4	谢灵运	永初三年七月十六日之郡初发都诗 	宋	5	18	空班赵氏璧	?平上?入	?PZ?Z	平去/平/上/平上/入
7b587933367d4562efb6a62ed6bb06a4	谢灵运	永初三年七月十六日之郡初发都诗 	宋	5	19	徒乖魏王瓠	平平去平?	PPZ??	平/平/去/平去/平去
7b587933367d4562efb6a62ed6bb06a4	谢灵运	永初三年七月十六日之郡初发都诗 	宋	5	20	从来渐二纪	?平?去上	?P?ZZ	平去/平/平上/去/上
7b587933367d4562efb6a62ed6bb06a4	谢灵运	永初三年七月十六日之郡初发都诗 	宋	5	21	始得傍归路	上入?平去	ZZ?PZ	上/入/平去/平/去
7b587933367d4562efb6a62ed6bb06a4	谢灵运	永初三年七月十六日之郡初发都诗 	宋	5	22	将穷山海迹	?平平上入	?PPZZ	平去/平/平/上/入
7b587933367d4562efb6a62ed6bb06a4	谢灵运	永初三年七月十六日之郡初发都诗 	宋	5	23	永绝赏心悟	上入上平去	ZZZPZ	上/入/上/平/去
7b587933367d45620806540dd03cd8b3	谢灵运	邻里相送至方山诗 	宋	5	0	祗役出皇邑	平入入平入	PZZPZ	平/入/去入/平/入
7b587933367d45620806540dd03cd8b3	谢灵运	邻里相送至方山诗 	宋	5	1	相期憩瓯越	?平去平入	?PZPZ	平去/平/去/平/入
7b587933367d45620806540dd03cd8b3	谢灵运	邻里相送至方山诗 	宋	5	2	解缆及流潮	?去入平平	ZZZPP	上去/去/入/平/平
7b587933367d45620806540dd03cd8b3	谢灵运	邻里相送至方山诗 	宋	5	3	怀旧不能发	平去入平入	PZ??Z	平/去/平上入/平上去/入
7b587933367d45620806540dd03cd8b3	谢灵运	邻里相送至方山诗 	宋	5	4	析析就衰林	入入去平平	ZZZPP	入/入/去/平/平
7b587933367d45620806540dd03cd8b3	谢灵运	邻里相送至方山诗 	宋	5	5	皎皎明秋月	上上平平入	ZZPPZ	上/上/平/平/入
7b587933367d45620806540dd03cd8b3	谢灵运	邻里相送至方山诗 	宋	5	6	含情易为盈	平平??平	PPZ?P	平/平/去入/平去/平
7b587933367d45620806540dd03cd8b3	谢灵运	邻里相送至方山诗 	宋	5	7	遇物难可歇	去入平上入	ZZ?ZZ	去/入/平去/上/入
7b587933367d45620806540dd03cd8b3	谢灵运	邻里相送至方山诗 	宋	5	8	积疴谢生虑	入?去平去	Z?Z?Z	去入/平去/去/平去/去
7b587933367d45620806540dd03cd8b3	谢灵运	邻里相送至方山诗 	宋	5	9	寡欲罕所阙	上入?上入	ZZ?ZZ	上/入//上/入
7b587933367d45620806540dd03cd8b3	谢灵运	邻里相送至方山诗 	宋	5	10	资此永幽栖	平上上平?	PZZP?	平/上/上/平/平去
7b587933367d45620806540dd03cd8b3	谢灵运	邻里相送至方山诗 	宋	5	11	岂伊年岁别	上平平去入	ZPPZZ	上/平/平/去/去入
7b587933367d45620806540dd03cd8b3	谢灵运	邻里相送至方山诗 	宋	5	12	各勉日新志	入上入平去	ZZZPZ	入/上/入/平/去
7b587933367d45620806540dd03cd8b3	谢灵运	邻里相送至方山诗 	宋	5	13	音尘慰寂蔑	平平去入入	PPZZZ	平/平/去/入/入
7b587933367d4562411e9d5d40d9e3c5	谢灵运	富春渚诗 	宋	5	0	宵济渔浦潭	平?平上?	PZPZ?	平/上去/平/上/平上
7b587933367d4562411e9d5d40d9e3c5	谢灵运	富春渚诗 	宋	5	1	旦及富春郭	去入去平入	ZZZPZ	去/入/去/平/入
7b587933367d4562411e9d5d40d9e3c5	谢灵运	富春渚诗 	宋	5	2	定山缅云雾	去平上平去	ZPZPZ	去/平/上/平/去
7b587933367d4562411e9d5d40d9e3c5	谢灵运	富春渚诗 	宋	5	3	赤亭无淹薄	入平平?入	ZPP?Z	入/平/平/平去/入
7b587933367d4562411e9d5d40d9e3c5	谢灵运	富春渚诗 	宋	5	4	溯流触惊急	?平入平入	?PZPZ	/平/入/平/入
7b587933367d4562411e9d5d40d9e3c5	谢灵运	富春渚诗 	宋	5	5	临圻阻参错	?平???	?PZ?Z	平去/平/上去/平去/去入
7b587933367d4562411e9d5d40d9e3c5	谢灵运	富春渚诗 	宋	5	6	亮乏伯昏分	去入入平?	ZZZP?	去/入/入/平/平去
7b587933367d4562411e9d5d40d9e3c5	谢灵运	富春渚诗 	宋	5	7	险过吕梁壑	上?上平入	Z?ZPZ	上/平去/上/平/入
7b587933367d4562411e9d5d40d9e3c5	谢灵运	富春渚诗 	宋	5	8	洊至宜便习	去去平?入	ZZP?Z	去/去/平/平去/入
7b587933367d4562411e9d5d40d9e3c5	谢灵运	富春渚诗 	宋	5	9	兼山贵止托	?平去上入	?PZZZ	平去/平/去/上/入
7b587933367d4562411e9d5d40d9e3c5	谢灵运	富春渚诗 	宋	5	10	平生协幽期	平平入平平	P?ZPP	平/平去/入/平/平
7b587933367d4562411e9d5d40d9e3c5	谢灵运	富春渚诗 	宋	5	11	沦踬困微弱	平去去平入	PZZPZ	平/去/去/平/入
7b587933367d4562411e9d5d40d9e3c5	谢灵运	富春渚诗 	宋	5	12	久露干禄请	上去?入?	ZZ?Z?	上/去/平去/入/平上去
7b587933367d4562411e9d5d40d9e3c5	谢灵运	富春渚诗 	宋	5	13	始果远游诺	上上?平入	ZZZPZ	上/上/上去/平/入
7b587933367d4562411e9d5d40d9e3c5	谢灵运	富春渚诗 	宋	5	14	宿心渐申写	?平?平上	ZP?PZ	去入/平/平上/平/上
7b587933367d4562411e9d5d40d9e3c5	谢灵运	富春渚诗 	宋	5	15	万事俱零落	去去平?入	ZZP?Z	去入/去/平/平去/入
7b587933367d4562411e9d5d40d9e3c5	谢灵运	富春渚诗 	宋	5	16	怀抱既昭旷	平上去平去	PZZPZ	平/上/去/平/去
7b587933367d4562411e9d5d40d9e3c5	谢灵运	富春渚诗 	宋	5	17	外物徒龙蠖	去入平平入	ZZPPZ	去/入/平/平/入
7b587933367d456231eafe5d7c76cf10	谢灵运	登永嘉绿嶂山诗 	宋	5	0	裹粮杖轻策	?平上?入	ZPZ?Z	上去/平/上/平去/入
7b587933367d456231eafe5d7c76cf10	谢灵运	登永嘉绿嶂山诗 	宋	5	1	怀迟上幽室	平平?平入	PPZPZ	平/平/上去/平/入
7b587933367d456231eafe5d7c76cf10	谢灵运	登永嘉绿嶂山诗 	宋	5	2	行源径转远	?平去??	?PZZZ	平去/平/去/上去/上去
7b587933367d456231eafe5d7c76cf10	谢灵运	登永嘉绿嶂山诗 	宋	5	3	距陆情未毕	上入平去入	ZZPZZ	上/入/平/去/入
7b587933367d456231eafe5d7c76cf10	谢灵运	登永嘉绿嶂山诗 	宋	5	4	澹潋结寒姿	??入平平	?ZZPP	平上去/上去/入/平/平
7b587933367d456231eafe5d7c76cf10	谢灵运	登永嘉绿嶂山诗 	宋	5	5	团栾润霜质	平平去平?	PPZPZ	平/平/去/平/去入
7b587933367d456231eafe5d7c76cf10	谢灵运	登永嘉绿嶂山诗 	宋	5	6	涧委水屡迷	去?上去平	Z?ZZP	去/平上/上/去/平
7b587933367d456231eafe5d7c76cf10	谢灵运	登永嘉绿嶂山诗 	宋	5	7	林迥岩逾密	平上平平入	PZPPZ	平/上/平/平/入
7b587933367d456231eafe5d7c76cf10	谢灵运	登永嘉绿嶂山诗 	宋	5	8	眷西谓初月	去平去平入	ZPZPZ	去/平/去/平/入
7b587933367d456231eafe5d7c76cf10	谢灵运	登永嘉绿嶂山诗 	宋	5	9	顾东疑落日	去平平入入	ZPPZZ	去/平/平/入/入
7b587933367d456231eafe5d7c76cf10	谢灵运	登永嘉绿嶂山诗 	宋	5	10	践夕奄昏曙	上入上平去	ZZZPZ	上/入/上/平/去
7b587933367d456231eafe5d7c76cf10	谢灵运	登永嘉绿嶂山诗 	宋	5	11	蔽翳皆周悉	去?平平入	Z?PPZ	去/平去/平/平/入
7b587933367d456231eafe5d7c76cf10	谢灵运	登永嘉绿嶂山诗 	宋	5	12	蛊上贵不事	上?去入去	ZZZ?Z	上/上去/去/平上入/去
7b587933367d456231eafe5d7c76cf10	谢灵运	登永嘉绿嶂山诗 	宋	5	13	履二美贞吉	上去上平入	ZZZPZ	上/去/上/平/入
7b587933367d456231eafe5d7c76cf10	谢灵运	登永嘉绿嶂山诗 	宋	5	14	幽人常坦步	平平平上去	PPPZZ	平/平/平/上/去
7b587933367d456231eafe5d7c76cf10	谢灵运	登永嘉绿嶂山诗 	宋	5	15	高尚邈难匹	平?入平入	P?Z?Z	平/平去/入/平去/入
7b587933367d456231eafe5d7c76cf10	谢灵运	登永嘉绿嶂山诗 	宋	5	16	颐阿竟何端	平平去平平	PPZ?P	平/平/去/平上/平
7b587933367d456231eafe5d7c76cf10	谢灵运	登永嘉绿嶂山诗 	宋	5	17	寂寂寄抱一	入入去上入	ZZZZZ	入/入/去/上/入
7b587933367d456231eafe5d7c76cf10	谢灵运	登永嘉绿嶂山诗 	宋	5	18	恬如既已交	平平去上平	P?ZZP	平/平去/去/上去/平
7b587933367d456231eafe5d7c76cf10	谢灵运	登永嘉绿嶂山诗 	宋	5	19	缮性自此出	去去去上入	ZZZZZ	去/去/去/上/去入
7b587933367d456223cddc056437cea4	谢灵运	郡东山望溟海诗 	宋	5	0	开春献初岁	平平?平去	PP?PZ	平/平/平去/平/去
7b587933367d456223cddc056437cea4	谢灵运	郡东山望溟海诗 	宋	5	1	白日出悠悠	入入入平平	ZZZPP	入/入/去入/平/平
7b587933367d456223cddc056437cea4	谢灵运	郡东山望溟海诗 	宋	5	2	荡志将愉乐	?去?平?	?Z?PZ	平上去/去/平去/平/去入
7b587933367d456223cddc056437cea4	谢灵运	郡东山望溟海诗 	宋	5	3	瞰海庶忘忧	去上去去平	ZZZZ?	去/上/去/去/平去
7b587933367d456223cddc056437cea4	谢灵运	郡东山望溟海诗 	宋	5	4	策马步兰皋	入上去平平	ZZZPP	入/上/去/平/平
7b587933367d456223cddc056437cea4	谢灵运	郡东山望溟海诗 	宋	5	5	绁控息椒丘	入?入平平	Z?ZPP	入/平去/入/平/平
7b587933367d456223cddc056437cea4	谢灵运	郡东山望溟海诗 	宋	5	6	采蕙遵大薄	上去平去入	ZZPZZ	上/去/平/去/入
7b587933367d456223cddc056437cea4	谢灵运	郡东山望溟海诗 	宋	5	7	搴若履长洲	上?上?平	Z?Z?P	上/平上入/上/平上去/平
7b587933367d456223cddc056437cea4	谢灵运	郡东山望溟海诗 	宋	5	8	白花皓阳林	入平?平平	ZP?PP	入/平//平/平
7b587933367d456223cddc056437cea4	谢灵运	郡东山望溟海诗 	宋	5	9	紫薅晔春流	上平入平平	ZPZPP	上/平/入/平/平
7b587933367d456223cddc056437cea4	谢灵运	郡东山望溟海诗 	宋	5	10	非徒不弭忘	平平入上去	PP?ZZ	平/平/平上入/上/去
7b587933367d456223cddc056437cea4	谢灵运	郡东山望溟海诗 	宋	5	11	览物情弥道	上入平平上	ZZP?Z	上/入/平/平上/上
7b587933367d456223cddc056437cea4	谢灵运	郡东山望溟海诗 	宋	5	12	萱苏始无慰	平平上平去	PPZPZ	平/平/上/平/去
7b587933367d456223cddc056437cea4	谢灵运	郡东山望溟海诗 	宋	5	13	寂寞终可求	入入平上平	ZZPZP	入/入/平/上/平
7b587933367d4562bcf04ad560f8a418	谢灵运	游岭门山诗 	宋	5	0	西京谁修政	平平平平去	PPPPZ	平/平/平/平/去
7b587933367d4562bcf04ad560f8a418	谢灵运	游岭门山诗 	宋	5	1	龚汲称良吏	平入?平去	PZ?PZ	平/入/平去/平/去
7b587933367d4562bcf04ad560f8a418	谢灵运	游岭门山诗 	宋	5	2	君子岂定所	平上上去上	PZZZZ	平/上/上/去/上
7b587933367d4562bcf04ad560f8a418	谢灵运	游岭门山诗 	宋	5	3	清尘虑不嗣	平平去入去	PPZ?Z	平/平/去/平上入/去
7b587933367d4562bcf04ad560f8a418	谢灵运	游岭门山诗 	宋	5	4	早莅建德乡	上去去入平	ZZZZP	上/去/去/入/平
7b587933367d4562bcf04ad560f8a418	谢灵运	游岭门山诗 	宋	5	5	民怀虞芮意	平平平去去	PPPZZ	平/平/平/去/去
7b587933367d4562bcf04ad560f8a418	谢灵运	游岭门山诗 	宋	5	6	海岸常寥寥	上去平??	ZZP??	上/去/平/平入/平入
7b587933367d4562bcf04ad560f8a418	谢灵运	游岭门山诗 	宋	5	7	空馆盈清思	?去平平?	?ZPP?	平去/去/平/平/平去
7b587933367d4562bcf04ad560f8a418	谢灵运	游岭门山诗 	宋	5	8	协以上冬月	入上?平入	ZZZPZ	入/上/上去/平/入
7b587933367d4562bcf04ad560f8a418	谢灵运	游岭门山诗 	宋	5	9	晨游肆所喜	平平去上上	PPZZZ	平/平/去/上/上
7b587933367d4562bcf04ad560f8a418	谢灵运	游岭门山诗 	宋	5	10	千圻邈不同	平平入入?	PPZ??	平/平/入/平上入/平去
7b587933367d4562bcf04ad560f8a418	谢灵运	游岭门山诗 	宋	5	11	万岭状皆异	去?去平去	Z?ZP?	去入/平上/去/平/平去
7b587933367d4562bcf04ad560f8a418	谢灵运	游岭门山诗 	宋	5	12	威摧三山峭	平平平平去	PP?PZ	平/平/平去/平/去
7b587933367d4562bcf04ad560f8a418	谢灵运	游岭门山诗 	宋	5	13	瀄汩两江驶	入入上平?	ZZZPZ	入/入/上去/平/上去
7b587933367d4562bcf04ad560f8a418	谢灵运	游岭门山诗 	宋	5	14	渔舟岂安流	平平上平平	PPZPP	平/平/上/平/平
7b587933367d4562bcf04ad560f8a418	谢灵运	游岭门山诗 	宋	5	15	樵拾谢西芘	平入去平?	PZZP?	平/入/去/平/平去
7b587933367d4562bcf04ad560f8a418	谢灵运	游岭门山诗 	宋	5	16	人生谁云乐	平平平平?	P?PPZ	平/平去/平/平/去入
7b587933367d4562bcf04ad560f8a418	谢灵运	游岭门山诗 	宋	5	17	贵不屈所志	去入入上去	Z?ZZZ	去/平上入/入/上/去
7b587933367d4562112968182fd23ef4	谢灵运	石室山诗 	宋	5	0	清旦索幽异	平去入平去	PZZP?	平/去/入/平/平去
7b587933367d4562112968182fd23ef4	谢灵运	石室山诗 	宋	5	1	放舟越垌郊	?平入?平	ZPZ?P	上去/平/入//平
7b587933367d4562112968182fd23ef4	谢灵运	石室山诗 	宋	5	2	莓莓兰渚急	??平上入	??PZZ	平去/平去/平/上/入
7b587933367d4562112968182fd23ef4	谢灵运	石室山诗 	宋	5	3	藐藐苔岭高	??平?平	ZZP?P	上入/上入/平/平上/平
7b587933367d4562112968182fd23ef4	谢灵运	石室山诗 	宋	5	4	石室冠林陬	入入?平平	ZZ?PP	入/入/平去/平/平
7b587933367d4562112968182fd23ef4	谢灵运	石室山诗 	宋	5	5	飞泉发山椒	平平入平平	PPZPP	平/平/入/平/平
7b587933367d4562112968182fd23ef4	谢灵运	石室山诗 	宋	5	6	虚泛径千载	平?去平?	P?ZPZ	平/平去入/去/平/上去
7b587933367d4562112968182fd23ef4	谢灵运	石室山诗 	宋	5	7	峥嵘非一朝	平平平入平	PPPZP	平/平/平/入/平
7b587933367d4562112968182fd23ef4	谢灵运	石室山诗 	宋	5	8	乡村绝闻见	平平入?去	PPZ?Z	平/平/入/平去/去
7b587933367d4562112968182fd23ef4	谢灵运	石室山诗 	宋	5	9	樵苏限风霄	平平上平平	PPZ?P	平/平/上/平去/平
7b587933367d4562112968182fd23ef4	谢灵运	石室山诗 	宋	5	10	微戎无远览	平平平?上	PPPZZ	平/平/平/上去/上
7b587933367d4562112968182fd23ef4	谢灵运	石室山诗 	宋	5	11	总笄羡升乔	上平?平平	ZP?PP	上/平/平去/平/平
7b587933367d4562112968182fd23ef4	谢灵运	石室山诗 	宋	5	12	灵域久韬隐	平入上平上	PZZPZ	平/入/上/平/上去
7b587933367d4562112968182fd23ef4	谢灵运	石室山诗 	宋	5	13	如与心赏交	平?平上平	??PZP	平去/平上去/平/上/平
7b587933367d4562112968182fd23ef4	谢灵运	石室山诗 	宋	5	14	合欢不容言	入平入平平	ZP?PP	入/平/平上入/平/平
7b587933367d4562112968182fd23ef4	谢灵运	石室山诗 	宋	5	15	摘芳弄寒条	入平去平平	ZPZPP	入/平/去/平/平
7b587933367d4562b4223c2b446bdcde	谢灵运	登石室饭僧诗	宋	5	0	迎旭凌绝嶝	?入平入去	?ZPZZ	平去/入/平/入/去
7b587933367d4562b4223c2b446bdcde	谢灵运	登石室饭僧诗	宋	5	1	映泫归溆浦	去上平上上	ZZPZZ	上去/上/平/上/上
7b587933367d4562b4223c2b446bdcde	谢灵运	登石室饭僧诗	宋	5	2	钻燧断山木	?去?平入	?ZZPZ	平去入/去/上去/平/入
7b587933367d4562b4223c2b446bdcde	谢灵运	登石室饭僧诗	宋	5	3	掩岸墐石户	上去?入上	ZZ?ZZ	上/去/平去/入/上
7b587933367d4562b4223c2b446bdcde	谢灵运	登石室饭僧诗	宋	5	4	结架非丹甍	入去平平平	ZZPPP	入/去/平/平/平
7b587933367d4562b4223c2b446bdcde	谢灵运	登石室饭僧诗	宋	5	5	藉田资宿莽	?平平?上	ZPPZZ	去入/平/平/去入/上
7b587933367d4562b4223c2b446bdcde	谢灵运	登石室饭僧诗	宋	5	6	同游息心客	平平入平入	?PZPZ	平去/平/入/平/入
7b587933367d4562b4223c2b446bdcde	谢灵运	登石室饭僧诗	宋	5	7	暧然若可睹	去平?上上	ZP?ZZ	去/平/平上入/上/上
7b587933367d4562b4223c2b446bdcde	谢灵运	登石室饭僧诗	宋	5	8	清霄扬浮烟	平平平平平	PPPP?	平/平/平/平/平去
7b587933367d4562b4223c2b446bdcde	谢灵运	登石室饭僧诗	宋	5	9	空林响法鼓	平平上入?	?PZZ?	平去/平/上/入/
7b587933367d4562b4223c2b446bdcde	谢灵运	登石室饭僧诗	宋	5	10	忘怀狎鸥鯈	去平入平平	ZPZPP	去/平/入/平/平
7b587933367d4562b4223c2b446bdcde	谢灵运	登石室饭僧诗	宋	5	11	摄生驯兕虎	入平平上上	Z?PZZ	入/平去/平/上/上
7b587933367d4562b4223c2b446bdcde	谢灵运	登石室饭僧诗	宋	5	12	望岭眷灵鹫	??去平去	??ZPZ	平去/平上/去/平/去
7b587933367d4562b4223c2b446bdcde	谢灵运	登石室饭僧诗	宋	5	13	延心念净土	?平去去上	?PZZZ	平去/平/去/去/上
7b587933367d4562b4223c2b446bdcde	谢灵运	登石室饭僧诗	宋	5	14	若乘四等观	??去上?	??ZZ?	平上入/平去/去/上/平去
7b587933367d4562b4223c2b446bdcde	谢灵运	登石室饭僧诗	宋	5	15	永拔三界苦	上入平去上	ZZ?ZZ	上/入/平去/去/上去
7b587933367d4562bcab65d2b46646fc	谢灵运	登上戍石鼓山诗 	宋	5	0	旅人心长久	上平平?上	ZPP?Z	上/平/平/平上去/上
7b587933367d4562bcab65d2b46646fc	谢灵运	登上戍石鼓山诗 	宋	5	1	忧忧自相接	平平去?入	??Z?Z	平去/平去/去/平去/入
7b587933367d4562bcab65d2b46646fc	谢灵运	登上戍石鼓山诗 	宋	5	2	故乡路遥远	去平去平?	ZPZPZ	去/平/去/平/上去
7b587933367d4562bcab65d2b46646fc	谢灵运	登上戍石鼓山诗 	宋	5	3	川陆不可涉	平入入上入	PZ?ZZ	平/入/平上入/上/入
7b587933367d4562bcab65d2b46646fc	谢灵运	登上戍石鼓山诗 	宋	5	4	汩汩莫与娱	入入入??	ZZZ??	入/入/入/平上去/平去
7b587933367d4562bcab65d2b46646fc	谢灵运	登上戍石鼓山诗 	宋	5	5	发春托登蹑	入平入平入	ZPZPZ	入/平/入/平/入
7b587933367d4562bcab65d2b46646fc	谢灵运	登上戍石鼓山诗 	宋	5	6	欢愿既无并	平去去平?	PZZP?	平/去/去/平/平上去
7b587933367d4562bcab65d2b46646fc	谢灵运	登上戍石鼓山诗 	宋	5	7	戚虑庶有协	入去去上入	ZZZZZ	入/去/去/上/入
7b587933367d4562bcab65d2b46646fc	谢灵运	登上戍石鼓山诗 	宋	5	8	极目睐左阔	入入去?入	ZZZZZ	入/入/去/上去/入
7b587933367d4562bcab65d2b46646fc	谢灵运	登上戍石鼓山诗 	宋	5	9	回顾眺右狭	平去去?入	?ZZZZ	平去/去/去/上去/入
7b587933367d4562bcab65d2b46646fc	谢灵运	登上戍石鼓山诗 	宋	5	10	日没涧增波	入入去?平	ZZZ?P	入/入/去/平去/平
7b587933367d4562bcab65d2b46646fc	谢灵运	登上戍石鼓山诗 	宋	5	11	云生岭逾叠	平平?平入	P??PZ	平/平去/平上/平/入
7b587933367d4562bcab65d2b46646fc	谢灵运	登上戍石鼓山诗 	宋	5	12	白芷竞新苕	入上去平平	ZZZPP	入/上/去/平/平
7b587933367d4562bcab65d2b46646fc	谢灵运	登上戍石鼓山诗 	宋	5	13	绿蘋齐初叶	入平?平入	ZP?PZ	入/平/平去/平/入
7b587933367d4562bcab65d2b46646fc	谢灵运	登上戍石鼓山诗 	宋	5	14	摘芳芳靡谖	入平平上?	ZPPZ?	入/平/平/上/平上
7b587933367d4562bcab65d2b46646fc	谢灵运	登上戍石鼓山诗 	宋	5	15	愉乐乐不燮	平??入入	PZZ?Z	平/去入/去入/平上入/入
7b587933367d4562bcab65d2b46646fc	谢灵运	登上戍石鼓山诗 	宋	5	16	佳期缅无像	平平上平上	PPZPZ	平/平/上/平/上
7b587933367d4562bcab65d2b46646fc	谢灵运	登上戍石鼓山诗 	宋	5	17	骋望谁云惬	上?平平入	Z?PPZ	上/平去/平/平/入
7b587933367d4562b6e3629dd50e9369	谢灵运	石壁立招提精舍诗 	宋	5	0	四城有顿踬	去平上去去	ZPZZZ	去/平/上/去/去
7b587933367d4562b6e3629dd50e9369	谢灵运	石壁立招提精舍诗 	宋	5	1	三世无极已	平去平入上	?ZPZZ	平去/去/平/入/上去
7b587933367d4562b6e3629dd50e9369	谢灵运	石壁立招提精舍诗 	宋	5	2	浮欢昧眼前	平平去上平	PPZZP	平/平/去/上/平
7b587933367d4562b6e3629dd50e9369	谢灵运	石壁立招提精舍诗 	宋	5	3	沈照贯终始	?去?平上	?Z?PZ	平上去/去/平去/平/上
7b587933367d4562b6e3629dd50e9369	谢灵运	石壁立招提精舍诗 	宋	5	4	壮龄缓前期	去平上平平	ZPZPP	去/平/上/平/平
7b587933367d4562b6e3629dd50e9369	谢灵运	石壁立招提精舍诗 	宋	5	5	颓年迫暮齿	平平入去上	PPZZZ	平/平/入/去/上
7b587933367d4562b6e3629dd50e9369	谢灵运	石壁立招提精舍诗 	宋	5	6	挥霍梦幻顷	平入?去?	PZ?Z?	平/入/平去/去/平上
7b587933367d4562b6e3629dd50e9369	谢灵运	石壁立招提精舍诗 	宋	5	7	飘忽风雷起	平入平平上	PZ?PZ	平/入/平去/平/上
7b587933367d4562b6e3629dd50e9369	谢灵运	石壁立招提精舍诗 	宋	5	8	良缘迨未谢	平?上去去	P?ZZZ	平/平去/上/去/去
7b587933367d4562b6e3629dd50e9369	谢灵运	石壁立招提精舍诗 	宋	5	9	时逝不可俟	平去入上?	PZ?Z?	平/去/平上入/上/平上
7b587933367d4562b6e3629dd50e9369	谢灵运	石壁立招提精舍诗 	宋	5	10	敬拟灵鹫山	去上平去平	ZZPZP	去/上/平/去/平
7b587933367d4562b6e3629dd50e9369	谢灵运	石壁立招提精舍诗 	宋	5	11	尚想祗洹轨	?上平平上	?ZPPZ	平去/上/平/平/上
7b587933367d4562b6e3629dd50e9369	谢灵运	石壁立招提精舍诗 	宋	5	12	绝溜飞庭前	入去平平平	ZZPPP	入/去/平/平/平
7b587933367d4562b6e3629dd50e9369	谢灵运	石壁立招提精舍诗 	宋	5	13	高林映窗里	平平去?上	PPZ?Z	平/平/上去//上
7b587933367d4562b6e3629dd50e9369	谢灵运	石壁立招提精舍诗 	宋	5	14	禅室栖空观	?入???	?Z???	平去/入/平去/平去/平去
7b587933367d4562b6e3629dd50e9369	谢灵运	石壁立招提精舍诗 	宋	5	15	讲宇析妙理	上上入去上	ZZZZZ	上/上/入/去/上
7b587933367d4562c810c9dabb001e75	谢灵运	登石门最高顶诗 	宋	5	0	晨策寻绝壁	平入平入入	PZPZZ	平/入/平/入/入
7b587933367d4562c810c9dabb001e75	谢灵运	登石门最高顶诗 	宋	5	1	夕息在山栖	入入?平?	ZZZP?	入/入/上去/平/平去
7b587933367d4562c810c9dabb001e75	谢灵运	登石门最高顶诗 	宋	5	2	疏峰抗高馆	?平?平去	?P?PZ	平去/平/平去/平/去
7b587933367d4562c810c9dabb001e75	谢灵运	登石门最高顶诗 	宋	5	3	对岭临回溪	去??平平	Z???P	去/平上/平去/平去/平
7b587933367d4562c810c9dabb001e75	谢灵运	登石门最高顶诗 	宋	5	4	长林罗户庭	?平平上平	?PPZP	平上去/平/平/上/平
7b587933367d4562c810c9dabb001e75	谢灵运	登石门最高顶诗 	宋	5	5	积石拥基阶	入入上平平	ZZZPP	去入/入/上/平/平
7b587933367d4562c810c9dabb001e75	谢灵运	登石门最高顶诗 	宋	5	6	连岩觉路塞	平平?去?	PPZZZ	平/平/去入/去/去入
7b587933367d4562c810c9dabb001e75	谢灵运	登石门最高顶诗 	宋	5	7	密竹使径迷	入入?去平	ZZZZP	入/入/上去/去/平
7b587933367d4562c810c9dabb001e75	谢灵运	登石门最高顶诗 	宋	5	8	来人忘新术	平平去平入	PPZPZ	平/平/去/平/入
7b587933367d4562c810c9dabb001e75	谢灵运	登石门最高顶诗 	宋	5	9	去子惑故蹊	?上入去平	ZZZZP	上去/上/入/去/平
7b587933367d4562c810c9dabb001e75	谢灵运	登石门最高顶诗 	宋	5	10	活活夕流驶	入入入平?	ZZZPZ	入/入/入/平/上去
7b587933367d4562c810c9dabb001e75	谢灵运	登石门最高顶诗 	宋	5	11	噭噭夜猿啼	去去去平平	ZZZPP	去/去/去/平/平
7b587933367d4562c810c9dabb001e75	谢灵运	登石门最高顶诗 	宋	5	12	沉冥岂别理	平平上入上	PPZZZ	平/平/上/去入/上
7b587933367d4562c810c9dabb001e75	谢灵运	登石门最高顶诗 	宋	5	13	守道自不携	?上去入平	ZZZ?P	上去/上/去/平上入/平
7b587933367d4562c810c9dabb001e75	谢灵运	登石门最高顶诗 	宋	5	14	心契九秋干	平?上平?	PZZP?	平/去入/上/平/平去
7b587933367d4562c810c9dabb001e75	谢灵运	登石门最高顶诗 	宋	5	15	目玩三春荑	入去平平平	ZZ?PP	入/去/平去/平/平
7b587933367d4562c810c9dabb001e75	谢灵运	登石门最高顶诗 	宋	5	16	居常以待终	平平上上平	PPZZP	平/平/上/上/平
7b587933367d4562c810c9dabb001e75	谢灵运	登石门最高顶诗 	宋	5	17	处顺故安排	?去去平平	ZZZPP	上去/去/去/平/平
7b587933367d4562c810c9dabb001e75	谢灵运	登石门最高顶诗 	宋	5	18	惜无同怀客	入平?平入	ZP?PZ	入/平/平去/平/入
7b587933367d4562c810c9dabb001e75	谢灵运	登石门最高顶诗 	宋	5	19	共登青云梯	?平平平平	?PPPP	平去/平/平/平/平
7b587933367d4562660bec4922e1a8ec	谢灵运	行田登海口盘屿山诗 	宋	5	0	齐景恋遄台	?上去平平	?ZZPP	平去/上/去/平/平
7b587933367d4562660bec4922e1a8ec	谢灵运	行田登海口盘屿山诗 	宋	5	1	周穆厌紫宫	平入?上平	PZZZP	平/入/上去入/上/平
7b587933367d4562660bec4922e1a8ec	谢灵运	行田登海口盘屿山诗 	宋	5	2	牛山空洒涕	平平???	PP?ZZ	平/平/平去/上去/上去
7b587933367d4562660bec4922e1a8ec	谢灵运	行田登海口盘屿山诗 	宋	5	3	瑶池实欢悰	平平入平平	PPZPP	平/平/入/平/平
7b587933367d4562660bec4922e1a8ec	谢灵运	行田登海口盘屿山诗 	宋	5	4	年迫愿岂申	平入去上平	PZZZP	平/入/去/上/平
7b587933367d4562660bec4922e1a8ec	谢灵运	行田登海口盘屿山诗 	宋	5	5	游远心能通	平?平?平	PZP?P	平/上去/平/平上去/平
7b587933367d4562660bec4922e1a8ec	谢灵运	行田登海口盘屿山诗 	宋	5	6	大宝不欢娱	去上入平?	ZZ?P?	去/上/平上入/平/平去
7b587933367d4562660bec4922e1a8ec	谢灵运	行田登海口盘屿山诗 	宋	5	7	况乃守畿封	去上?平?	ZZZP?	去/上/上去/平/平去
7b587933367d4562660bec4922e1a8ec	谢灵运	行田登海口盘屿山诗 	宋	5	8	羁苦孰云慰	平上入平去	PZZPZ	平/上去/入/平/去
7b587933367d4562660bec4922e1a8ec	谢灵运	行田登海口盘屿山诗 	宋	5	9	观海藉朝风	?上?平平	?ZZP?	平去/上/去入/平/平去
7b587933367d4562660bec4922e1a8ec	谢灵运	行田登海口盘屿山诗 	宋	5	10	莫辨洪波极	入?平平入	ZZPPZ	入/上去/平/平/入
7b587933367d4562660bec4922e1a8ec	谢灵运	行田登海口盘屿山诗 	宋	5	11	谁知大壑东	平平去入平	PPZZP	平/平/去/入/平
7b587933367d4562660bec4922e1a8ec	谢灵运	行田登海口盘屿山诗 	宋	5	12	依稀采菱歌	平平上平平	PPZPP	平/平/上/平/平
7b587933367d4562660bec4922e1a8ec	谢灵运	行田登海口盘屿山诗 	宋	5	13	仿佛含颦容	?入平平平	?ZPPP	平上/入/平/平/平
7b587933367d4562660bec4922e1a8ec	谢灵运	行田登海口盘屿山诗 	宋	5	14	遨游碧沙渚	平平入平上	PPZ?Z	平/平/入/平去/上
7b587933367d4562660bec4922e1a8ec	谢灵运	行田登海口盘屿山诗 	宋	5	15	游衍丹山峰	平?平平平	PZPPP	平/上去/平/平/平
7b587933367d45621188696eb11b04ea	谢灵运	白石岩下径行田诗 	宋	5	0	小邑居易贫	上入平?平	ZZPZP	上/入/平/去入/平
7b587933367d45621188696eb11b04ea	谢灵运	白石岩下径行田诗 	宋	5	1	灾年民无生	平平平平平	PPPP?	平/平/平/平/平去
7b587933367d45621188696eb11b04ea	谢灵运	白石岩下径行田诗 	宋	5	2	知浅惧不周	平?去入平	P?Z?P	平/平上/去/平上入/平
7b587933367d45621188696eb11b04ea	谢灵运	白石岩下径行田诗 	宋	5	3	爱深忧在情	去平平?平	Z??ZP	去/平去/平去/上去/平
7b587933367d45621188696eb11b04ea	谢灵运	白石岩下径行田诗 	宋	5	4	莓蔷横海外	???上去	???ZZ	平去/平入/平去/上/去
7b587933367d45621188696eb11b04ea	谢灵运	白石岩下径行田诗 	宋	5	5	芜秽积颓龄	平去入平平	PZZPP	平/去/去入/平/平
7b587933367d45621188696eb11b04ea	谢灵运	白石岩下径行田诗 	宋	5	6	饥馑不可久	平去入上上	PZ?ZZ	平/去/平上入/上/上
7b587933367d45621188696eb11b04ea	谢灵运	白石岩下径行田诗 	宋	5	7	甘心务经营	平平去?平	PPZ?P	平/平/去/平去/平
7b587933367d45621188696eb11b04ea	谢灵运	白石岩下径行田诗 	宋	5	8	千顷带远堤	平?去??	P?ZZ?	平/平上/去/上去/平上
7b587933367d45621188696eb11b04ea	谢灵运	白石岩下径行田诗 	宋	5	9	万里泻长汀	去上???	ZZZ??	去入/上/上去/平上去/平去
7b587933367d45621188696eb11b04ea	谢灵运	白石岩下径行田诗 	宋	5	10	州流涓浍合	平平平去入	PPPZZ	平/平/平/去/入
7b587933367d45621188696eb11b04ea	谢灵运	白石岩下径行田诗 	宋	5	11	连统塍埒并	平去平入?	PZPZ?	平/去/平/入/平上去
7b587933367d45621188696eb11b04ea	谢灵运	白石岩下径行田诗 	宋	5	12	虽非楚宫化	平平上平去	PPZPZ	平/平/上去/平/去
7b587933367d45621188696eb11b04ea	谢灵运	白石岩下径行田诗 	宋	5	13	荒阙亦黎萌	?入入平平	?ZZPP	平去/入/入/平/平
7b587933367d45621188696eb11b04ea	谢灵运	白石岩下径行田诗 	宋	5	14	虽非郑白渠	平平去入平	PPZZP	平/平/去/入/平
7b587933367d45621188696eb11b04ea	谢灵运	白石岩下径行田诗 	宋	5	15	每岁望东京	?去?平平	ZZ?PP	上去/去/平去/平/平
7b587933367d45621188696eb11b04ea	谢灵运	白石岩下径行田诗 	宋	5	16	天鉴倘不孤	平??入平	P???P	平/平去//平上入/平
7b587933367d45621188696eb11b04ea	谢灵运	白石岩下径行田诗 	宋	5	17	来兹验微诚	平平去平平	PPZPP	平/平/去/平/平
7b587933367d4562dd237e92c168110e	谢灵运	斋中读书诗 	宋	5	0	昔余游京华	入平平平?	ZPPP?	入/平/平/平/平去
7b587933367d4562dd237e92c168110e	谢灵运	斋中读书诗 	宋	5	1	未尝废丘壑	去平去平入	ZPZPZ	去/平/去/平/入
7b587933367d4562dd237e92c168110e	谢灵运	斋中读书诗 	宋	5	2	矧乃归山川	上上平平平	ZZPPP	上/上/平/平/平
7b587933367d4562dd237e92c168110e	谢灵运	斋中读书诗 	宋	5	3	心迹双寂寞	平入平入入	PZPZZ	平/入/平/入/入
7b587933367d4562dd237e92c168110e	谢灵运	斋中读书诗 	宋	5	4	虚馆绝诤讼	平去入去?	PZZZ?	平/去/入/去/平去
7b587933367d4562dd237e92c168110e	谢灵运	斋中读书诗 	宋	5	5	空庭来鸟雀	平平平上入	?PPZZ	平去/平/平/上/入
7b587933367d4562dd237e92c168110e	谢灵运	斋中读书诗 	宋	5	6	卧疾丰暇豫	去入平去去	ZZPZZ	去/入/平/去/去
7b587933367d4562dd237e92c168110e	谢灵运	斋中读书诗 	宋	5	7	翰墨时间作	?入平平入	?ZP?Z	平去/入/平//去入
7b587933367d4562dd237e92c168110e	谢灵运	斋中读书诗 	宋	5	8	怀抱观古今	平上?上平	PZ?ZP	平/上/平去/上/平
7b587933367d4562dd237e92c168110e	谢灵运	斋中读书诗 	宋	5	9	寝食展戏谑	上?上?入	ZZZ?Z	上/去入/上/平去/入
7b587933367d4562dd237e92c168110e	谢灵运	斋中读书诗 	宋	5	10	既笑沮溺苦	去去?入上	ZZ?ZZ	去/去/平上去/入/上去
7b587933367d4562dd237e92c168110e	谢灵运	斋中读书诗 	宋	5	11	又哂子云阁	去上上平入	ZZZPZ	去/上/上/平/入
7b587933367d4562dd237e92c168110e	谢灵运	斋中读书诗 	宋	5	12	执戟亦以疲	入入入上平	ZZZZP	入/入/入/上/平
7b587933367d4562dd237e92c168110e	谢灵运	斋中读书诗 	宋	5	13	耕稼岂云乐	平去上平?	PZZPZ	平/去/上/平/去入
7b587933367d4562dd237e92c168110e	谢灵运	斋中读书诗 	宋	5	14	万事难并欢	去去平?平	ZZ??P	去入/去/平去/平上去/平
7b587933367d4562dd237e92c168110e	谢灵运	斋中读书诗 	宋	5	15	达生幸可托	?平上上入	Z?ZZZ	去入/平去/上/上/入
7b587933367d4562046e79884e9f58fb	谢灵运	读书斋诗 	宋	5	0	春事时已歇	平去平上入	PZPZZ	平/去/平/上去/入
7b587933367d4562046e79884e9f58fb	谢灵运	读书斋诗 	宋	5	1	池塘旷幽寻	平平去平平	PPZPP	平/平/去/平/平
7b587933367d4562046e79884e9f58fb	谢灵运	读书斋诗 	宋	5	2	残红被径隧	平平?去去	PPZZZ	平/平/上去/去/去
7b587933367d4562046e79884e9f58fb	谢灵运	读书斋诗 	宋	5	3	初绿杂浅深	平入入?平	PZZ??	平/入/入/平上/平去
7b587933367d4562046e79884e9f58fb	谢灵运	读书斋诗 	宋	5	4	偃仰倦芳褥	上?去平入	ZZZPZ	上/上去/去/平/入
7b587933367d4562046e79884e9f58fb	谢灵运	读书斋诗 	宋	5	5	顾步忧新阴	去去平平平	ZZ?PP	去/去/平去/平/平
7b587933367d4562046e79884e9f58fb	谢灵运	读书斋诗 	宋	5	6	谋春不及竟	平平入入去	PP?ZZ	平/平/平上入/入/去
7b587933367d4562046e79884e9f58fb	谢灵运	读书斋诗 	宋	5	7	夏物遽见侵	?入去去平	ZZZZP	上去/入/去/去/平
7b587933367d45625d96503c4a4d7bf4	谢灵运	命学士讲书诗 	宋	5	0	卧病同淮阳	去去?平平	ZZ?PP	去/去/平去/平/平
7b587933367d45625d96503c4a4d7bf4	谢灵运	命学士讲书诗 	宋	5	1	宰邑旷武城	上入去上平	ZZZZP	上/入/去/上/平
7b587933367d45625d96503c4a4d7bf4	谢灵运	命学士讲书诗 	宋	5	2	弦歌愧言子	平平去平上	?PZPZ	平去/平/去/平/上
7b587933367d45625d96503c4a4d7bf4	谢灵运	命学士讲书诗 	宋	5	3	清净谢伏生	平去去?平	PZZZ?	平/去/去/去入/平去
7b587933367d45625d96503c4a4d7bf4	谢灵运	命学士讲书诗 	宋	5	4	古人不可攀	上平入上平	ZP?ZP	上/平/平上入/上/平
7b587933367d45625d96503c4a4d7bf4	谢灵运	命学士讲书诗 	宋	5	5	何以报恩荣	平上去平平	?ZZPP	平上/上/去/平/平
7b587933367d45625d96503c4a4d7bf4	谢灵运	命学士讲书诗 	宋	5	6	时往岁易周	平上去?平	PZZZP	平/上/去/去入/平
7b587933367d45625d96503c4a4d7bf4	谢灵运	命学士讲书诗 	宋	5	7	聿来政无成	入平去平平	ZPZPP	入/平/去/平/平
7b587933367d45625d96503c4a4d7bf4	谢灵运	命学士讲书诗 	宋	5	8	曾是展予心	平上上?平	PZZ?P	平/上/上/平上/平
7b587933367d45625d96503c4a4d7bf4	谢灵运	命学士讲书诗 	宋	5	9	招学讲群经	平入上平?	PZZP?	平/入/上/平/平去
7b587933367d45625d96503c4a4d7bf4	谢灵运	命学士讲书诗 	宋	5	10	铄金既云刃	入平去平去	ZPZPZ	入/平/去/平/去
7b587933367d45625d96503c4a4d7bf4	谢灵运	命学士讲书诗 	宋	5	11	凝土亦能铏	?上入?平	?ZZ?P	平去/上/入/平上去/平
7b587933367d45625d96503c4a4d7bf4	谢灵运	命学士讲书诗 	宋	5	12	望尔志尚隆	?上去?平	?ZZ?P	平去/上/去/平去/平
7b587933367d45625d96503c4a4d7bf4	谢灵运	命学士讲书诗 	宋	5	13	远嗣竹箭声	?去入去平	ZZZZP	上去/去/入/去/平
7b587933367d45625d96503c4a4d7bf4	谢灵运	命学士讲书诗 	宋	5	14	敢谓荀氏训	上去平?去	ZZP?Z	上/去/平/平上/去
7b587933367d45625d96503c4a4d7bf4	谢灵运	命学士讲书诗 	宋	5	15	且布兰陵情	?去平平平	?ZPPP	平上/去/平/平/平
7b587933367d45625d96503c4a4d7bf4	谢灵运	命学士讲书诗 	宋	5	16	待罪岂久期	上上上上平	ZZZZP	上/上/上/上/平
7b587933367d45625d96503c4a4d7bf4	谢灵运	命学士讲书诗 	宋	5	17	礼乐俟贤明	上??平平	ZZ?PP	上/去入/平上/平/平
7b587933367d456224f07d75e7f4cab4	谢灵运	种桑诗	宋	5	0	诗人陈条柯	平平?平平	PP?PP	平/平/平去/平/平
7b587933367d456224f07d75e7f4cab4	谢灵运	种桑诗	宋	5	1	亦有美攘剔	入上上?入	ZZZ?Z	入/上/上/平上去/入
7b587933367d456224f07d75e7f4cab4	谢灵运	种桑诗	宋	5	2	前修为谁故	平平?平去	PP?PZ	平/平/平去/平/去
7b587933367d456224f07d75e7f4cab4	谢灵运	种桑诗	宋	5	3	后事资纺绩	?去平上入	ZZPZZ	上去/去/平/上/入
7b587933367d456224f07d75e7f4cab4	谢灵运	种桑诗	宋	5	4	常佩知方诫	平去平平去	PZPPZ	平/去/平/平/去
7b587933367d456224f07d75e7f4cab4	谢灵运	种桑诗	宋	5	5	愧微富教益	去平去?入	ZPZ?Z	去/平/去/平去/入
7b587933367d456224f07d75e7f4cab4	谢灵运	种桑诗	宋	5	6	浮阳骛嘉月	平平去平入	PPZPZ	平/平/去/平/入
7b587933367d456224f07d75e7f4cab4	谢灵运	种桑诗	宋	5	7	艺桑迨间隙	去平上平入	ZPZ?Z	去/平/上//入
7b587933367d456224f07d75e7f4cab4	谢灵运	种桑诗	宋	5	8	疏栏发近郛	?平入?平	?PZZP	平去/平/入/上去/平
7b587933367d456224f07d75e7f4cab4	谢灵运	种桑诗	宋	5	9	长行达广埸	???上入	??ZZZ	平上去/平去/去入/上/入
7b587933367d456224f07d75e7f4cab4	谢灵运	种桑诗	宋	5	10	旷流始毖泉	去平上去平	ZPZZP	去/平/上/去/平
7b587933367d456224f07d75e7f4cab4	谢灵运	种桑诗	宋	5	11	湎途犹跬迹	上平平上入	ZP?ZZ	上/平/平去/上/入
7b587933367d456224f07d75e7f4cab4	谢灵运	种桑诗	宋	5	12	俾此将长成	上上??平	ZZ??P	上/上/平去/平上去/平
7b587933367d456224f07d75e7f4cab4	谢灵运	种桑诗	宋	5	13	慰我海外役	去上上去入	ZZZZZ	去/上/上/去/入
7b587933367d4562956bd50f96d77f7b	谢灵运	东阳溪中赠答二首·其一	宋	5	0	可怜谁家妇	上平平平上	ZPPPZ	上/平/平/平/上
7b587933367d4562956bd50f96d77f7b	谢灵运	东阳溪中赠答二首·其一	宋	5	1	缘流洗素足	?平上去入	?PZZZ	平去/平/上/去/去入
7b587933367d4562956bd50f96d77f7b	谢灵运	东阳溪中赠答二首·其一	宋	5	2	明月在云间	平入?平平	PZZP?	平/入/上去/平/
7b587933367d4562956bd50f96d77f7b	谢灵运	东阳溪中赠答二首·其一	宋	5	3	迢迢不可得	平平入上入	PP?ZZ	平/平/平上入/上/入
7b587933367d4562b208bf49c3758f86	谢灵运	东阳溪中赠答二首·其二	宋	5	0	可怜谁家郎	上平平平平	ZPPPP	上/平/平/平/平
7b587933367d4562b208bf49c3758f86	谢灵运	东阳溪中赠答二首·其二	宋	5	1	缘流乘素舸	?平?去上	?P?ZZ	平去/平/平去/去/上
7b587933367d4562b208bf49c3758f86	谢灵运	东阳溪中赠答二首·其二	宋	5	2	但问情若为	?去平??	?ZP??	平上去/去/平/平上入/平去
7b587933367d4562b208bf49c3758f86	谢灵运	东阳溪中赠答二首·其二	宋	5	3	月就云中堕	入去平平?	ZZP??	入/去/平/平去/平上
7b587933367d4562a3c1e0ec3e8ea46a	谢灵运	登临海峤初发彊中作与从弟惠连可见羊何共和之	宋	5	0	杪秋寻远山	上平平?平	ZPPZP	上/平/平/上去/平
7b587933367d4562a3c1e0ec3e8ea46a	谢灵运	登临海峤初发彊中作与从弟惠连可见羊何共和之	宋	5	1	山远行不近	平??入?	PZ??Z	平/上去/平去/平上入/上去
7b587933367d4562a3c1e0ec3e8ea46a	谢灵运	登临海峤初发彊中作与从弟惠连可见羊何共和之	宋	5	2	与子别山阿	?上入平平	?ZZPP	平上去/上/去入/平/平
7b587933367d4562a3c1e0ec3e8ea46a	谢灵运	登临海峤初发彊中作与从弟惠连可见羊何共和之	宋	5	3	含酸赴修畛	平平去平?	PPZP?	平/平/去/平/平上
7b587933367d4562a3c1e0ec3e8ea46a	谢灵运	登临海峤初发彊中作与从弟惠连可见羊何共和之	宋	5	4	中流袂就判	?平去去去	?PZZZ	平去/平/去/去/去
7b587933367d4562a3c1e0ec3e8ea46a	谢灵运	登临海峤初发彊中作与从弟惠连可见羊何共和之	宋	5	5	欲去情不忍	入?平入上	ZZP?Z	入/上去/平/平上入/上
7b587933367d4562a3c1e0ec3e8ea46a	谢灵运	登临海峤初发彊中作与从弟惠连可见羊何共和之	宋	5	6	顾望脰未悁	去?去去平	Z?ZZP	去/平去/去/去/平
7b587933367d4562a3c1e0ec3e8ea46a	谢灵运	登临海峤初发彊中作与从弟惠连可见羊何共和之	宋	5	7	汀曲舟已隐	?入平上上	?ZPZZ	平去/入/平/上去/上去
7b587933367d4562a3c1e0ec3e8ea46a	谢灵运	登临海峤初发彊中作与从弟惠连可见羊何共和之	宋	5	8	隐汀绝望舟	上?入?平	Z?Z?P	上去/平去/入/平去/平
7b587933367d4562a3c1e0ec3e8ea46a	谢灵运	登临海峤初发彊中作与从弟惠连可见羊何共和之	宋	5	9	骛棹逐惊流	去去入平平	ZZZPP	去/去/入/平/平
7b587933367d4562a3c1e0ec3e8ea46a	谢灵运	登临海峤初发彊中作与从弟惠连可见羊何共和之	宋	5	10	欲抑一生欢	入入入平平	ZZZ?P	入/入/入/平去/平
7b587933367d4562a3c1e0ec3e8ea46a	谢灵运	登临海峤初发彊中作与从弟惠连可见羊何共和之	宋	5	11	并奔千里游	??平上平	??PZP	平上去/平去/平/上/平
7b587933367d4562a3c1e0ec3e8ea46a	谢灵运	登临海峤初发彊中作与从弟惠连可见羊何共和之	宋	5	12	日落当栖薄	入入??入	ZZ??Z	入/入/平去/平去/入
7b587933367d4562a3c1e0ec3e8ea46a	谢灵运	登临海峤初发彊中作与从弟惠连可见羊何共和之	宋	5	13	系缆临江楼	去去?平平	ZZ?PP	去/去/平去/平/平
7b587933367d4562a3c1e0ec3e8ea46a	谢灵运	登临海峤初发彊中作与从弟惠连可见羊何共和之	宋	5	14	岂惟夕情敛	上平入平?	ZPZPZ	上/平/入/平/上去
7b587933367d4562a3c1e0ec3e8ea46a	谢灵运	登临海峤初发彊中作与从弟惠连可见羊何共和之	宋	5	15	忆尔共淹留	入上???	ZZ???	入/上/平去/平去/平去
7b587933367d4562a3c1e0ec3e8ea46a	谢灵运	登临海峤初发彊中作与从弟惠连可见羊何共和之	宋	5	16	淹留昔时欢	??入平平	??ZPP	平去/平去/入/平/平
7b587933367d4562a3c1e0ec3e8ea46a	谢灵运	登临海峤初发彊中作与从弟惠连可见羊何共和之	宋	5	17	复增今日叹	入?平入去	Z?PZ?	去入/平去/平/入/平去
7b587933367d4562a3c1e0ec3e8ea46a	谢灵运	登临海峤初发彊中作与从弟惠连可见羊何共和之	宋	5	18	兹情已分虑	平平上?去	PPZ?Z	平/平/上去/平去/去
7b587933367d4562a3c1e0ec3e8ea46a	谢灵运	登临海峤初发彊中作与从弟惠连可见羊何共和之	宋	5	19	况乃协悲端	去上入平平	ZZZPP	去/上/入/平/平
7b587933367d4562a3c1e0ec3e8ea46a	谢灵运	登临海峤初发彊中作与从弟惠连可见羊何共和之	宋	5	20	秋泉鸣北涧	平平平入去	PPPZZ	平/平/平/入/去
7b587933367d4562a3c1e0ec3e8ea46a	谢灵运	登临海峤初发彊中作与从弟惠连可见羊何共和之	宋	5	21	哀猿响南峦	平平上平平	PPZPP	平/平/上/平/平
7b587933367d4562a3c1e0ec3e8ea46a	谢灵运	登临海峤初发彊中作与从弟惠连可见羊何共和之	宋	5	22	戚戚新别心	入入平入平	ZZPZP	入/入/平/去入/平
7b587933367d4562a3c1e0ec3e8ea46a	谢灵运	登临海峤初发彊中作与从弟惠连可见羊何共和之	宋	5	23	凄凄久念攒	平平上去去	PPZZZ	平/平/上/去/去
7b587933367d4562a3c1e0ec3e8ea46a	谢灵运	登临海峤初发彊中作与从弟惠连可见羊何共和之	宋	5	24	攒念攻别心	去去平入平	ZZPZP	去/去/平/去入/平
7b587933367d4562a3c1e0ec3e8ea46a	谢灵运	登临海峤初发彊中作与从弟惠连可见羊何共和之	宋	5	25	旦发清溪阴	去入平平平	ZZPPP	去/入/平/平/平
7b587933367d4562a3c1e0ec3e8ea46a	谢灵运	登临海峤初发彊中作与从弟惠连可见羊何共和之	宋	5	26	暝投剡中宿	?平上??	?PZ?Z	平去/平/上/平去/去入
7b587933367d4562a3c1e0ec3e8ea46a	谢灵运	登临海峤初发彊中作与从弟惠连可见羊何共和之	宋	5	27	明登天姥岑	平平平上平	PPPZP	平/平/平/上/平
7b587933367d4562a3c1e0ec3e8ea46a	谢灵运	登临海峤初发彊中作与从弟惠连可见羊何共和之	宋	5	28	高高入云霓	平平入平?	PPZP?	平/平/入/平/平去入
7b587933367d4562a3c1e0ec3e8ea46a	谢灵运	登临海峤初发彊中作与从弟惠连可见羊何共和之	宋	5	29	还期那可寻	平平?上平	PP?ZP	平/平/平上去/上/平
7b587933367d4562a3c1e0ec3e8ea46a	谢灵运	登临海峤初发彊中作与从弟惠连可见羊何共和之	宋	5	30	傥遇浮丘公	?去平平平	ZZPPP	上去/去/平/平/平
7b587933367d4562a3c1e0ec3e8ea46a	谢灵运	登临海峤初发彊中作与从弟惠连可见羊何共和之	宋	5	31	长绝子徽音	?入上平平	?ZZPP	平上去/入/上/平/平
7b587933367d45629430b368f4fda98f	谢灵运	 酬从弟惠连 	宋	5	0	寝瘵谢人徒	上去去平平	ZZZPP	上/去/去/平/平
7b587933367d45629430b368f4fda98f	谢灵运	 酬从弟惠连 	宋	5	1	灭迹入云峰	入入入平平	ZZZPP	入/入/入/平/平
7b587933367d45629430b368f4fda98f	谢灵运	 酬从弟惠连 	宋	5	2	岩壑寓耳目	平入去上入	PZZZZ	平/入/去/上/入
7b587933367d45629430b368f4fda98f	谢灵运	 酬从弟惠连 	宋	5	3	欢爱隔音容	平去入平平	PZZPP	平/去/入/平/平
7b587933367d45629430b368f4fda98f	谢灵运	 酬从弟惠连 	宋	5	4	永绝赏心望	上入上平?	ZZZP?	上/入/上/平/平去
7b587933367d45629430b368f4fda98f	谢灵运	 酬从弟惠连 	宋	5	5	长怀莫与同	?平入??	?PZ??	平上去/平/入/平上去/平去
7b587933367d45629430b368f4fda98f	谢灵运	 酬从弟惠连 	宋	5	6	末路值令弟	入去去??	ZZZ?Z	入/去/去/平去/上去
7b587933367d45629430b368f4fda98f	谢灵运	 酬从弟惠连 	宋	5	7	开颜披心胸	平平?平?	PP?P?	平/平/平上/平/
7b587933367d45629430b368f4fda98f	谢灵运	 酬从弟惠连 	宋	5	8	心胸既云披	平?去平?	P?ZP?	平//去/平/平上
7b587933367d45629430b368f4fda98f	谢灵运	 酬从弟惠连 	宋	5	9	意得咸在斯	去入平?平	ZZPZP	去/入/平/上去/平
7b587933367d45629430b368f4fda98f	谢灵运	 酬从弟惠连 	宋	5	10	凌涧寻我室	平去平上入	PZPZZ	平/去/平/上/入
7b587933367d45629430b368f4fda98f	谢灵运	 酬从弟惠连 	宋	5	11	散帙问所知	?入去上平	ZZZZP	上去/入/去/上/平
7b587933367d45629430b368f4fda98f	谢灵运	 酬从弟惠连 	宋	5	12	夕虑晓月流	入去上入平	ZZZZP	入/去/上/入/平
7b587933367d45629430b368f4fda98f	谢灵运	 酬从弟惠连 	宋	5	13	朝忌曛日驰	平去平入平	PZPZP	平/去/平/入/平
7b587933367d45629430b368f4fda98f	谢灵运	 酬从弟惠连 	宋	5	14	悟对无厌歇	去去平?入	ZZPZZ	去/去/平/上去入/入
7b587933367d45629430b368f4fda98f	谢灵运	 酬从弟惠连 	宋	5	15	聚散成分离	??平??	ZZP??	上去/上去/平/平去/平去
7b587933367d45629430b368f4fda98f	谢灵运	 酬从弟惠连 	宋	5	16	分离别西川	?平入平平	??ZPP	平去/平去/去入/平/平
7b587933367d45629430b368f4fda98f	谢灵运	 酬从弟惠连 	宋	5	17	回景归东山	平上平平平	?ZPPP	平去/上/平/平/平
7b587933367d45629430b368f4fda98f	谢灵运	 酬从弟惠连 	宋	5	18	别时悲已甚	入平平上?	ZPPZZ	去入/平/平/上去/上去
7b587933367d45629430b368f4fda98f	谢灵运	 酬从弟惠连 	宋	5	19	别后情更延	入?平??	ZZP??	去入/上去/平/平去/平去
7b587933367d45629430b368f4fda98f	谢灵运	 酬从弟惠连 	宋	5	20	倾想迟嘉音	平上平平平	PZPPP	平/上/平/平/平
7b587933367d45629430b368f4fda98f	谢灵运	 酬从弟惠连 	宋	5	21	果枉济江篇	上上?平平	ZZZPP	上/上/上去/平/平
7b587933367d45629430b368f4fda98f	谢灵运	 酬从弟惠连 	宋	5	22	辛勤风波事	平平平平去	PP?PZ	平/平/平去/平/去
7b587933367d45629430b368f4fda98f	谢灵运	 酬从弟惠连 	宋	5	23	款曲洲渚言	上入平上平	ZZPZP	上/入/平/上/平
7b587933367d45629430b368f4fda98f	谢灵运	 酬从弟惠连 	宋	5	24	洲渚既淹时	平上去?平	PZZ?P	平/上/去/平去/平
7b587933367d45629430b368f4fda98f	谢灵运	 酬从弟惠连 	宋	5	25	风波子行迟	平平上?平	?PZ?P	平去/平/上/平去/平
7b587933367d45629430b368f4fda98f	谢灵运	 酬从弟惠连 	宋	5	26	务协华京想	去入?平上	ZZ?PZ	去/入/平去/平/上
7b587933367d45629430b368f4fda98f	谢灵运	 酬从弟惠连 	宋	5	27	讵存空谷期	?平平入平	ZP?ZP	上去/平/平去/入/平
7b587933367d45629430b368f4fda98f	谢灵运	 酬从弟惠连 	宋	5	28	傥若果归言	??上平平	Z?ZPP	上去/平上入/上/平/平
7b587933367d45629430b368f4fda98f	谢灵运	 酬从弟惠连 	宋	5	29	共陶暮暮时	?平去去平	?PZZP	平去/平/去/去/平
7b587933367d45629430b368f4fda98f	谢灵运	 酬从弟惠连 	宋	5	30	暮春虽未交	去平平去平	ZPPZP	去/平/平/去/平
7b587933367d45629430b368f4fda98f	谢灵运	 酬从弟惠连 	宋	5	31	仲春善游遨	去平上平平	ZPZPP	去/平/上/平/平
7b587933367d45629430b368f4fda98f	谢灵运	 酬从弟惠连 	宋	5	32	山桃发红萼	平平入平入	PPZPZ	平/平/入/平/入
7b587933367d45629430b368f4fda98f	谢灵运	 酬从弟惠连 	宋	5	33	野蕨渐紫苞	上入?上平	ZZ?ZP	上/入/平上/上/平
7b587933367d45629430b368f4fda98f	谢灵运	 酬从弟惠连 	宋	5	34	鸣嘤已悦豫	平平上入去	PPZZZ	平/平/上去/入/去
7b587933367d45629430b368f4fda98f	谢灵运	 酬从弟惠连 	宋	5	35	幽居犹郁陶	平平平入平	PP?ZP	平/平/平去/入/平
7b587933367d45629430b368f4fda98f	谢灵运	 酬从弟惠连 	宋	5	36	梦寐伫归舟	?去上平平	?ZZPP	平去/去/上/平/平
7b587933367d45629430b368f4fda98f	谢灵运	 酬从弟惠连 	宋	5	37	释我吝与劳	入上去??	ZZZ??	入/上/去/平上去/平去
7b587933367d45625e8ea917841362e8	谢灵运	初发石首城 	宋	5	0	白珪尚可磨	入平?上?	ZP?Z?	入/平/平去/上/平去
7b587933367d45625e8ea917841362e8	谢灵运	初发石首城 	宋	5	1	斯言易为缁	平平??平	PPZ?P	平/平/去入/平去/平
7b587933367d45625e8ea917841362e8	谢灵运	初发石首城 	宋	5	2	遂抱中孚爻	去上?平平	ZZ?PP	去/上/平去/平/平
7b587933367d45625e8ea917841362e8	谢灵运	初发石首城 	宋	5	3	犹劳贝锦诗	平?去上平	??ZZP	平去/平去/去/上/平
7b587933367d45625e8ea917841362e8	谢灵运	初发石首城 	宋	5	4	寸心若不亮	去平?入去	ZP??Z	去/平/平上入/平上入/去
7b587933367d45625e8ea917841362e8	谢灵运	初发石首城 	宋	5	5	微命察如丝	平去入平平	PZZ?P	平/去/入/平去/平
7b587933367d45625e8ea917841362e8	谢灵运	初发石首城 	宋	5	6	日月垂光景	入入平平上	ZZP?Z	入/入/平/平去/上
7b587933367d45625e8ea917841362e8	谢灵运	初发石首城 	宋	5	7	成贷遂兼兹	平去去?平	PZZ?P	平/去/去/平去/平
7b587933367d45625e8ea917841362e8	谢灵运	初发石首城 	宋	5	8	出宿薄京畿	入?入平平	ZZZPP	去入/去入/入/平/平
7b587933367d45625e8ea917841362e8	谢灵运	初发石首城 	宋	5	9	晨装抟曾飓	平??平?	P??P?	平/平去/平上/平/
7b587933367d45625e8ea917841362e8	谢灵运	初发石首城 	宋	5	10	重经平生别	??平平入	??P?Z	平上去/平去/平/平去/去入
7b587933367d45625e8ea917841362e8	谢灵运	初发石首城 	宋	5	11	再与朋知辞	去?平平平	Z?PPP	去/平上去/平/平/平
7b587933367d45625e8ea917841362e8	谢灵运	初发石首城 	宋	5	12	故山日已远	去平入上?	ZPZZZ	去/平/入/上去/上去
7b587933367d45625e8ea917841362e8	谢灵运	初发石首城 	宋	5	13	风波岂还时	平平上平平	?PZPP	平去/平/上/平/平
7b587933367d45625e8ea917841362e8	谢灵运	初发石首城 	宋	5	14	迢迢万里帆	平平去上平	PPZZ?	平/平/去入/上/平去
7b587933367d45625e8ea917841362e8	谢灵运	初发石首城 	宋	5	15	茫茫欲何之	平平入平平	PPZ?P	平/平/入/平上/平
7b587933367d45625e8ea917841362e8	谢灵运	初发石首城 	宋	5	16	游当罗浮行	平?平平?	P?PP?	平/平去/平/平/平去
7b587933367d45625e8ea917841362e8	谢灵运	初发石首城 	宋	5	17	息必庐霍期	入入平入平	ZZPZP	入/入/平/入/平
7b587933367d45625e8ea917841362e8	谢灵运	初发石首城 	宋	5	18	越海陵三山	入上平平平	ZZP?P	入/上/平/平去/平
7b587933367d45625e8ea917841362e8	谢灵运	初发石首城 	宋	5	19	游湘历九嶷	平平入上?	PPZZ?	平/平/入/上/平入
7b587933367d45625e8ea917841362e8	谢灵运	初发石首城 	宋	5	20	钦圣若旦暮	平??去去	PZ?ZZ	平/去入/平上入/去/去
7b587933367d45625e8ea917841362e8	谢灵运	初发石首城 	宋	5	21	怀贤亦凄其	平平入平平	PPZPP	平/平/入/平/平
7b587933367d45625e8ea917841362e8	谢灵运	初发石首城 	宋	5	22	皎皎明发心	上上平入平	ZZPZP	上/上/平/入/平
7b587933367d45625e8ea917841362e8	谢灵运	初发石首城 	宋	5	23	不为岁寒欺	入?去平平	??ZPP	平上入/平去/去/平/平
7b587933367d4562fc2d672d03838a05	谢灵运	道路忆山中 	宋	5	0	采菱调易急	上平??入	ZP?ZZ	上/平/平去/去入/入
7b587933367d4562fc2d672d03838a05	谢灵运	道路忆山中 	宋	5	1	江南歌不缓	平平平入上	PPP?Z	平/平/平/平上入/上
7b587933367d4562fc2d672d03838a05	谢灵运	道路忆山中 	宋	5	2	楚人心昔绝	上平平入入	ZPPZZ	上去/平/平/入/入
7b587933367d4562fc2d672d03838a05	谢灵运	道路忆山中 	宋	5	3	越客肠今断	入入平平?	ZZPPZ	入/入/平/平/上去
7b587933367d4562fc2d672d03838a05	谢灵运	道路忆山中 	宋	5	4	断绝虽殊念	?入平平去	ZZPPZ	上去/入/平/平/去
7b587933367d4562fc2d672d03838a05	谢灵运	道路忆山中 	宋	5	5	俱为归虑款	平?平去上	P?PZZ	平/平去/平/去/上
7b587933367d4562fc2d672d03838a05	谢灵运	道路忆山中 	宋	5	6	存乡尔思积	平平上?入	PPZ?Z	平/平/上/平去/去入
7b587933367d4562fc2d672d03838a05	谢灵运	道路忆山中 	宋	5	7	忆山我愤懑	入平上上?	ZPZZZ	入/平/上/上/上去
7b587933367d4562fc2d672d03838a05	谢灵运	道路忆山中 	宋	5	8	追寻栖息时	平平?入平	PP?ZP	平/平/平去/入/平
7b587933367d4562fc2d672d03838a05	谢灵运	道路忆山中 	宋	5	9	偃卧任纵诞	上去??上	ZZ??Z	上/去/平去/平去/上
7b587933367d4562fc2d672d03838a05	谢灵运	道路忆山中 	宋	5	10	得性非外求	入去平去平	ZZPZP	入/去/平/去/平
7b587933367d4562fc2d672d03838a05	谢灵运	道路忆山中 	宋	5	11	自已为谁纂	去上?平上	ZZ?PZ	去/上去/平去/平/上
7b587933367d4562fc2d672d03838a05	谢灵运	道路忆山中 	宋	5	12	不怨秋夕长	入?平入?	??PZ?	平上入/平去/平/入/平上去
7b587933367d4562fc2d672d03838a05	谢灵运	道路忆山中 	宋	5	13	常苦夏日短	平上?入上	PZZZZ	平/上去/上去/入/上
7b587933367d4562fc2d672d03838a05	谢灵运	道路忆山中 	宋	5	14	濯流激浮端	?平?平平	ZPZPP	去入/平/去入/平/平
7b587933367d4562fc2d672d03838a05	谢灵运	道路忆山中 	宋	5	15	息阴倚密竿	入平?入平	ZPZZP	入/平/上去/入/平
7b587933367d4562fc2d672d03838a05	谢灵运	道路忆山中 	宋	5	16	怀姑叵新欢	平平上平平	PPZPP	平/平/上/平/平
7b587933367d4562fc2d672d03838a05	谢灵运	道路忆山中 	宋	5	17	念悲忘春暖	去平去平上	ZPZPZ	去/平/去/平/上
7b587933367d4562fc2d672d03838a05	谢灵运	道路忆山中 	宋	5	18	凄凄明月吹	平平平入?	PPPZ?	平/平/平/入/平去
7b587933367d4562fc2d672d03838a05	谢灵运	道路忆山中 	宋	5	19	恻恻广陵散	入入上平?	ZZZPZ	入/入/上/平/上去
7b587933367d4562fc2d672d03838a05	谢灵运	道路忆山中 	宋	5	20	殷勤诉危柱	平平去平上	PPZPZ	平/平/去/平/上
7b587933367d4562fc2d672d03838a05	谢灵运	道路忆山中 	宋	5	21	慷慨命促管	上去去入上	ZZZZZ	上/去/去/入/上
7b587933367d456288be2aa7fa8ff324	谢灵运	还旧园作见颜范二中书 	宋	5	0	辞满岂多秩	平上上平入	PZZPZ	平/上/上/平/入
7b587933367d456288be2aa7fa8ff324	谢灵运	还旧园作见颜范二中书 	宋	5	1	谢病不待年	去去入上平	ZZ?ZP	去/去/平上入/上/平
7b587933367d456288be2aa7fa8ff324	谢灵运	还旧园作见颜范二中书 	宋	5	2	偶与张邴合	????入	Z??ZZ	上去/平上去/平去/上去/入
7b587933367d456288be2aa7fa8ff324	谢灵运	还旧园作见颜范二中书 	宋	5	3	久欲还东山	上入平平平	ZZPPP	上/入/平/平/平
7b587933367d456288be2aa7fa8ff324	谢灵运	还旧园作见颜范二中书 	宋	5	4	圣灵昔回眷	?平入平去	ZPZ?Z	去入/平/入/平去/去
7b587933367d456288be2aa7fa8ff324	谢灵运	还旧园作见颜范二中书 	宋	5	5	微尚不及宣	平?入入平	P??ZP	平/平去/平上入/入/平
7b587933367d456288be2aa7fa8ff324	谢灵运	还旧园作见颜范二中书 	宋	5	6	何意冲飙激	平去平平?	?ZPPZ	平上/去/平/平/去入
7b587933367d456288be2aa7fa8ff324	谢灵运	还旧园作见颜范二中书 	宋	5	7	烈火纵炎烟	入上?平平	ZZ?P?	入/上/平去/平/平去
7b587933367d456288be2aa7fa8ff324	谢灵运	还旧园作见颜范二中书 	宋	5	8	焚玉发昆峰	平入入平平	PZZPP	平/入/入/平/平
7b587933367d456288be2aa7fa8ff324	谢灵运	还旧园作见颜范二中书 	宋	5	9	余燎遂见迁	平?去去平	P?ZZP	平/平上去/去/去/平
7b587933367d456288be2aa7fa8ff324	谢灵运	还旧园作见颜范二中书 	宋	5	10	投沙理既迫	平平上去入	P?ZZZ	平/平去/上/去/入
7b587933367d456288be2aa7fa8ff324	谢灵运	还旧园作见颜范二中书 	宋	5	11	如邛愿亦愆	平平去入平	?PZZP	平去/平/去/入/平
7b587933367d456288be2aa7fa8ff324	谢灵运	还旧园作见颜范二中书 	宋	5	12	长与欢爱别	??平去入	??PZZ	平上去/平上去/平/去/去入
7b587933367d456288be2aa7fa8ff324	谢灵运	还旧园作见颜范二中书 	宋	5	13	永绝平生缘	上入平平?	ZZP??	上/入/平/平去/平去
7b587933367d456288be2aa7fa8ff324	谢灵运	还旧园作见颜范二中书 	宋	5	14	浮舟千仞壑	平平平去入	PPPZZ	平/平/平/去/入
7b587933367d456288be2aa7fa8ff324	谢灵运	还旧园作见颜范二中书 	宋	5	15	揔辔万寻巅	?去去平平	?ZZPP	/去/去入/平/平
7b587933367d456288be2aa7fa8ff324	谢灵运	还旧园作见颜范二中书 	宋	5	16	流沫不足险	平入入入上	PZ?ZZ	平/入/平上入/去入/上
7b587933367d456288be2aa7fa8ff324	谢灵运	还旧园作见颜范二中书 	宋	5	17	石林岂为艰	入平上?平	ZPZ?P	入/平/上/平去/平
7b587933367d456288be2aa7fa8ff324	谢灵运	还旧园作见颜范二中书 	宋	5	18	闽中安可处	平?平上?	P?PZZ	平/平去/平/上/上去
7b587933367d456288be2aa7fa8ff324	谢灵运	还旧园作见颜范二中书 	宋	5	19	日夜念归旋	入去去平?	ZZZP?	入/去/去/平/平去
7b587933367d456288be2aa7fa8ff324	谢灵运	还旧园作见颜范二中书 	宋	5	20	事踬两如直	去去上平入	ZZZ?Z	去/去/上去/平去/入
7b587933367d456288be2aa7fa8ff324	谢灵运	还旧园作见颜范二中书 	宋	5	21	心惬三避贤	平入平去平	PZ?ZP	平/入/平去/去/平
7b587933367d456288be2aa7fa8ff324	谢灵运	还旧园作见颜范二中书 	宋	5	22	托身青云上	入平平平?	ZPPPZ	入/平/平/平/上去
7b587933367d456288be2aa7fa8ff324	谢灵运	还旧园作见颜范二中书 	宋	5	23	栖岩挹飞泉	?平入平平	?PZPP	平去/平/入/平/平
7b587933367d456288be2aa7fa8ff324	谢灵运	还旧园作见颜范二中书 	宋	5	24	盛明荡氛昏	?平?平平	?P?PP	平去/平/平上去/平/平
7b587933367d456288be2aa7fa8ff324	谢灵运	还旧园作见颜范二中书 	宋	5	25	贞休康屯邅	平平平平?	PPPP?	平/平/平/平/平上去
7b587933367d456288be2aa7fa8ff324	谢灵运	还旧园作见颜范二中书 	宋	5	26	殊方咸成贷	平平平平去	PPPPZ	平/平/平/平/去
7b587933367d456288be2aa7fa8ff324	谢灵运	还旧园作见颜范二中书 	宋	5	27	微物豫采甄	平入去上平	PZZZP	平/入/去/上/平
7b587933367d456288be2aa7fa8ff324	谢灵运	还旧园作见颜范二中书 	宋	5	28	感深操不固	上平?入去	Z???Z	上/平去/平去/平上入/去
7b587933367d456288be2aa7fa8ff324	谢灵运	还旧园作见颜范二中书 	宋	5	29	质弱易版缠	?入?上?	ZZZZ?	去入/入/去入/上/平去
7b587933367d456288be2aa7fa8ff324	谢灵运	还旧园作见颜范二中书 	宋	5	30	曾是反昔园	平上?入平	PZ?ZP	平/上/平上/入/平
7b587933367d456288be2aa7fa8ff324	谢灵运	还旧园作见颜范二中书 	宋	5	31	语往实款然	?上入上平	ZZZZP	上去/上/入/上/平
7b587933367d456288be2aa7fa8ff324	谢灵运	还旧园作见颜范二中书 	宋	5	32	曩基即先筑	上平入?入	ZPZ?Z	上/平/入/平去/入
7b587933367d456288be2aa7fa8ff324	谢灵运	还旧园作见颜范二中书 	宋	5	33	故池不更穿	去平入??	ZP???	去/平/平上入/平去/平去
7b587933367d456288be2aa7fa8ff324	谢灵运	还旧园作见颜范二中书 	宋	5	34	果木有旧行	上入上去?	ZZZZ?	上/入/上/去/平去
7b587933367d456288be2aa7fa8ff324	谢灵运	还旧园作见颜范二中书 	宋	5	35	壤石无远延	上入平??	ZZPZ?	上/入/平/上去/平去
7b587933367d456288be2aa7fa8ff324	谢灵运	还旧园作见颜范二中书 	宋	5	36	虽非休憩地	平平平去去	PPPZZ	平/平/平/去/去
7b587933367d456288be2aa7fa8ff324	谢灵运	还旧园作见颜范二中书 	宋	5	37	聊取永日闲	平上上入?	PZZZ?	平/上/上/入/平去
7b587933367d456288be2aa7fa8ff324	谢灵运	还旧园作见颜范二中书 	宋	5	38	卫生自有经	去平去上?	Z?ZZ?	去/平去/去/上/平去
7b587933367d456288be2aa7fa8ff324	谢灵运	还旧园作见颜范二中书 	宋	5	39	息阴谢所牵	入平去上?	ZPZZ?	入/平/去/上/平去
7b587933367d456288be2aa7fa8ff324	谢灵运	还旧园作见颜范二中书 	宋	5	40	夫子照情素	平上去平去	PZZPZ	平/上/去/平/去
7b587933367d456288be2aa7fa8ff324	谢灵运	还旧园作见颜范二中书 	宋	5	41	探怀授往篇	平平去上平	PPZZP	平/平/去/上/平
7b587933367d45625cbf6eefc7e7cc7e	谢灵运	入华子岗是麻源第三谷五言	宋	5	0	南州实炎德	平平入平入	PPZPZ	平/平/入/平/入
7b587933367d45625cbf6eefc7e7cc7e	谢灵运	入华子岗是麻源第三谷五言	宋	5	1	桂树凌寒山	去?平平平	ZZPPP	去/上去/平/平/平
7b587933367d45625cbf6eefc7e7cc7e	谢灵运	入华子岗是麻源第三谷五言	宋	5	2	铜陵映碧润	平平去入去	PPZZZ	平/平/上去/入/去
7b587933367d45625cbf6eefc7e7cc7e	谢灵运	入华子岗是麻源第三谷五言	宋	5	3	石磴泻红泉	入去?平平	ZZZPP	入/去/上去/平/平
7b587933367d45625cbf6eefc7e7cc7e	谢灵运	入华子岗是麻源第三谷五言	宋	5	4	既枉隐沦客	去上上平入	ZZZPZ	去/上/上去/平/入
7b587933367d45625cbf6eefc7e7cc7e	谢灵运	入华子岗是麻源第三谷五言	宋	5	5	亦栖肥遯贤	入?平?平	Z?PZP	入/平去/平/上去/平
7b587933367d45625cbf6eefc7e7cc7e	谢灵运	入华子岗是麻源第三谷五言	宋	5	6	险径无测度	上去平入?	ZZPZZ	上/去/平/入/去入
7b587933367d45625cbf6eefc7e7cc7e	谢灵运	入华子岗是麻源第三谷五言	宋	5	7	天路非术阡	平去平入平	PZPZP	平/去/平/入/平
7b587933367d45625cbf6eefc7e7cc7e	谢灵运	入华子岗是麻源第三谷五言	宋	5	8	遂登群峰首	去平平平?	ZPPPZ	去/平/平/平/上去
7b587933367d45625cbf6eefc7e7cc7e	谢灵运	入华子岗是麻源第三谷五言	宋	5	9	邈若升云烟	入?平平平	Z?PP?	入/平上入/平/平/平去
7b587933367d45625cbf6eefc7e7cc7e	谢灵运	入华子岗是麻源第三谷五言	宋	5	10	羽人绝仿佛	上平入?入	ZPZ?Z	上去/平/入/平上/入
7b587933367d45625cbf6eefc7e7cc7e	谢灵运	入华子岗是麻源第三谷五言	宋	5	11	丹丘徒空筌	平平平?平	PPP?P	平/平/平/平去/平
7b587933367d45625cbf6eefc7e7cc7e	谢灵运	入华子岗是麻源第三谷五言	宋	5	12	图牒复摩灭	平入入?入	PZZ?Z	平/入/去入/平去/入
7b587933367d45625cbf6eefc7e7cc7e	谢灵运	入华子岗是麻源第三谷五言	宋	5	13	碑版谁闻传	平上平??	PZP??	平/上/平/平去/平去
7b587933367d45625cbf6eefc7e7cc7e	谢灵运	入华子岗是麻源第三谷五言	宋	5	14	莫辩百世后	入上入去?	ZZZZZ	入/上/入/去/上去
7b587933367d45625cbf6eefc7e7cc7e	谢灵运	入华子岗是麻源第三谷五言	宋	5	15	安知千载前	平平平?平	PPPZP	平/平/平/上去/平
7b587933367d45625cbf6eefc7e7cc7e	谢灵运	入华子岗是麻源第三谷五言	宋	5	16	且申独往意	?平入上去	?PZZZ	平上/平/入/上/去
7b587933367d45625cbf6eefc7e7cc7e	谢灵运	入华子岗是麻源第三谷五言	宋	5	17	乘月弄潺湲	?入去平平	?ZZPP	平去/入/去/平/平
7b587933367d45625cbf6eefc7e7cc7e	谢灵运	入华子岗是麻源第三谷五言	宋	5	18	恒充俄顷用	平平平?去	PPP?Z	平/平/平/平上/去
7b587933367d45625cbf6eefc7e7cc7e	谢灵运	入华子岗是麻源第三谷五言	宋	5	19	岂为古今然	上?上平平	Z?ZPP	上/平去/上/平/平
7b587933367d45628f2ea1c7ccd8338f	谢灵运	南楼中望所迟客 	宋	5	0	杳杳日西颓	上上入平平	ZZZPP	上/上/入/平/平
7b587933367d45628f2ea1c7ccd8338f	谢灵运	南楼中望所迟客 	宋	5	1	漫漫长路迫	去去平去入	ZZ?ZZ	去/去/平上去/去/入
7b587933367d45628f2ea1c7ccd8338f	谢灵运	南楼中望所迟客 	宋	5	2	登楼为谁思	平平?平?	PP?P?	平/平/平去/平/平去
7b587933367d45628f2ea1c7ccd8338f	谢灵运	南楼中望所迟客 	宋	5	3	临江迟来客	?平平平入	?PPPZ	平去/平/平/平/入
7b587933367d45628f2ea1c7ccd8338f	谢灵运	南楼中望所迟客 	宋	5	4	与我别所期	?上入上平	?ZZZP	平上去/上/去入/上/平
7b587933367d45628f2ea1c7ccd8338f	谢灵运	南楼中望所迟客 	宋	5	5	期在三五夕	平?平上入	PZ?ZZ	平/上去/平去/上/入
7b587933367d45628f2ea1c7ccd8338f	谢灵运	南楼中望所迟客 	宋	5	6	圆景早己满	平上上上上	PZZZZ	平/上/上/上/上
7b587933367d45628f2ea1c7ccd8338f	谢灵运	南楼中望所迟客 	宋	5	7	佳人犹未适	平平平去入	PP?ZZ	平/平/平去/去/入
7b587933367d45628f2ea1c7ccd8338f	谢灵运	南楼中望所迟客 	宋	5	8	即事怨睽携	入去?平平	ZZ?PP	入/去/平去/平/平
7b587933367d45628f2ea1c7ccd8338f	谢灵运	南楼中望所迟客 	宋	5	9	感物方凄戚	上入平平入	ZZPPZ	上/入/平/平/入
7b587933367d45628f2ea1c7ccd8338f	谢灵运	南楼中望所迟客 	宋	5	10	孟夏非长夜	去?平平去	ZZP?Z	去/上去/平/平上去/去
7b587933367d45628f2ea1c7ccd8338f	谢灵运	南楼中望所迟客 	宋	5	11	晦明如岁隔	去平平去入	ZP?ZZ	去/平/平去/去/入
7b587933367d45628f2ea1c7ccd8338f	谢灵运	南楼中望所迟客 	宋	5	12	瑶华未堪折	平?去平?	P?ZP?	平/平去/去/平/平入
7b587933367d45628f2ea1c7ccd8338f	谢灵运	南楼中望所迟客 	宋	5	13	兰苕已屡摘	平平上去入	PPZZZ	平/平/上去/去/入
7b587933367d45628f2ea1c7ccd8338f	谢灵运	南楼中望所迟客 	宋	5	14	路阻莫赠问	去?入去去	ZZZZZ	去/上去/入/去/去
7b587933367d45628f2ea1c7ccd8338f	谢灵运	南楼中望所迟客 	宋	5	15	云何慰离析	平平去?入	P?Z?Z	平/平上/去/平去/入
7b587933367d45628f2ea1c7ccd8338f	谢灵运	南楼中望所迟客 	宋	5	16	搔首访行人	平?去?平	PZZ?P	平/上去/去/平去/平
7b587933367d45628f2ea1c7ccd8338f	谢灵运	南楼中望所迟客 	宋	5	17	引领冀良觌	?上去平入	ZZZPZ	上去/上/去/平/入
7b587933367d456276783a2bd590c84d	谢灵运	田南树园激流植援 	宋	5	0	樵隐俱在山	平上平?平	PZPZP	平/上去/平/上去/平
7b587933367d456276783a2bd590c84d	谢灵运	田南树园激流植援 	宋	5	1	由来事不同	平平去入?	PPZ??	平/平/去/平上入/平去
7b587933367d456276783a2bd590c84d	谢灵运	田南树园激流植援 	宋	5	2	不同非一事	入?平入去	??PZZ	平上入/平去/平/入/去
7b587933367d456276783a2bd590c84d	谢灵运	田南树园激流植援 	宋	5	3	养疴亦园中	??入平?	Z?ZP?	上去/平去/入/平/平去
7b587933367d456276783a2bd590c84d	谢灵运	田南树园激流植援 	宋	5	4	中园屏氛杂	?平?平入	?P?PZ	平去/平/平上/平/入
7b587933367d456276783a2bd590c84d	谢灵运	田南树园激流植援 	宋	5	5	清旷招远风	平去平?平	PZPZ?	平/去/平/上去/平去
7b587933367d456276783a2bd590c84d	谢灵运	田南树园激流植援 	宋	5	6	卜室倚北阜	入入?入上	ZZZZZ	入/入/上去/入/上
7b587933367d456276783a2bd590c84d	谢灵运	田南树园激流植援 	宋	5	7	启扉面南江	上平去平平	ZPZPP	上/平/去/平/平
7b587933367d456276783a2bd590c84d	谢灵运	田南树园激流植援 	宋	5	8	激涧代汲井	?去去入上	ZZZZZ	去入/去/去/入/上
7b587933367d456276783a2bd590c84d	谢灵运	田南树园激流植援 	宋	5	9	插槿当列墉	入上??平	ZZ??P	入/上/平去/平入/平
7b587933367d456276783a2bd590c84d	谢灵运	田南树园激流植援 	宋	5	10	群木既罗户	平入去平上	PZZPZ	平/入/去/平/上
7b587933367d456276783a2bd590c84d	谢灵运	田南树园激流植援 	宋	5	11	众山亦对窗	?平入去?	?PZZ?	/平/入/去/
7b587933367d456276783a2bd590c84d	谢灵运	田南树园激流植援 	宋	5	12	靡迤趋下田	上?平?平	Z?PZP	上//平/上去/平
7b587933367d456276783a2bd590c84d	谢灵运	田南树园激流植援 	宋	5	13	迢递瞰高峰	平?去平平	PZZPP	平/上去/去/平/平
7b587933367d456276783a2bd590c84d	谢灵运	田南树园激流植援 	宋	5	14	寡欲不期劳	上入入平?	ZZ?P?	上/入/平上入/平/平去
7b587933367d456276783a2bd590c84d	谢灵运	田南树园激流植援 	宋	5	15	即事罕人功	入去?平平	ZZ?PP	入/去//平/平
7b587933367d456276783a2bd590c84d	谢灵运	田南树园激流植援 	宋	5	16	唯开蒋生径	?平?平去	?P??Z	平上/平/平上/平去/去
7b587933367d456276783a2bd590c84d	谢灵运	田南树园激流植援 	宋	5	17	永怀求羊踪	上平平平平	ZPPPP	上/平/平/平/平
7b587933367d456276783a2bd590c84d	谢灵运	田南树园激流植援 	宋	5	18	赏心不可忘	上平入上去	ZP?ZZ	上/平/平上入/上/去
7b587933367d456276783a2bd590c84d	谢灵运	田南树园激流植援 	宋	5	19	妙善冀能同	去上去??	ZZZ??	去/上/去/平上去/平去
7b587933367d45622ae8e79089db0158	谢灵运	庐陵王墓下作 	宋	5	0	晓月发云阳	上入入平平	ZZZPP	上/入/入/平/平
7b587933367d45622ae8e79089db0158	谢灵运	庐陵王墓下作 	宋	5	1	落日次朱方	入入去平平	ZZZPP	入/入/去/平/平
7b587933367d45622ae8e79089db0158	谢灵运	庐陵王墓下作 	宋	5	2	含凄泛广川	平平?上平	PP?ZP	平/平/平去入/上/平
7b587933367d45622ae8e79089db0158	谢灵运	庐陵王墓下作 	宋	5	3	洒泪眺连冈	?去去平平	ZZZPP	上去/去/去/平/平
7b587933367d45622ae8e79089db0158	谢灵运	庐陵王墓下作 	宋	5	4	眷言怀君子	去平平平上	ZPPPZ	去/平/平/平/上
7b587933367d45622ae8e79089db0158	谢灵运	庐陵王墓下作 	宋	5	5	沉痛结中肠	平去入?平	PZZ?P	平/去/入/平去/平
7b587933367d45622ae8e79089db0158	谢灵运	庐陵王墓下作 	宋	5	6	道消结愤懑	上平入上?	ZPZZZ	上/平/入/上/上去
7b587933367d45622ae8e79089db0158	谢灵运	庐陵王墓下作 	宋	5	7	运开申悲凉	去平平平?	ZPPP?	去/平/平/平/平去
7b587933367d45622ae8e79089db0158	谢灵运	庐陵王墓下作 	宋	5	8	神期恒若存	平平平?平	PPP?P	平/平/平/平上入/平
7b587933367d45622ae8e79089db0158	谢灵运	庐陵王墓下作 	宋	5	9	德音初不忘	入平平入去	ZPP?Z	入/平/平/平上入/去
7b587933367d45622ae8e79089db0158	谢灵运	庐陵王墓下作 	宋	5	10	徂谢易永久	平去?上上	PZZZZ	平/去/去入/上/上
7b587933367d45622ae8e79089db0158	谢灵运	庐陵王墓下作 	宋	5	11	松柏森已行	平入平上?	?ZPZ?	平去/入/平/上去/平去
7b587933367d45622ae8e79089db0158	谢灵运	庐陵王墓下作 	宋	5	12	延州协心许	?平入平上	?PZPZ	平去/平/入/平/上
7b587933367d45622ae8e79089db0158	谢灵运	庐陵王墓下作 	宋	5	13	楚老惜兰芳	上上入平平	ZZZPP	上去/上/入/平/平
7b587933367d45622ae8e79089db0158	谢灵运	庐陵王墓下作 	宋	5	14	解剑竟何及	??去平入	Z?Z?Z	上去//去/平上/入
7b587933367d45622ae8e79089db0158	谢灵运	庐陵王墓下作 	宋	5	15	抚坟徒自伤	上?平去平	Z?PZ?	上/平上/平/去/平去
7b587933367d45622ae8e79089db0158	谢灵运	庐陵王墓下作 	宋	5	16	平生疑若人	平平平?平	P?P?P	平/平去/平/平上入/平
7b587933367d45622ae8e79089db0158	谢灵运	庐陵王墓下作 	宋	5	17	通蔽互相妨	平去去??	PZZ??	平/去/去/平去/平去
7b587933367d45622ae8e79089db0158	谢灵运	庐陵王墓下作 	宋	5	18	理感深情恸	上上平平去	ZZ?PZ	上/上/平去/平/去
7b587933367d45622ae8e79089db0158	谢灵运	庐陵王墓下作 	宋	5	19	定非识所将	去平?上?	ZPZZ?	去/平/去入/上/平去
7b587933367d45622ae8e79089db0158	谢灵运	庐陵王墓下作 	宋	5	20	脆促良可哀	去入平上平	ZZPZP	去/入/平/上/平
7b587933367d45622ae8e79089db0158	谢灵运	庐陵王墓下作 	宋	5	21	夭枉特兼常	?上入?平	?ZZ?P	平上/上/入/平去/平
7b587933367d45622ae8e79089db0158	谢灵运	庐陵王墓下作 	宋	5	22	一随往化灭	入平上去入	ZPZZZ	入/平/上/去/入
7b587933367d45622ae8e79089db0158	谢灵运	庐陵王墓下作 	宋	5	23	安用空名扬	平去?平平	PZ?PP	平/去/平去/平/平
7b587933367d45622ae8e79089db0158	谢灵运	庐陵王墓下作 	宋	5	24	举声沥已洒	上平入上?	ZPZZZ	上/平/入/上去/上去
7b587933367d45622ae8e79089db0158	谢灵运	庐陵王墓下作 	宋	5	25	长叹不成章	?去入平平	???PP	平上去/平去/平上入/平/平
7b587933367d4562913a85d7bc238473	谢灵运	登庐山绝顶望诸峤	宋	5	0	山行非有期	平?平上平	P?PZP	平/平去/平/上/平
7b587933367d4562913a85d7bc238473	谢灵运	登庐山绝顶望诸峤	宋	5	1	弥远不能辍	平?入平?	?Z??Z	平上/上去/平上入/平上去/去入
7b587933367d4562913a85d7bc238473	谢灵运	登庐山绝顶望诸峤	宋	5	2	但欲掩昏旦	?入上平去	?ZZPZ	平上去/入/上/平/去
7b587933367d4562913a85d7bc238473	谢灵运	登庐山绝顶望诸峤	宋	5	3	遂复经圆缺	去入?平入	ZZ?PZ	去/去入/平去/平/入
7b587933367d4562913a85d7bc238473	谢灵运	登庐山绝顶望诸峤	宋	5	4	扪壁窥龙池	平入平平平	PZPPP	平/入/平/平/平
7b587933367d4562913a85d7bc238473	谢灵运	登庐山绝顶望诸峤	宋	5	5	攀枝瞰乳穴	平平去上入	PPZZZ	平/平/去/上/入
7b587933367d4562913a85d7bc238473	谢灵运	登庐山绝顶望诸峤	宋	5	6	积峡忽复启	入入入入上	ZZZZZ	去入/入/入/去入/上
7b587933367d4562913a85d7bc238473	谢灵运	登庐山绝顶望诸峤	宋	5	7	平途俄已绝	平平平上入	PPPZZ	平/平/平/上去/入
7b587933367d4562913a85d7bc238473	谢灵运	登庐山绝顶望诸峤	宋	5	8	峦垅有合沓	平上上入入	PZZZZ	平/上/上/入/入
7b587933367d4562913a85d7bc238473	谢灵运	登庐山绝顶望诸峤	宋	5	9	往来无踪辙	上平平平入	ZPPPZ	上/平/平/平/入
7b587933367d4562913a85d7bc238473	谢灵运	登庐山绝顶望诸峤	宋	5	10	昼夜蔽日月	去去去入入	ZZZZZ	去/去/去/入/入
7b587933367d4562913a85d7bc238473	谢灵运	登庐山绝顶望诸峤	宋	5	11	冬夏共霜雪	平??平入	PZ?PZ	平/上去/平去/平/入
7b5879334123491857986d189f1e791e	萧绎	春别应令诗四首 （其四）	梁	7	0	日暮徒倚渭桥西	入去平?去平平	ZZPZZPP	入/去/平/上去/去/平/平
7b5879334123491857986d189f1e791e	萧绎	春别应令诗四首 （其四）	梁	7	1	正见凉月与云齐	?去?入?平?	?Z?Z?P?	平去/去/平去/入/平上去/平/平去
7b5879334123491857986d189f1e791e	萧绎	春别应令诗四首 （其四）	梁	7	2	若使月光无近远	??入平平??	?ZZ?PZZ	平上入/上去/入/平去/平/上去/上去
7b5879334123491857986d189f1e791e	萧绎	春别应令诗四首 （其四）	梁	7	3	应照离人今夜啼	?去?平平去平	?Z?PPZP	平去/去/平去/平/平/去/平
7b58793341234918c4e182d5a6bc3b67	萧绎	乌栖曲	梁	7	0	幄中清酒马脑钟	入?平上上?平	Z?PZZZP	入/平去/平/上/上/上去/平
7b58793341234918c4e182d5a6bc3b67	萧绎	乌栖曲	梁	7	1	裙边杂佩琥珀龙	?平入去上入平	?PZZZZP	/平/入/去/上/入/平
7b58793341234918c4e182d5a6bc3b67	萧绎	乌栖曲	梁	7	2	虚持寄君心不惜	平平去平平入入	PPZPP?Z	平/平/去/平/平/平上入/入
7b58793341234918c4e182d5a6bc3b67	萧绎	乌栖曲	梁	7	3	共指三星今何夕	?上平平平平入	?Z?PP?Z	平去/上/平去/平/平/平上/入
7b58793341234918c4e182d5a6bc3b67	萧绎	乌栖曲	梁	7	4	浓黛轻红点花色	平去?平上平入	PZ?PZPZ	平/去/平去/平/上/平/入
7b58793341234918c4e182d5a6bc3b67	萧绎	乌栖曲	梁	7	5	还欲令人不相识	平入?平入??	PZ?P??Z	平/入/平去/平/平上入/平去/去入
7b58793341234918c4e182d5a6bc3b67	萧绎	乌栖曲	梁	7	6	金壶夜水讵能多	平平去上??平	PPZZZ?P	平/平/去/上/上去/平上去/平
7b58793341234918c4e182d5a6bc3b67	萧绎	乌栖曲	梁	7	7	莫持奢用比悬河	入平平去?平平	ZPPZ?PP	入/平/平/去/平上去入/平/平
7b58793341234918c4e182d5a6bc3b67	萧绎	乌栖曲	梁	7	8	沙棠作船桂为楫	平平入平去?入	?PZPZ?Z	平去/平/去入/平/去/平去/入
7b58793341234918c4e182d5a6bc3b67	萧绎	乌栖曲	梁	7	9	夜渡江南采莲叶	去去平平上?入	ZZPPZ?Z	去/去/平/平/上/平上/入
7b58793341234918c4e182d5a6bc3b67	萧绎	乌栖曲	梁	7	10	复值西施新浣纱	入去平?平上平	ZZP?PZP	去入/去/平/平去/平/上/平
7b58793341234918c4e182d5a6bc3b67	萧绎	乌栖曲	梁	7	11	共向江干眺月华	??平?去入?	?ZP?ZZ?	平去/上去/平/平去/去/入/平去
7b58793341234918c4e182d5a6bc3b67	萧绎	乌栖曲	梁	7	12	月华似璧星如佩	入?上入平平去	Z?ZZP?Z	入/平去/上/入/平/平去/去
7b58793341234918c4e182d5a6bc3b67	萧绎	乌栖曲	梁	7	13	流影澄明玉堂内	平上平平入平去	PZPPZPZ	平/上/平/平/入/平/去
7b58793341234918c4e182d5a6bc3b67	萧绎	乌栖曲	梁	7	14	邯郸九枝朝始成	平平上平平上平	PPZPPZP	平/平/上/平/平/上/平
7b58793341234918c4e182d5a6bc3b67	萧绎	乌栖曲	梁	7	15	金巵玉碗共君倾	平平入??平平	PPZ??PP	平/平/入//平去/平/平
7b58793341234918c4e182d5a6bc3b67	萧绎	乌栖曲	梁	7	16	交龙成锦斗凤纹	平平平上?去平	PPPZZZP	平/平/平/上/上去/去/平
7b58793341234918c4e182d5a6bc3b67	萧绎	乌栖曲	梁	7	17	芙蓉为带石榴裙	平平?去入平?	PP?ZZP?	平/平/平去/去/入/平/
7b58793341234918c4e182d5a6bc3b67	萧绎	乌栖曲	梁	7	18	日下城南两相望	入?平平上??	ZZPPZ??	入/上去/平/平/上去/平去/平去
7b58793341234918c4e182d5a6bc3b67	萧绎	乌栖曲	梁	7	19	月没参横掩罗帐	入入??上平去	ZZ??ZPZ	入/入/平去/平去/上/平/去
7b58793341234918c4e182d5a6bc3b67	萧绎	乌栖曲	梁	7	20	七彩随珠九华玉	入上平平上?入	ZZPPZ?Z	入/上/平/平/上/平去/入
7b58793341234918c4e182d5a6bc3b67	萧绎	乌栖曲	梁	7	21	蛱蝶为歌明星曲	入入?平平平入	ZZ?PPPZ	入/入/平去/平/平/平/入
7b58793341234918c4e182d5a6bc3b67	萧绎	乌栖曲	梁	7	22	兰房椒閤夜方开	平平平入去平平	PPPZZPP	平/平/平/入/去/平/平
7b58793341234918c4e182d5a6bc3b67	萧绎	乌栖曲	梁	7	23	那知步步香风逐	?平去去平平入	?PZZP?Z	平上去/平/去/去/平/平去/入
7b58793341234918be45fbf4ee1a4e8e	萧绎	别诗二首	梁	7	0	别罢花枝不共攀	入?平平入?平	Z?PP??P	去入/平上/平/平/平上入/平去/平
7b58793341234918be45fbf4ee1a4e8e	萧绎	别诗二首	梁	7	1	别后书信不相关	入?平去入?平	ZZPZ??P	去入/上去/平/去/平上入/平去/平
7b58793341234918be45fbf4ee1a4e8e	萧绎	别诗二首	梁	7	2	欲觅行人寄消息	入入?平去平入	ZZ?PZPZ	入/入/平去/平/去/平/入
7b58793341234918be45fbf4ee1a4e8e	萧绎	别诗二首	梁	7	3	衣常潮水暝应还	?平平上??平	?PPZ??P	平去/平/平/上/平去/平去/平
7b58793341234918be45fbf4ee1a4e8e	萧绎	别诗二首	梁	7	4	三月桃花含面脂	平入平平平去平	?ZPPPZP	平去/入/平/平/平/去/平
7b58793341234918be45fbf4ee1a4e8e	萧绎	别诗二首	梁	7	5	五月新油好煎泽	上入平???入	ZZP?Z?Z	上/入/平/平去/上去/平去/入
7b58793341234918be45fbf4ee1a4e8e	萧绎	别诗二首	梁	7	6	莫复临地不寄人	入入?去入去平	ZZ?Z?ZP	入/去入/平去/去/平上入/去/平
7b58793341234918be45fbf4ee1a4e8e	萧绎	别诗二首	梁	7	7	谩道江中无估客	?上平平平上入	?ZP?PZZ	平去/上/平/平去/平/上/入
7b587933412349181135796be043548a	萧绎	折杨柳	梁	5	0	巫山巫峡长	平平平入?	PPPZ?	平/平/平/入/平上去
7b587933412349181135796be043548a	萧绎	折杨柳	梁	5	1	垂柳复垂杨	平上入平平	PZZPP	平/上/去入/平/平
7b587933412349181135796be043548a	萧绎	折杨柳	梁	5	2	同心且同折	平平???	?P???	平去/平/平上/平去/平入
7b587933412349181135796be043548a	萧绎	折杨柳	梁	5	3	故人怀故乡	去平平去平	ZPPZP	去/平/平/去/平
7b587933412349181135796be043548a	萧绎	折杨柳	梁	5	4	山似莲花艳	平上?平去	PZ?PZ	平/上/平上/平/去
7b587933412349181135796be043548a	萧绎	折杨柳	梁	5	5	流如明月光	平平平入平	P?PZ?	平/平去/平/入/平去
7b587933412349181135796be043548a	萧绎	折杨柳	梁	5	6	寒夜猿声彻	平去平平入	PZPPZ	平/去/平/平/入
7b587933412349181135796be043548a	萧绎	折杨柳	梁	5	7	游子泪沾裳	平上去?平	PZZ?P	平/上/去/平去/平
7b58793341234918fa52dfa383a8c996	萧绎	春别应令	梁	7	0	昆明夜月光如练	平平去入平平去	PPZZ??Z	平/平/去/入/平去/平去/去
7b58793341234918fa52dfa383a8c996	萧绎	春别应令	梁	7	1	上林朝花色如霰	?平平平入平去	ZPPPZ?Z	上去/平/平/平/入/平去/去
7b58793341234918fa52dfa383a8c996	萧绎	春别应令	梁	7	2	花朝月夜动春心	平平入去上平平	PPZZZPP	平/平/入/去/上/平/平
7b58793341234918fa52dfa383a8c996	萧绎	春别应令	梁	7	3	谁忍相思不相见	平上平平入?去	PZ????Z	平/上/平去/平去/平上入/平去/去
7b58793341234918fa52dfa383a8c996	萧绎	春别应令	梁	7	4	试看机上交龙锦	去???平平上	Z??ZPPZ	去/平去/平上/上去/平/平/上
7b58793341234918fa52dfa383a8c996	萧绎	春别应令	梁	7	5	还瞻庭里合欢枝	平平平上入平平	PPPZZPP	平/平/平/上/入/平/平
7b58793341234918fa52dfa383a8c996	萧绎	春别应令	梁	7	6	映日通风影珠幔	去入平平上平去	ZZP?ZPZ	上去/入/平/平去/上/平/去
7b58793341234918fa52dfa383a8c996	萧绎	春别应令	梁	7	7	飘花拂叶度金池	平平入入?平平	PPZZZPP	平/平/入/入/去入/平/平
7b58793341234918fa52dfa383a8c996	萧绎	春别应令	梁	7	8	不闻离人当重合	入??平??入	???P??Z	平上入/平去/平去/平/平去/平上去/入
7b58793341234918fa52dfa383a8c996	萧绎	春别应令	梁	7	9	惟悲合罢会成离	平平入?去平?	PPZ?ZP?	平/平/入/平上/去/平/平去
7b58793341234918fa52dfa383a8c996	萧绎	春别应令	梁	7	10	门前杨柳乱如丝	平平平上去平平	PPPZZ?P	平/平/平/上/去/平去/平
7b58793341234918fa52dfa383a8c996	萧绎	春别应令	梁	7	11	直置佳人不自持	入去平平入去平	ZZPP?ZP	入/去/平/平/平上入/去/平
7b58793341234918fa52dfa383a8c996	萧绎	春别应令	梁	7	12	适言新作作纨诗	入平平入入平平	ZPPZZPP	入/平/平/去入/去入/平/平
7b58793341234918fa52dfa383a8c996	萧绎	春别应令	梁	7	13	谁悟今成织素辞	平去平平?去平	PZPPZZP	平/去/平/平/去入/去/平
7b58793341234918fa52dfa383a8c996	萧绎	春别应令	梁	7	14	日暮徙倚渭桥西	入去上?去平平	ZZZZZPP	入/去/上/上去/去/平/平
7b58793341234918fa52dfa383a8c996	萧绎	春别应令	梁	7	15	正见凉月与云齐	?去?入?平?	?Z?Z?P?	平去/去/平去/入/平上去/平/平去
7b58793341234918fa52dfa383a8c996	萧绎	春别应令	梁	7	16	若使月光无近远	??入平平??	?ZZ?PZZ	平上入/上去/入/平去/平/上去/上去
7b58793341234918fa52dfa383a8c996	萧绎	春别应令	梁	7	17	应昭离人今夜啼	?平?平平去平	?P?PPZP	平去/平/平去/平/平/去/平
7b587933471e9d47dc2ead3737734ac5	颜延之	五君咏	宋	5	0	阮公虽沦迹	?平平平入	?PPPZ	平上/平/平/平/入
7b587933471e9d47dc2ead3737734ac5	颜延之	五君咏	宋	5	1	识密鉴亦洞	?入?入?	ZZ?Z?	去入/入/平去/入/平去
7b587933471e9d47dc2ead3737734ac5	颜延之	五君咏	宋	5	2	沉醉似埋照	平去上平去	PZZPZ	平/去/上/平/去
7b587933471e9d47dc2ead3737734ac5	颜延之	五君咏	宋	5	3	寓辞类托讽	去平去入去	ZPZZZ	去/平/去/入/去
7b587933471e9d47dc2ead3737734ac5	颜延之	五君咏	宋	5	4	长啸若怀人	?去?平平	?Z?PP	平上去/去/平上入/平/平
7b587933471e9d47dc2ead3737734ac5	颜延之	五君咏	宋	5	5	越礼自惊众	入上去平?	ZZZP?	入/上/去/平/
7b587933471e9d47dc2ead3737734ac5	颜延之	五君咏	宋	5	6	物故不可论	入去入上?	ZZ?Z?	入/去/平上入/上/平去
7b587933471e9d47dc2ead3737734ac5	颜延之	五君咏	宋	5	7	途穷能无恸	平平?平去	PP?PZ	平/平/平上去/平/去
7b587933471e9d47dc2ead3737734ac5	颜延之	五君咏	宋	5	8	中散不偶世	??入?去	?Z?ZZ	平去/上去/平上入/上去/去
7b587933471e9d47dc2ead3737734ac5	颜延之	五君咏	宋	5	9	本自餐霞人	上去平平平	ZZPPP	上/去/平/平/平
7b587933471e9d47dc2ead3737734ac5	颜延之	五君咏	宋	5	10	形解验默仙	平?去入平	PZZZP	平/上去/去/入/平
7b587933471e9d47dc2ead3737734ac5	颜延之	五君咏	宋	5	11	吐论知凝神	??平?平	Z?P?P	上去/平去/平/平去/平
7b587933471e9d47dc2ead3737734ac5	颜延之	五君咏	宋	5	12	立俗迕流议	入入去平去	ZZZPZ	入/入/去/平/去
7b587933471e9d47dc2ead3737734ac5	颜延之	五君咏	宋	5	13	寻山洽隐沦	平平入上平	PPZZP	平/平/入/上去/平
7b587933471e9d47dc2ead3737734ac5	颜延之	五君咏	宋	5	14	鸾翮有时铩	平入上平?	PZZPZ	平/入/上/平/去入
7b587933471e9d47dc2ead3737734ac5	颜延之	五君咏	宋	5	15	龙性谁能驯	平去平?平	PZP?P	平/去/平/平上去/平
7b587933471e9d47dc2ead3737734ac5	颜延之	五君咏	宋	5	16	刘伶善闭关	平平上?平	PPZZP	平/平/上/去入/平
7b587933471e9d47dc2ead3737734ac5	颜延之	五君咏	宋	5	17	怀情灭闻见	平平入?去	PPZ?Z	平/平/入/平去/去
7b587933471e9d47dc2ead3737734ac5	颜延之	五君咏	宋	5	18	鼓钟不足欢	?平入入平	?P?ZP	/平/平上入/去入/平
7b587933471e9d47dc2ead3737734ac5	颜延之	五君咏	宋	5	19	荣色岂能眩	平入上??	PZZ??	平/入/上/平上去/平去
7b587933471e9d47dc2ead3737734ac5	颜延之	五君咏	宋	5	20	韬精日沈饮	平?入??	P?Z?Z	平/平去/入/平上去/上去
7b587933471e9d47dc2ead3737734ac5	颜延之	五君咏	宋	5	21	谁知非荒宴	平平平??	PPP?Z	平/平/平/平去/上去
7b587933471e9d47dc2ead3737734ac5	颜延之	五君咏	宋	5	22	颂酒虽短章	?上平上平	?ZPZP	平去/上/平/上/平
7b587933471e9d47dc2ead3737734ac5	颜延之	五君咏	宋	5	23	深衷自此见	平?去上去	??ZZZ	平去/平去/去/上/去
7b587933471e9d47dc2ead3737734ac5	颜延之	五君咏	宋	5	24	仲容青云器	去平平平去	ZPPPZ	去/平/平/平/去
7b587933471e9d47dc2ead3737734ac5	颜延之	五君咏	宋	5	25	实禀生民秀	入上平平去	ZZ?PZ	入/上/平去/平/去
7b587933471e9d47dc2ead3737734ac5	颜延之	五君咏	宋	5	26	达音何用深	?平平去平	ZP?Z?	去入/平/平上/去/平去
7b587933471e9d47dc2ead3737734ac5	颜延之	五君咏	宋	5	27	识微在金奏	?平?平去	ZPZPZ	去入/平/上去/平/去
7b587933471e9d47dc2ead3737734ac5	颜延之	五君咏	宋	5	28	郭弈已心醉	入入上平去	ZZZPZ	入/入/上去/平/去
7b587933471e9d47dc2ead3737734ac5	颜延之	五君咏	宋	5	29	山公非虚觏	平平平平去	PPPPZ	平/平/平/平/去
7b587933471e9d47dc2ead3737734ac5	颜延之	五君咏	宋	5	30	屡荐不入官	去去入入平	ZZ?ZP	去/去/平上入/入/平
7b587933471e9d47dc2ead3737734ac5	颜延之	五君咏	宋	5	31	一麾乃出守	入平上入?	ZPZZZ	入/平/上/去入/上去
7b587933471e9d47dc2ead3737734ac5	颜延之	五君咏	宋	5	32	向秀甘淡薄	?去平?入	ZZP?Z	上去/去/平/平上去/入
7b587933471e9d47dc2ead3737734ac5	颜延之	五君咏	宋	5	33	深心托豪素	平平入平去	?PZPZ	平去/平/入/平/去
7b587933471e9d47dc2ead3737734ac5	颜延之	五君咏	宋	5	34	探道好渊玄	平上?平平	PZZPP	平/上/上去/平/平
7b587933471e9d47dc2ead3737734ac5	颜延之	五君咏	宋	5	35	观书鄙章句	?平上平?	?PZP?	平去/平/上/平/平去
7b587933471e9d47dc2ead3737734ac5	颜延之	五君咏	宋	5	36	交吕既鸿轩	平上去?平	PZZ?P	平/上/去/平上/平
7b587933471e9d47dc2ead3737734ac5	颜延之	五君咏	宋	5	37	攀嵇亦凤举	平平入去上	PPZZZ	平/平/入/去/上
7b587933471e9d47dc2ead3737734ac5	颜延之	五君咏	宋	5	38	流连河里游	平平平上平	PPPZP	平/平/平/上/平
7b587933471e9d47dc2ead3737734ac5	颜延之	五君咏	宋	5	39	恻怆山阳赋	入?平平去	ZZPPZ	入/上去/平/平/去
7b5879334f307ee658e52989e1f84a18	萧衍	游钟山大爱敬寺诗	梁	5	0	曰予受尘缚	入?上平?	Z?ZPZ	入/平上/上/平/去入
7b5879334f307ee658e52989e1f84a18	萧衍	游钟山大爱敬寺诗	梁	5	1	未得留盖缠	去入???	ZZ?Z?	去/入/平去/去入/平去
7b5879334f307ee658e52989e1f84a18	萧衍	游钟山大爱敬寺诗	梁	5	2	三有同永夜	平上?上去	?Z?ZZ	平去/上/平去/上/去
7b5879334f307ee658e52989e1f84a18	萧衍	游钟山大爱敬寺诗	梁	5	3	六道等长眠	入上上?平	ZZZ?P	入/上/上/平上去/平
7b5879334f307ee658e52989e1f84a18	萧衍	游钟山大爱敬寺诗	梁	5	4	才性乏方便	?去入平?	?ZZP?	平去/去/入/平/平去
7b5879334f307ee658e52989e1f84a18	萧衍	游钟山大爱敬寺诗	梁	5	5	智力非善权	去入平上平	ZZPZP	去/入/平/上/平
7b5879334f307ee658e52989e1f84a18	萧衍	游钟山大爱敬寺诗	梁	5	6	生住无停相	平去平平?	?ZPP?	平去/去/平/平/平去
7b5879334f307ee658e52989e1f84a18	萧衍	游钟山大爱敬寺诗	梁	5	7	刹那即徂迁	入?入平平	Z?ZPP	入/平上去/入/平/平
7b5879334f307ee658e52989e1f84a18	萧衍	游钟山大爱敬寺诗	梁	5	8	叹逝比悠稔	去去?平上	?Z?PZ	平去/去/平上去入/平/上
7b5879334f307ee658e52989e1f84a18	萧衍	游钟山大爱敬寺诗	梁	5	9	交臂乃奢年	平去上平平	PZZPP	平/去/上/平/平
7b5879334f307ee658e52989e1f84a18	萧衍	游钟山大爱敬寺诗	梁	5	10	从流既难反	?平去平?	?PZ??	平去/平/去/平去/平上
7b5879334f307ee658e52989e1f84a18	萧衍	游钟山大爱敬寺诗	梁	5	11	弱丧谓不然	入?去入平	Z?Z?P	入/平去/去/平上入/平
7b5879334f307ee658e52989e1f84a18	萧衍	游钟山大爱敬寺诗	梁	5	12	二苦常追随	去上平平平	ZZPPP	去/上去/平/平/平
7b5879334f307ee658e52989e1f84a18	萧衍	游钟山大爱敬寺诗	梁	5	13	三毒自烧然	平入去?平	?ZZ?P	平去/入/去/平去/平
7b5879334f307ee658e52989e1f84a18	萧衍	游钟山大爱敬寺诗	梁	5	14	贪痴养忧畏	平平?平去	PPZ?Z	平/平/上去/平去/去
7b5879334f307ee658e52989e1f84a18	萧衍	游钟山大爱敬寺诗	梁	5	15	热恼坐焦煎	入上上平?	ZZZP?	入/上/上去/平/平去
7b5879334f307ee658e52989e1f84a18	萧衍	游钟山大爱敬寺诗	梁	5	16	道心理归终	上平上平平	ZPZPP	上/平/上/平/平
7b5879334f307ee658e52989e1f84a18	萧衍	游钟山大爱敬寺诗	梁	5	17	信首故宜先	去?去平?	ZZZP?	去/上去/去/平/平去
7b5879334f307ee658e52989e1f84a18	萧衍	游钟山大爱敬寺诗	梁	5	18	驾言追善友	去平平上上	ZPPZZ	去/平/平/上/上
7b5879334f307ee658e52989e1f84a18	萧衍	游钟山大爱敬寺诗	梁	5	19	回舆寻胜缘	平?平??	??P??	平去/平去/平/平去/平去
7b5879334f307ee658e52989e1f84a18	萧衍	游钟山大爱敬寺诗	梁	5	20	面势周大地	去去平去去	ZZPZZ	去/去/平/去/去
7b5879334f307ee658e52989e1f84a18	萧衍	游钟山大爱敬寺诗	梁	5	21	萦带极长川	平去入?平	PZZ?P	平/去/入/平上去/平
7b5879334f307ee658e52989e1f84a18	萧衍	游钟山大爱敬寺诗	梁	5	22	棱层叠嶂远	平平入去?	PPZZZ	平/平/入/去/上去
7b5879334f307ee658e52989e1f84a18	萧衍	游钟山大爱敬寺诗	梁	5	23	迤逦嶝道悬	?上去上平	?ZZZP	/上/去/上/平
7b5879334f307ee658e52989e1f84a18	萧衍	游钟山大爱敬寺诗	梁	5	24	朝日照花林	平入去平平	PZZPP	平/入/去/平/平
7b5879334f307ee658e52989e1f84a18	萧衍	游钟山大爱敬寺诗	梁	5	25	光风起香山	平平上平平	??ZPP	平去/平去/上/平/平
7b5879334f307ee658e52989e1f84a18	萧衍	游钟山大爱敬寺诗	梁	5	26	飞鸟发差池	平上入?平	PZZ?P	平/上/入/平去/平
7b5879334f307ee658e52989e1f84a18	萧衍	游钟山大爱敬寺诗	梁	5	27	出云去连绵	入平?平平	ZPZPP	去入/平/上去/平/平
7b5879334f307ee658e52989e1f84a18	萧衍	游钟山大爱敬寺诗	梁	5	28	落英分绮色	入平?上入	ZP?ZZ	入/平/平去/上/入
7b5879334f307ee658e52989e1f84a18	萧衍	游钟山大爱敬寺诗	梁	5	29	坠露散珠圆	去去?平平	ZZZPP	去/去/上去/平/平
7b5879334f307ee658e52989e1f84a18	萧衍	游钟山大爱敬寺诗	梁	5	30	当道兰靃靡	?上平?上	?ZPZZ	平去/上/平/上入/上
7b5879334f307ee658e52989e1f84a18	萧衍	游钟山大爱敬寺诗	梁	5	31	临阶竹便娟	?平入?平	?PZ?P	平去/平/入/平去/平
7b5879334f307ee658e52989e1f84a18	萧衍	游钟山大爱敬寺诗	梁	5	32	幽谷响嘤嘤	平入上平平	PZZPP	平/入/上/平/平
7b5879334f307ee658e52989e1f84a18	萧衍	游钟山大爱敬寺诗	梁	5	33	石濑鸣溅溅	入去平??	ZZP??	入/去/平/平去/平去
7b5879334f307ee658e52989e1f84a18	萧衍	游钟山大爱敬寺诗	梁	5	34	萝短未中揽	平上去?上	PZZ?Z	平/上/去/平去/上
7b5879334f307ee658e52989e1f84a18	萧衍	游钟山大爱敬寺诗	梁	5	35	葛嫩不任牵	入去入??	ZZ???	入/去/平上入/平去/平去
7b5879334f307ee658e52989e1f84a18	萧衍	游钟山大爱敬寺诗	梁	5	36	攀缘傍玉涧	平??入去	P??ZZ	平/平去/平去/入/去
7b5879334f307ee658e52989e1f84a18	萧衍	游钟山大爱敬寺诗	梁	5	37	褰陟度金泉	平入?平平	PZZPP	平/入/去入/平/平
7b5879334f307ee658e52989e1f84a18	萧衍	游钟山大爱敬寺诗	梁	5	38	长途弘翠微	?平平去平	?PPZP	平上去/平/平/去/平
7b5879334f307ee658e52989e1f84a18	萧衍	游钟山大爱敬寺诗	梁	5	39	香楼间紫烟	平平平上平	PP?Z?	平/平//上/平去
7b5879334f307ee658e52989e1f84a18	萧衍	游钟山大爱敬寺诗	梁	5	40	慧居超七净	去平平入去	ZPPZZ	去/平/平/入/去
7b5879334f307ee658e52989e1f84a18	萧衍	游钟山大爱敬寺诗	梁	5	41	梵住逾八禅	?去平入?	?ZPZ?	平去/去/平/入/平去
7b5879334f307ee658e52989e1f84a18	萧衍	游钟山大爱敬寺诗	梁	5	42	始得展身敬	上入上平去	ZZZPZ	上/入/上/平/去
7b5879334f307ee658e52989e1f84a18	萧衍	游钟山大爱敬寺诗	梁	5	43	方乃遂心虔	平上去平平	PZZPP	平/上/去/平/平
7b5879334f307ee658e52989e1f84a18	萧衍	游钟山大爱敬寺诗	梁	5	44	菩提圣种子	?平??上	?PZ?Z	平上入/平/去入/平上去/上
7b5879334f307ee658e52989e1f84a18	萧衍	游钟山大爱敬寺诗	梁	5	45	十力良福田	入入平入平	ZZPZP	入/入/平/入/平
7b5879334f307ee658e52989e1f84a18	萧衍	游钟山大爱敬寺诗	梁	5	46	正趣果上果	??上?上	?ZZZZ	平去/上去/上/上去/上
7b5879334f307ee658e52989e1f84a18	萧衍	游钟山大爱敬寺诗	梁	5	47	皈依天中天	?平平?平	?PP?P	/平/平/平去/平
7b5879334f307ee658e52989e1f84a18	萧衍	游钟山大爱敬寺诗	梁	5	48	一道长死生	入上?上平	ZZ?Z?	入/上/平上去/上/平去
7b5879334f307ee658e52989e1f84a18	萧衍	游钟山大爱敬寺诗	梁	5	49	有无离二边	上平?去平	ZP?ZP	上/平/平去/去/平
7b5879334f307ee658e52989e1f84a18	萧衍	游钟山大爱敬寺诗	梁	5	50	何待空同右	平上???	?Z??Z	平上/上/平去/平去/上去
7b5879334f307ee658e52989e1f84a18	萧衍	游钟山大爱敬寺诗	梁	5	51	岂羡汾阳前	上?平平平	Z?PPP	上/平去/平/平/平
7b5879334f307ee658e52989e1f84a18	萧衍	游钟山大爱敬寺诗	梁	5	52	以我初觉意	上上平?去	ZZPZZ	上/上/平/去入/去
7b5879334f307ee658e52989e1f84a18	萧衍	游钟山大爱敬寺诗	梁	5	53	贻尔后来贤	平上?平平	PZZPP	平/上/上去/平/平
7b5879334f307ee6f7d5fb301d38dd10	萧衍	河中之水歌	梁	7	0	河中之水向东流	平平平上?平平	P?PZZPP	平/平去/平/上/上去/平/平
7b5879334f307ee6f7d5fb301d38dd10	萧衍	河中之水歌	梁	7	1	洛阳女儿名莫愁	入平上平平入平	ZPZPPZP	入/平/上去/平/平/入/平
7b5879334f307ee6f7d5fb301d38dd10	萧衍	河中之水歌	梁	7	2	莫愁十三能织绮	入平入平??上	ZPZ??ZZ	入/平/入/平去/平上去/去入/上
7b5879334f307ee6f7d5fb301d38dd10	萧衍	河中之水歌	梁	7	3	十四采桑南陌头	入去上平平入平	ZZZPPZP	入/去/上/平/平/入/平
7b5879334f307ee6f7d5fb301d38dd10	萧衍	河中之水歌	梁	7	4	十五嫁于卢家妇	入上去平平平上	ZZZPPPZ	入/上/去/平/平/平/上
7b5879334f307ee6f7d5fb301d38dd10	萧衍	河中之水歌	梁	7	5	十六生儿字阿侯	入入平平去平平	ZZ?PZPP	入/入/平去/平/去/平/平
7b5879334f307ee6f7d5fb301d38dd10	萧衍	河中之水歌	梁	7	6	卢家兰室桂为梁	平平平入去?平	PPPZZ?P	平/平/平/入/去/平去/平
7b5879334f307ee6f7d5fb301d38dd10	萧衍	河中之水歌	梁	7	7	中有郁金苏合香	?上入平平入平	?ZZPPZP	平去/上/入/平/平/入/平
7b5879334f307ee6f7d5fb301d38dd10	萧衍	河中之水歌	梁	7	8	头上金钗十二行	平?平平入去?	PZPPZZ?	平/上去/平/平/入/去/平去
7b5879334f307ee6f7d5fb301d38dd10	萧衍	河中之水歌	梁	7	9	足下丝履五文章	入?平上上平平	ZZPZZPP	去入/上去/平/上/上/平/平
7b5879334f307ee6f7d5fb301d38dd10	萧衍	河中之水歌	梁	7	10	珊瑚挂镜烂生光	平平去去去平平	PPZZZ??	平/平/去/去/去/平去/平去
7b5879334f307ee6f7d5fb301d38dd10	萧衍	河中之水歌	梁	7	11	平头奴子擎履箱	平平平上平上平	PPPZPZP	平/平/平/上/平/上/平
7b5879334f307ee6f7d5fb301d38dd10	萧衍	河中之水歌	梁	7	12	人生富贵何所望	平平去去平上?	P?ZZ?Z?	平/平去/去/去/平上/上/平去
7b5879334f307ee6f7d5fb301d38dd10	萧衍	河中之水歌	梁	7	13	恨不嫁与东家王	去入去?平平平	Z?Z?PP?	去/平上入/去/平上去/平/平/平去
7b5879334f307ee66bc73258263650e1	萧衍	东飞伯劳歌	梁	7	0	东飞伯劳西飞燕	平平入?平平?	PPZ?PP?	平/平/入/平去/平/平/平去
7b5879334f307ee66bc73258263650e1	萧衍	东飞伯劳歌	梁	7	1	黄姑织女时相见	平平?上平?去	PPZZP?Z	平/平/去入/上去/平/平去/去
7b5879334f307ee66bc73258263650e1	萧衍	东飞伯劳歌	梁	7	2	谁家女儿对门居	平平上平去平平	PPZPZPP	平/平/上去/平/去/平/平
7b5879334f307ee66bc73258263650e1	萧衍	东飞伯劳歌	梁	7	3	开颜发艳照里闾	平平入去去上平	PPZZZZP	平/平/入/去/去/上/平
7b5879334f307ee66bc73258263650e1	萧衍	东飞伯劳歌	梁	7	4	南窗北牖挂明光	平?入上去平平	P?ZZZP?	平//入/上/去/平/平去
7b5879334f307ee66bc73258263650e1	萧衍	东飞伯劳歌	梁	7	5	罗帷绮帐脂粉香	平平上去平上平	PPZZPZP	平/平/上/去/平/上/平
7b5879334f307ee66bc73258263650e1	萧衍	东飞伯劳歌	梁	7	6	女儿年几十五六	上平平?入上入	ZPP?ZZZ	上去/平/平/平上去/入/上/入
7b5879334f307ee66bc73258263650e1	萧衍	东飞伯劳歌	梁	7	7	窈窕无双颜如玉	上上平平平平入	ZZPPP?Z	上/上/平/平/平/平去/入
7b5879334f307ee66bc73258263650e1	萧衍	东飞伯劳歌	梁	7	8	三春已暮花从风	平平上去平?平	?PZZP??	平去/平/上去/去/平/平去/平去
7b5879334f307ee66bc73258263650e1	萧衍	东飞伯劳歌	梁	7	9	空留可怜谁与同	??上平平??	??ZPP??	平去/平去/上/平/平/平上去/平去
7b5879334f307ee68bf6606d680ee7f3	萧衍	长安有狭邪行	梁	5	0	洛阳有曲陌	入平上入入	ZPZZZ	入/平/上/入/入
7b5879334f307ee68bf6606d680ee7f3	萧衍	长安有狭邪行	梁	5	1	曲陌不通驿	入入入平入	ZZ?PZ	入/入/平上入/平/入
7b5879334f307ee68bf6606d680ee7f3	萧衍	长安有狭邪行	梁	5	2	忽遇二少童	入去去?平	ZZZZP	入/去/去/上去/平
7b5879334f307ee68bf6606d680ee7f3	萧衍	长安有狭邪行	梁	5	3	扶辔问君宅	平去去平入	PZZPZ	平/去/去/平/入
7b5879334f307ee68bf6606d680ee7f3	萧衍	长安有狭邪行	梁	5	4	我宅邯郸右	上入平平?	ZZPPZ	上/入/平/平/上去
7b5879334f307ee68bf6606d680ee7f3	萧衍	长安有狭邪行	梁	5	5	易忆复可知	?入入上平	ZZZZP	去入/入/去入/上/平
7b5879334f307ee68bf6606d680ee7f3	萧衍	长安有狭邪行	梁	5	6	大息组絪缊	去入上平?	ZZZP?	去/入/上/平/平上去
7b5879334f307ee68bf6606d680ee7f3	萧衍	长安有狭邪行	梁	5	7	中息佩陆离	?入去入?	?ZZZ?	平去/入/去/入/平去
7b5879334f307ee68bf6606d680ee7f3	萧衍	长安有狭邪行	梁	5	8	小息尚青绮	上入?平上	ZZ?PZ	上/入/平去/平/上
7b5879334f307ee68bf6606d680ee7f3	萧衍	长安有狭邪行	梁	5	9	总辔游南皮	上去平平平	ZZPPP	上/去/平/平/平
7b5879334f307ee68bf6606d680ee7f3	萧衍	长安有狭邪行	梁	5	10	三息俱入门	平入平入平	?ZPZP	平去/入/平/入/平
7b5879334f307ee68bf6606d680ee7f3	萧衍	长安有狭邪行	梁	5	11	家臣拜门垂	平平去平平	PPZPP	平/平/去/平/平
7b5879334f307ee68bf6606d680ee7f3	萧衍	长安有狭邪行	梁	5	12	三息俱升堂	平入平平平	?ZPPP	平去/入/平/平/平
7b5879334f307ee68bf6606d680ee7f3	萧衍	长安有狭邪行	梁	5	13	旨酒盈千巵	上上平平平	ZZPPP	上/上/平/平/平
7b5879334f307ee68bf6606d680ee7f3	萧衍	长安有狭邪行	梁	5	14	三息俱入户	平入平入上	?ZPZZ	平去/入/平/入/上
7b5879334f307ee68bf6606d680ee7f3	萧衍	长安有狭邪行	梁	5	15	户内有光仪	上去上平平	ZZZ?P	上/去/上/平去/平
7b5879334f307ee68bf6606d680ee7f3	萧衍	长安有狭邪行	梁	5	16	大妇理金翠	去上上平去	ZZZPZ	去/上/上/平/去
7b5879334f307ee68bf6606d680ee7f3	萧衍	长安有狭邪行	梁	5	17	中妇事玉触	?上去入入	?ZZZZ	平去/上/去/入/入
7b5879334f307ee68bf6606d680ee7f3	萧衍	长安有狭邪行	梁	5	18	小妇独闲暇	上上入?去	ZZZ?Z	上/上/入/平去/去
7b5879334f307ee68bf6606d680ee7f3	萧衍	长安有狭邪行	梁	5	19	调笙游曲池	?平平入平	?PPZP	平去/平/平/入/平
7b5879334f307ee68bf6606d680ee7f3	萧衍	长安有狭邪行	梁	5	20	丈人少徘徊	上平?平平	ZPZPP	上/平/上去/平/平
7b5879334f307ee68bf6606d680ee7f3	萧衍	长安有狭邪行	梁	5	21	凤吹方参差	去?平??	Z?P??	去/平去/平/平去/平去
7b5879334f307ee6ca608431793e0abb	萧衍	芳树	梁	5	0	绿树始摇芳	入?上?平	ZZZ?P	入/上去/上/平去/平
7b5879334f307ee6ca608431793e0abb	萧衍	芳树	梁	5	1	芳生非一叶	平平平入入	P?PZZ	平/平去/平/入/入
7b5879334f307ee6ca608431793e0abb	萧衍	芳树	梁	5	2	一叶度春风	入入?平平	ZZZP?	入/入/去入/平/平去
7b5879334f307ee6ca608431793e0abb	萧衍	芳树	梁	5	3	芳芳自相接	平平去?入	PPZ?Z	平/平/去/平去/入
7b5879334f307ee6ca608431793e0abb	萧衍	芳树	梁	5	4	色杂乱参差	入入去??	ZZZ??	入/入/去/平去/平去
7b5879334f307ee6ca608431793e0abb	萧衍	芳树	梁	5	5	众花纷重叠	?平平?入	?PP?Z	/平/平/平上去/入
7b5879334f307ee6ca608431793e0abb	萧衍	芳树	梁	5	6	重叠不可思	?入入上?	?Z?Z?	平上去/入/平上入/上/平去
7b5879334f307ee6ca608431793e0abb	萧衍	芳树	梁	5	7	思此谁能惬	?上平?入	?ZP?Z	平去/上/平/平上去/入
7b5879334f307ee6373d7c36c1209a32	萧衍	有所思	梁	5	0	谁言生离久	平平平?上	PP??Z	平/平/平去/平去/上
7b5879334f307ee6373d7c36c1209a32	萧衍	有所思	梁	5	1	适意与君别	入去?平入	ZZ?PZ	入/去/平上去/平/去入
7b5879334f307ee6373d7c36c1209a32	萧衍	有所思	梁	5	2	衣上芳犹在	??平平?	?ZP?Z	平去/上去/平/平去/上去
7b5879334f307ee6373d7c36c1209a32	萧衍	有所思	梁	5	3	握里书未灭	入上平去入	ZZPZZ	入/上/平/去/入
7b5879334f307ee6373d7c36c1209a32	萧衍	有所思	梁	5	4	腰中双绮带	平?平上去	P?PZZ	平/平去/平/上/去
7b5879334f307ee6373d7c36c1209a32	萧衍	有所思	梁	5	5	梦为同心结	??平平入	???PZ	平去/平去/平去/平/入
7b5879334f307ee6373d7c36c1209a32	萧衍	有所思	梁	5	6	常恐所思露	平?上?去	PZZ?Z	平/上去/上/平去/去
7b5879334f307ee6373d7c36c1209a32	萧衍	有所思	梁	5	7	瑶华未忍折	平?去上?	P?ZZ?	平/平去/去/上/平入
7b5879334ff17f845765948489a25443	萧统	长相思	梁	5	0	相思无终极	平平平平入	??PPZ	平去/平去/平/平/入
7b5879334ff17f845765948489a25443	萧统	长相思	梁	5	1	长夜起叹息	平去上去入	?ZZ?Z	平上去/去/上/平去/入
7b5879334ff17f845765948489a25443	萧统	长相思	梁	5	2	徒见貌婵娟	平去去平平	PZZPP	平/去/去/平/平
7b5879334ff17f845765948489a25443	萧统	长相思	梁	5	3	宁知心有忆	?平平上入	?PPZZ	平上去/平/平/上/入
7b5879334ff17f845765948489a25443	萧统	长相思	梁	5	4	寸心无以因	去平平上平	ZPPZP	去/平/平/上/平
7b5879334ff17f845765948489a25443	萧统	长相思	梁	5	5	愿附归飞翼	去去平平入	ZZPPZ	去/去/平/平/入
7b5879334ff17f84373d7c36e532469e	萧统	有所思	梁	5	0	公子远于隔	平上?平入	PZZPZ	平/上/上去/平/入
7b5879334ff17f84373d7c36e532469e	萧统	有所思	梁	5	1	乃在天一方	上?平入平	ZZPZP	上/上去/平/入/平
7b5879334ff17f84373d7c36e532469e	萧统	有所思	梁	5	2	望望江山阻	??平平?	??PPZ	平去/平去/平/平/上去
7b5879334ff17f84373d7c36e532469e	萧统	有所思	梁	5	3	悠悠道路长	平平上去?	PPZZ?	平/平/上/去/平上去
7b5879334ff17f84373d7c36e532469e	萧统	有所思	梁	5	4	别前秋叶落	入平平入入	ZPPZZ	去入/平/平/入/入
7b5879334ff17f84373d7c36e532469e	萧统	有所思	梁	5	5	虽后春花芳	平?平平平	PZPPP	平/上去/平/平/平
7b5879334ff17f84373d7c36e532469e	萧统	有所思	梁	5	6	雷叹一声响	平去入平上	P?ZPZ	平/平去/入/平/上
7b5879334ff17f84373d7c36e532469e	萧统	有所思	梁	5	7	雨泪忽成行	?去入平?	ZZZP?	上去/去/入/平/平去
7b5879334ff17f84373d7c36e532469e	萧统	有所思	梁	5	8	怅望情无极	去?平平入	Z?PPZ	去/平去/平/平/入
7b5879334ff17f84373d7c36e532469e	萧统	有所思	梁	5	9	倾心还自伤	平平平去平	PPPZ?	平/平/平/去/平去
7b5879334ff17f84fb18aabcf0dd6aff	萧统	咏同心莲诗	梁	5	0	江南采莲处	平平上??	PPZ?Z	平/平/上/平上/上去
7b5879334ff17f84fb18aabcf0dd6aff	萧统	咏同心莲诗	梁	5	1	照灼本足观	去入上入?	ZZZZ?	去/入/上/去入/平去
7b5879334ff17f84fb18aabcf0dd6aff	萧统	咏同心莲诗	梁	5	2	况等连枝树	去上平平?	ZZPPZ	去/上/平/平/上去
7b5879334ff17f84fb18aabcf0dd6aff	萧统	咏同心莲诗	梁	5	3	俱耀紫茎端	平去上平平	PZZPP	平/去/上/平/平
7b5879334ff17f84fb18aabcf0dd6aff	萧统	咏同心莲诗	梁	5	4	同逾并根草	?平?平上	?P?PZ	平去/平/平上去/平/上
7b5879334ff17f84fb18aabcf0dd6aff	萧统	咏同心莲诗	梁	5	5	双异独鸣鸾	平去入平平	P?ZPP	平/平去/入/平/平
7b5879334ff17f84fb18aabcf0dd6aff	萧统	咏同心莲诗	梁	5	6	以兹代萱草	上平去平上	ZPZPZ	上/平/去/平/上
7b5879334ff17f84fb18aabcf0dd6aff	萧统	咏同心莲诗	梁	5	7	必使愁人欢	入?平平平	ZZPPP	入/上去/平/平/平
7b587933546f8f55b1232db8b6bdc81d	谢瞻	答康乐秋霁诗	宋	5	0	夕霁风气凉	入去平去?	ZZ?Z?	入/去/平去/去/平去
7b587933546f8f55b1232db8b6bdc81d	谢瞻	答康乐秋霁诗	宋	5	1	闲房有馀清	?平上平平	?PZPP	平去/平/上/平/平
7b587933546f8f55b1232db8b6bdc81d	谢瞻	答康乐秋霁诗	宋	5	2	开轩灭华烛	平平入?入	PPZ?Z	平/平/入/平去/入
7b587933546f8f55b1232db8b6bdc81d	谢瞻	答康乐秋霁诗	宋	5	3	月露皓已盈	入去?上平	ZZ?ZP	入/去//上去/平
7b587933546f8f55b1232db8b6bdc81d	谢瞻	答康乐秋霁诗	宋	5	4	独夜无物役	入去平入入	ZZPZZ	入/去/平/入/入
7b587933546f8f55b1232db8b6bdc81d	谢瞻	答康乐秋霁诗	宋	5	5	寝者亦云宁	上上入平?	ZZZP?	上/上/入/平/平上去
7b587933546f8f55b1232db8b6bdc81d	谢瞻	答康乐秋霁诗	宋	5	6	忽获愁霖唱	入入平平去	ZZPPZ	入/入/平/平/去
7b587933546f8f55b1232db8b6bdc81d	谢瞻	答康乐秋霁诗	宋	5	7	怀劳奏所诚	平?去上平	P?ZZP	平/平去/去/上/平
7b587933546f8f55b1232db8b6bdc81d	谢瞻	答康乐秋霁诗	宋	5	8	叹彼行旅艰	去上?上平	?Z?ZP	平去/上/平去/上/平
7b587933546f8f55b1232db8b6bdc81d	谢瞻	答康乐秋霁诗	宋	5	9	深兹眷言情	平平去平平	?PZPP	平去/平/去/平/平
7b587933546f8f55b1232db8b6bdc81d	谢瞻	答康乐秋霁诗	宋	5	10	伊余虽寡慰	平平平上去	PPPZZ	平/平/平/上/去
7b587933546f8f55b1232db8b6bdc81d	谢瞻	答康乐秋霁诗	宋	5	11	殷忧暂为轻	平平去??	P?Z??	平/平去/去/平去/平去
7b587933546f8f55b1232db8b6bdc81d	谢瞻	答康乐秋霁诗	宋	5	12	牵率酬嘉藻	??平平上	?ZPPZ	平去/去入/平/平/上
7b587933546f8f55b1232db8b6bdc81d	谢瞻	答康乐秋霁诗	宋	5	13	长揖愧吾生	?入去平平	?ZZP?	平上去/入/去/平/平去
7b58793361c1054854b6658c7aa844ab	阴铿	和傅郎岁暮还湘州诗	陳	5	0	苍茫岁欲晚	?平去入上	?PZZZ	平上/平/去/入/上
7b58793361c1054854b6658c7aa844ab	阴铿	和傅郎岁暮还湘州诗	陳	5	1	辛苦客方行	平上入平?	PZZP?	平/上去/入/平/平去
7b58793361c1054854b6658c7aa844ab	阴铿	和傅郎岁暮还湘州诗	陳	5	2	大江静犹浪	去平上平?	ZPZ??	去/平/上/平去/平去
7b58793361c1054854b6658c7aa844ab	阴铿	和傅郎岁暮还湘州诗	陳	5	3	扁舟独且征	?平入??	?PZ??	平上/平/入/平上/平上
7b58793361c1054854b6658c7aa844ab	阴铿	和傅郎岁暮还湘州诗	陳	5	4	棠枯绛叶尽	平平去入上	PPZZZ	平/平/去/入/上
7b58793361c1054854b6658c7aa844ab	阴铿	和傅郎岁暮还湘州诗	陳	5	5	芦冻白花轻	平?入平?	P?ZP?	平/平去/入/平/平去
7b58793361c1054854b6658c7aa844ab	阴铿	和傅郎岁暮还湘州诗	陳	5	6	戍人寒不望	去平平入?	ZPP??	去/平/平/平上入/平去
7b58793361c1054854b6658c7aa844ab	阴铿	和傅郎岁暮还湘州诗	陳	5	7	沙禽迥未惊	平平上去平	?PZZP	平去/平/上/去/平
7b58793361c1054854b6658c7aa844ab	阴铿	和傅郎岁暮还湘州诗	陳	5	8	湘波各深浅	平平入平?	PPZ??	平/平/入/平去/平上
7b58793361c1054854b6658c7aa844ab	阴铿	和傅郎岁暮还湘州诗	陳	5	9	空轸念归情	?上去平平	?ZZPP	平去/上/去/平/平
7b58793361c105486701113b9233fec9	阴铿	渡青草湖诗	陳	5	0	洞庭春溜满	?平平去上	?PPZZ	平去/平/平/去/上
7b58793361c105486701113b9233fec9	阴铿	渡青草湖诗	陳	5	1	平湖锦帆张	平平上平?	PPZ??	平/平/上/平去/平去
7b58793361c105486701113b9233fec9	阴铿	渡青草湖诗	陳	5	2	沅水桃花色	平上平平入	PZPPZ	平/上/平/平/入
7b58793361c105486701113b9233fec9	阴铿	渡青草湖诗	陳	5	3	湘流杜若香	平平上?平	PPZ?P	平/平/上/平上入/平
7b58793361c105486701113b9233fec9	阴铿	渡青草湖诗	陳	5	4	穴去茅山近	入?平平?	ZZPPZ	入/上去/平/平/上去
7b58793361c105486701113b9233fec9	阴铿	渡青草湖诗	陳	5	5	江连巫峡长	平平平入?	PPPZ?	平/平/平/入/平上去
7b58793361c105486701113b9233fec9	阴铿	渡青草湖诗	陳	5	6	带天澄迥碧	去平平上入	ZPPZZ	去/平/平/上/入
7b58793361c105486701113b9233fec9	阴铿	渡青草湖诗	陳	5	7	映日动浮光	去入上平平	ZZZP?	上去/入/上/平/平去
7b58793361c105486701113b9233fec9	阴铿	渡青草湖诗	陳	5	8	行舟逗远树	?平去??	?PZZZ	平去/平/去/上去/上去
7b58793361c105486701113b9233fec9	阴铿	渡青草湖诗	陳	5	9	度鸟息危樯	?上入平平	ZZZPP	去入/上/入/平/平
7b58793361c105486701113b9233fec9	阴铿	渡青草湖诗	陳	5	10	滔滔不可测	平平入上入	PP?ZZ	平/平/平上入/上/入
7b58793361c105486701113b9233fec9	阴铿	渡青草湖诗	陳	5	11	一苇讵能航	入上??平	ZZZ?P	入/上/上去/平上去/平
7b58793361c105489153a6a989cfb755	阴铿	江津送刘光禄不及诗	陳	5	0	依然临送渚	平平?去上	PP?ZZ	平/平/平去/去/上
7b58793361c105489153a6a989cfb755	阴铿	江津送刘光禄不及诗	陳	5	1	长望倚河津	???平平	??ZPP	平上去/平去/上去/平/平
7b58793361c105489153a6a989cfb755	阴铿	江津送刘光禄不及诗	陳	5	2	鼓声随听绝	?平平?入	?PP?Z	/平/平/平上去/入
7b58793361c105489153a6a989cfb755	阴铿	江津送刘光禄不及诗	陳	5	3	帆势与云邻	平去?平平	?Z?PP	平去/去/平上去/平/平
7b58793361c105489153a6a989cfb755	阴铿	江津送刘光禄不及诗	陳	5	4	泊处空馀鸟	入??平上	ZZ?PZ	入/上去/平去/平/上
7b58793361c105489153a6a989cfb755	阴铿	江津送刘光禄不及诗	陳	5	5	离亭已散人	?平上?平	?PZZP	平去/平/上去/上去/平
7b58793361c105489153a6a989cfb755	阴铿	江津送刘光禄不及诗	陳	5	6	林寒正下叶	平平??入	PP?ZZ	平/平/平去/上去/入
7b58793361c105489153a6a989cfb755	阴铿	江津送刘光禄不及诗	陳	5	7	钓晚欲收纶	去上入?平	ZZZ?P	去/上/入/平去/平
7b58793361c105489153a6a989cfb755	阴铿	江津送刘光禄不及诗	陳	5	8	如何相背远	平平?去?	???ZZ	平去/平上/平去/去/上去
7b58793361c105489153a6a989cfb755	阴铿	江津送刘光禄不及诗	陳	5	9	江汉与城闉	平去?平平	PZ?PP	平/去/平上去/平/平
7b58793361c1054864a7430324cde6c8	阴铿	雪里梅花诗	陳	5	0	春近寒虽转	平?平平?	PZPPZ	平/上去/平/平/上去
7b58793361c1054864a7430324cde6c8	阴铿	雪里梅花诗	陳	5	1	梅舒雪尚飘	平平入?平	PPZ?P	平/平/入/平去/平
7b58793361c1054864a7430324cde6c8	阴铿	雪里梅花诗	陳	5	2	从风还共落	?平平?入	??P?Z	平去/平去/平/平去/入
7b58793361c1054864a7430324cde6c8	阴铿	雪里梅花诗	陳	5	3	昭日不俱销	平入入平平	PZ?PP	平/入/平上入/平/平
7b58793361c1054864a7430324cde6c8	阴铿	雪里梅花诗	陳	5	4	叶开随足影	入平平入上	ZPPZZ	入/平/平/去入/上
7b58793361c1054864a7430324cde6c8	阴铿	雪里梅花诗	陳	5	5	花多助重条	平平去?平	PPZ?P	平/平/去/平上去/平
7b58793361c1054864a7430324cde6c8	阴铿	雪里梅花诗	陳	5	6	今来渐异昨	平平?去入	PP??Z	平/平/平上/平去/入
7b58793361c1054864a7430324cde6c8	阴铿	雪里梅花诗	陳	5	7	向晚判胜朝	?上去?平	ZZZ?P	上去/上/去/平去/平
7b58793361c1054896a3e519aa6acf20	阴铿	晚出新亭	陳	5	0	大江一浩荡	去平入??	ZPZZ?	去/平/入/上入/平上去
7b58793361c1054896a3e519aa6acf20	阴铿	晚出新亭	陳	5	1	离悲足几重	?平入??	?PZ??	平去/平/去入/平上去/平上去
7b58793361c1054896a3e519aa6acf20	阴铿	晚出新亭	陳	5	2	潮落犹如盖	平入平平?	PZ??Z	平/入/平去/平去/去入
7b58793361c1054896a3e519aa6acf20	阴铿	晚出新亭	陳	5	3	云昏不作峰	平平入入平	PP?ZP	平/平/平上入/去入/平
7b58793361c1054896a3e519aa6acf20	阴铿	晚出新亭	陳	5	4	远戍唯闻鼓	?去???	ZZ???	上去/去/平上/平去/
7b58793361c1054896a3e519aa6acf20	阴铿	晚出新亭	陳	5	5	寒山但见松	平平?去平	PP?Z?	平/平/平上去/去/平去
7b58793361c1054896a3e519aa6acf20	阴铿	晚出新亭	陳	5	6	九十方称半	上入平?去	ZZP?Z	上/入/平/平去/去
7b58793361c1054896a3e519aa6acf20	阴铿	晚出新亭	陳	5	7	归途讵有踪	平平?上平	PPZZP	平/平/上去/上/平
7b58793361c10548f3c11e21a0389edf	阴铿	五洲夜发	陳	5	0	夜江雾里阔	去平去上入	ZPZZZ	去/平/去/上/入
7b58793361c10548f3c11e21a0389edf	阴铿	五洲夜发	陳	5	1	新月迥中明	平入上?平	PZZ?P	平/入/上/平去/平
7b58793361c10548f3c11e21a0389edf	阴铿	五洲夜发	陳	5	2	溜船惟识火	去平平?上	ZPPZZ	去/平/平/去入/上
7b58793361c10548f3c11e21a0389edf	阴铿	五洲夜发	陳	5	3	惊凫但听声	平平??平	PP??P	平/平/平上去/平上去/平
7b58793361c10548f3c11e21a0389edf	阴铿	五洲夜发	陳	5	4	劳者时歌榜	?上平平?	?ZPP?	平去/上/平/平/平上去
7b58793361c10548f3c11e21a0389edf	阴铿	五洲夜发	陳	5	5	愁人数问更	平平?去?	PPZZ?	平/平/上去入/去/平去
7b58793361c105484d022818cef02f8c	阴铿	晚泊五洲	陳	5	0	客行逢日暮	入?平入去	Z?PZZ	入/平去/平/入/去
7b58793361c105484d022818cef02f8c	阴铿	晚泊五洲	陳	5	1	结缆晚洲中	入去上平?	ZZZP?	入/去/上/平/平去
7b58793361c105484d022818cef02f8c	阴铿	晚泊五洲	陳	5	2	戍楼因嵁险	去平平?上	ZPP?Z	去/平/平/平上/上
7b58793361c105484d022818cef02f8c	阴铿	晚泊五洲	陳	5	3	村路入江穷	平去入平平	PZZPP	平/去/入/平/平
7b58793361c105484d022818cef02f8c	阴铿	晚泊五洲	陳	5	4	水随云度黑	上平平?入	ZPPZZ	上/平/平/去入/入
7b58793361c105484d022818cef02f8c	阴铿	晚泊五洲	陳	5	5	山带日归红	平去入平平	PZZPP	平/去/入/平/平
7b58793361c105484d022818cef02f8c	阴铿	晚泊五洲	陳	5	6	遥怜一柱观	平平入上?	PPZZ?	平/平/入/上/平去
7b58793361c105484d022818cef02f8c	阴铿	晚泊五洲	陳	5	7	欲轻千里风	入?平上平	Z?PZ?	入/平去/平/上/平去
7b58793361c10548bc6cec83b0cfc3eb	阴铿	登武昌岸望	陳	5	0	游人试历览	平平去入上	PPZZZ	平/平/去/入/上
7b58793361c10548bc6cec83b0cfc3eb	阴铿	登武昌岸望	陳	5	1	旧迹已丘墟	去入上平平	ZZZPP	去/入/上去/平/平
7b58793361c10548bc6cec83b0cfc3eb	阴铿	登武昌岸望	陳	5	2	巴水萦非字	平上平平去	PZPPZ	平/上/平/平/去
7b58793361c10548bc6cec83b0cfc3eb	阴铿	登武昌岸望	陳	5	3	楚山断类书	上平?去平	ZPZZP	上去/平/上去/去/平
7b58793361c10548bc6cec83b0cfc3eb	阴铿	登武昌岸望	陳	5	4	荒城高仞落	?平平去入	?PPZZ	平去/平/平/去/入
7b58793361c10548bc6cec83b0cfc3eb	阴铿	登武昌岸望	陳	5	5	古柳细条疎	上上去平平	ZZZPP	上/上/去/平/平
7b58793361c10548bc6cec83b0cfc3eb	阴铿	登武昌岸望	陳	5	6	烟芜遂若此	平平去?上	?PZ?Z	平去/平/去/平上入/上
7b58793361c10548bc6cec83b0cfc3eb	阴铿	登武昌岸望	陳	5	7	当不为能居	?入??平	????P	平去/平上入/平去/平上去/平
7b587933624be9fa586b4c87bdcaf5f5	周弘让	立秋	陳	5	0	兹晨戒流火	平平去平上	PPZPZ	平/平/去/平/上
7b587933624be9fa586b4c87bdcaf5f5	周弘让	立秋	陳	5	1	商飇早已惊	平?上上平	P?ZZP	平//上/上去/平
7b587933624be9fa586b4c87bdcaf5f5	周弘让	立秋	陳	5	2	云天收夏色	平平??入	PP?ZZ	平/平/平去/上去/入
7b587933624be9fa586b4c87bdcaf5f5	周弘让	立秋	陳	5	3	木叶动秋声	入入上平平	ZZZPP	入/入/上/平/平
7b58793367f2c9ec74ffab457b6f047e	刘遵	七夕穿针诗	梁	5	0	岁月如有意	去入平上去	ZZ?ZZ	去/入/平去/上/去
7b58793367f2c9ec74ffab457b6f047e	刘遵	七夕穿针诗	梁	5	1	情来不自禁	平平入去?	PP?Z?	平/平/平上入/去/平去
7b58793367f2c9ec74ffab457b6f047e	刘遵	七夕穿针诗	梁	5	2	向光抽一缕	?平平入上	Z?PZZ	上去/平去/平/入/上
7b58793367f2c9ec74ffab457b6f047e	刘遵	七夕穿针诗	梁	5	3	举袖弄双针	上去去平?	ZZZP?	上/去/去/平/平去
7b58793367f2c9ec0a108699228d88cb	刘遵	繁华应令	梁	5	0	可怜周小童	上平平上平	ZPPZP	上/平/平/上/平
7b58793367f2c9ec0a108699228d88cb	刘遵	繁华应令	梁	5	1	微笑摘兰丛	平去入平平	PZZPP	平/去/入/平/平
7b58793367f2c9ec0a108699228d88cb	刘遵	繁华应令	梁	5	2	鲜肤胜粉白	?平?上入	?P?ZZ	平上去/平/平去/上/入
7b58793367f2c9ec0a108699228d88cb	刘遵	繁华应令	梁	5	3	曼脸若桃红	???平平	???PP	平去/平上/平上入/平/平
7b58793367f2c9ec0a108699228d88cb	刘遵	繁华应令	梁	5	4	挟弹雕陵下	入?平平?	Z?PPZ	入/平去/平/平/上去
7b58793367f2c9ec0a108699228d88cb	刘遵	繁华应令	梁	5	5	垂钓莲叶东	平去?入平	PZ?ZP	平/去/平上/入/平
7b58793367f2c9ec0a108699228d88cb	刘遵	繁华应令	梁	5	6	腕动飘香麝	去上平平?	ZZPPZ	去/上/平/平/去入
7b58793367f2c9ec0a108699228d88cb	刘遵	繁华应令	梁	5	7	衣轻任好风	????平	???Z?	平去/平去/平去/上去/平去
7b58793367f2c9ec0a108699228d88cb	刘遵	繁华应令	梁	5	8	幸承拂枕选	上平入??	ZPZ?Z	上/平/入/平上去/上去
7b58793367f2c9ec0a108699228d88cb	刘遵	繁华应令	梁	5	9	得奉画堂中	入上?平?	ZZZP?	入/上/去入/平/平去
7b58793367f2c9ec0a108699228d88cb	刘遵	繁华应令	梁	5	10	金屏障翠被	平??去?	P??ZZ	平/平上/平去/去/上去
7b58793367f2c9ec0a108699228d88cb	刘遵	繁华应令	梁	5	11	蓝帊覆薰笼	平去???	PZZ??	平/去/去入/平去/平上
7b58793367f2c9ec0a108699228d88cb	刘遵	繁华应令	梁	5	12	本欲伤轻薄	上入平?入	ZZ??Z	上/入/平去/平去/入
7b58793367f2c9ec0a108699228d88cb	刘遵	繁华应令	梁	5	13	含辞羞自通	平平平去平	PPPZP	平/平/平/去/平
7b58793367f2c9ec0a108699228d88cb	刘遵	繁华应令	梁	5	14	剪袖恩虽重	上去平平?	ZZPP?	上/去/平/平/平上去
7b58793367f2c9ec0a108699228d88cb	刘遵	繁华应令	梁	5	15	残桃爱未终	平平去去平	PPZZP	平/平/去/去/平
7b58793367f2c9ec0a108699228d88cb	刘遵	繁华应令	梁	5	16	蛾眉讵须嫉	?平?平?	?PZPZ	平上/平/上去/平/去入
7b58793367f2c9ec0a108699228d88cb	刘遵	繁华应令	梁	5	17	新妆递入宫	平平?入平	PPZZP	平/平/上去/入/平
7b5879336850ce664ee1cd042f39baae	曹景宗	光华殿侍宴赋竞病韵	梁	5	0	去时儿女悲	?平平上平	ZPPZP	上去/平/平/上去/平
7b5879336850ce664ee1cd042f39baae	曹景宗	光华殿侍宴赋竞病韵	梁	5	1	归来笳鼓竞	平平平?去	PPP?Z	平/平/平//去
7b5879336850ce664ee1cd042f39baae	曹景宗	光华殿侍宴赋竞病韵	梁	5	2	借问行路人	?去?去平	ZZ?ZP	去入/去/平去/去/平
7b5879336850ce664ee1cd042f39baae	曹景宗	光华殿侍宴赋竞病韵	梁	5	3	何如霍去病	平平入?去	??ZZZ	平上/平去/入/上去/去
7b587933729f79c4f3c0fb2ed9cfd603	王融	巫山高	齊	5	0	想像巫山高	上上平平平	ZZPPP	上/上/平/平/平
7b587933729f79c4f3c0fb2ed9cfd603	王融	巫山高	齊	5	1	薄暮阳台曲	入去平平入	ZZPPZ	入/去/平/平/入
7b587933729f79c4f3c0fb2ed9cfd603	王融	巫山高	齊	5	2	烟霞乍舒卷	平平去平?	?PZP?	平去/平/去/平/平上去
7b587933729f79c4f3c0fb2ed9cfd603	王融	巫山高	齊	5	3	猿鸟时断续	平上平?入	PZPZZ	平/上/平/上去/入
7b587933729f79c4f3c0fb2ed9cfd603	王融	巫山高	齊	5	4	彼美如可期	上上平上平	ZZ?ZP	上/上/平去/上/平
7b587933729f79c4f3c0fb2ed9cfd603	王融	巫山高	齊	5	5	寤言纷在瞩	去平平?入	ZPPZZ	去/平/平/上去/入
7b587933729f79c4f3c0fb2ed9cfd603	王融	巫山高	齊	5	6	怃然坐相思	?平上平平	?PZ??	平上/平/上去/平去/平去
7b587933729f79c4f3c0fb2ed9cfd603	王融	巫山高	齊	5	7	秋风下庭绿	平平?平入	P?ZPZ	平/平去/上去/平/入
7b587933729f79c4cd45b89139f271c1	王融	萧谘议西上夜集诗	齊	5	0	徘徊将所爱	平平?上去	PP?ZZ	平/平/平去/上/去
7b587933729f79c4cd45b89139f271c1	王融	萧谘议西上夜集诗	齊	5	1	惜别在河梁	入入?平平	ZZZPP	入/去入/上去/平/平
7b587933729f79c4cd45b89139f271c1	王融	萧谘议西上夜集诗	齊	5	2	衿袖三春隔	平去平平入	PZ?PZ	平/去/平去/平/入
7b587933729f79c4cd45b89139f271c1	王融	萧谘议西上夜集诗	齊	5	3	江山千里长	平平平上?	PPPZ?	平/平/平/上/平上去
7b587933729f79c4cd45b89139f271c1	王融	萧谘议西上夜集诗	齊	5	4	寸心无远近	去平平??	ZPPZZ	去/平/平/上去/上去
7b587933729f79c4cd45b89139f271c1	王融	萧谘议西上夜集诗	齊	5	5	边地有风霜	平去上平平	PZZ?P	平/去/上/平去/平
7b587933729f79c4cd45b89139f271c1	王融	萧谘议西上夜集诗	齊	5	6	勉哉勤岁暮	上平平去去	ZPPZZ	上/平/平/去/去
7b587933729f79c4cd45b89139f271c1	王融	萧谘议西上夜集诗	齊	5	7	敬矣事容光	去上去平平	ZZZP?	去/上/去/平/平去
7b587933729f79c4cd45b89139f271c1	王融	萧谘议西上夜集诗	齊	5	8	山中殊未怿	平平平去入	P?PZZ	平/平去/平/去/入
7b587933729f79c4cd45b89139f271c1	王融	萧谘议西上夜集诗	齊	5	9	杜若空自芳	上??去平	Z??ZP	上/平上入/平去/去/平
7b587933729f79c4d40d2c1bf2087de7	王融	临高台	齊	5	0	游人欲骋望	平平入上?	PPZZ?	平/平/入/上/平去
7b587933729f79c4d40d2c1bf2087de7	王融	临高台	齊	5	1	积步上高台	入去?平平	ZZZPP	去入/去/上去/平/平
7b587933729f79c4d40d2c1bf2087de7	王融	临高台	齊	5	2	井莲当夏吐	上????	Z??ZZ	上/平上/平去/上去/上去
7b587933729f79c4d40d2c1bf2087de7	王融	临高台	齊	5	3	窗桂逐秋开	?去入平平	?ZZPP	/去/入/平/平
7b587933729f79c4d40d2c1bf2087de7	王融	临高台	齊	5	4	花飞低不入	平平平入入	PPP?Z	平/平/平/平上入/入
7b587933729f79c4d40d2c1bf2087de7	王融	临高台	齊	5	5	鸟散远时来	上??平平	ZZZPP	上/上去/上去/平/平
7b587933729f79c4d40d2c1bf2087de7	王融	临高台	齊	5	6	还看云栋影	平?平去上	P?PZZ	平/平去/平/去/上
7b587933729f79c4d40d2c1bf2087de7	王融	临高台	齊	5	7	含月共徘徊	平入?平平	PZ?PP	平/入/平去/平/平
7b5879337fe0875d64264d80756de988	沈约	别范安成	齊	5	0	生平少年日	平平?平入	?PZPZ	平去/平/上去/平/入
7b5879337fe0875d64264d80756de988	沈约	别范安成	齊	5	1	分手易前期	?上?平平	?ZZPP	平去/上/去入/平/平
7b5879337fe0875d64264d80756de988	沈约	别范安成	齊	5	2	及尔同衰暮	入上?平去	ZZ?PZ	入/上/平去/平/去
7b5879337fe0875d64264d80756de988	沈约	别范安成	齊	5	3	非复别离时	平入入?平	PZZ?P	平/去入/去入/平去/平
7b5879337fe0875d64264d80756de988	沈约	别范安成	齊	5	4	勿言一樽酒	入平入平上	ZPZPZ	入/平/入/平/上
7b5879337fe0875d64264d80756de988	沈约	别范安成	齊	5	5	明日难重持	平入平?平	PZ??P	平/入/平去/平上去/平
7b5879337fe0875d64264d80756de988	沈约	别范安成	齊	5	6	梦中不识路	?平入?去	???ZZ	平去/平去/平上入/去入/去
7b5879337fe0875d64264d80756de988	沈约	别范安成	齊	5	7	何以慰相思	平上去平平	?ZZ??	平上/上/去/平去/平去
7b5879337fe0875ddec0b0c3c8d8d49c	沈约	秋晨羁怨望海思归	齊	5	0	分空临澥雾	???上去	???ZZ	平去/平去/平去/上/去
7b5879337fe0875ddec0b0c3c8d8d49c	沈约	秋晨羁怨望海思归	齊	5	1	披远望沧流	???平平	?Z?PP	平上/上去/平去/平/平
7b5879337fe0875ddec0b0c3c8d8d49c	沈约	秋晨羁怨望海思归	齊	5	2	八桂暧如画	入去去平?	ZZZ?Z	入/去/去/平去/去入
7b5879337fe0875ddec0b0c3c8d8d49c	沈约	秋晨羁怨望海思归	齊	5	3	三桑眇若浮	平平上?平	?PZ?P	平去/平/上/平上入/平
7b5879337fe0875ddec0b0c3c8d8d49c	沈约	秋晨羁怨望海思归	齊	5	4	烟极希丹水	平入平平上	?ZPPZ	平去/入/平/平/上
7b5879337fe0875ddec0b0c3c8d8d49c	沈约	秋晨羁怨望海思归	齊	5	5	月远望青丘	入??平平	ZZ?PP	入/上去/平去/平/平
7b5879337fe0875ded16d3823fb7ae37	沈约	游沈道士馆	齊	5	0	秦皇御宇宙	平平?上去	PPZZZ	平/平/上去/上/去
7b5879337fe0875ded16d3823fb7ae37	沈约	游沈道士馆	齊	5	1	汉帝恢武功	去去平上平	ZZPZP	去/去/平/上/平
7b5879337fe0875ded16d3823fb7ae37	沈约	游沈道士馆	齊	5	2	欢娱人事尽	平?平去上	P?PZZ	平/平去/平/去/上
7b5879337fe0875ded16d3823fb7ae37	沈约	游沈道士馆	齊	5	3	情性犹未充	平去平去平	PZ?ZP	平/去/平去/去/平
7b5879337fe0875ded16d3823fb7ae37	沈约	游沈道士馆	齊	5	4	锐意三山上	去去平平?	ZZ?PZ	去/去/平去/平/上去
7b5879337fe0875ded16d3823fb7ae37	沈约	游沈道士馆	齊	5	5	托慕九霄中	入去上平?	ZZZP?	入/去/上/平/平去
7b5879337fe0875ded16d3823fb7ae37	沈约	游沈道士馆	齊	5	6	既表祈年观	去上平平?	ZZPP?	去/上/平/平/平去
7b5879337fe0875ded16d3823fb7ae37	沈约	游沈道士馆	齊	5	7	复立望仙宫	入入?平平	ZZ?PP	去入/入/平去/平/平
7b5879337fe0875ded16d3823fb7ae37	沈约	游沈道士馆	齊	5	8	宁为心好道	??平?上	??PZZ	平上去/平去/平/上去/上
7b5879337fe0875ded16d3823fb7ae37	沈约	游沈道士馆	齊	5	9	直由意无穷	入平去平平	ZPZPP	入/平/去/平/平
7b5879337fe0875ded16d3823fb7ae37	沈约	游沈道士馆	齊	5	10	曰余知止足	入平平上入	ZPPZZ	入/平/平/上/去入
7b5879337fe0875ded16d3823fb7ae37	沈约	游沈道士馆	齊	5	11	是愿不须丰	上去入平平	ZZ?PP	上/去/平上入/平/平
7b5879337fe0875ded16d3823fb7ae37	沈约	游沈道士馆	齊	5	12	遇可淹留处	去上???	ZZ??Z	去/上/平去/平去/上去
7b5879337fe0875ded16d3823fb7ae37	沈约	游沈道士馆	齊	5	13	便欲息微躬	?入入平平	?ZZPP	平去/入/入/平/平
7b5879337fe0875ded16d3823fb7ae37	沈约	游沈道士馆	齊	5	14	山嶂远重叠	平去??入	PZZ?Z	平/去/上去/平上去/入
7b5879337fe0875ded16d3823fb7ae37	沈约	游沈道士馆	齊	5	15	竹树近蒙笼	入????	ZZZ??	入/上去/上去/平上/平上
7b5879337fe0875ded16d3823fb7ae37	沈约	游沈道士馆	齊	5	16	开衿濯寒水	平平?平上	PPZPZ	平/平/去入/平/上
7b5879337fe0875ded16d3823fb7ae37	沈约	游沈道士馆	齊	5	17	解带临清风	?去?平平	ZZ?P?	上去/去/平去/平/平去
7b5879337fe0875ded16d3823fb7ae37	沈约	游沈道士馆	齊	5	18	所累非外物	上?平去入	Z?PZZ	上/平上去/平/去/入
7b5879337fe0875ded16d3823fb7ae37	沈约	游沈道士馆	齊	5	19	为念在玄空	?去?平?	?ZZP?	平去/去/上去/平/平去
7b5879337fe0875ded16d3823fb7ae37	沈约	游沈道士馆	齊	5	20	朋来握石髓	平平入入上	PPZZZ	平/平/入/入/上
7b5879337fe0875ded16d3823fb7ae37	沈约	游沈道士馆	齊	5	21	宾至驾轻鸿	平去去??	PZZ??	平/去/去/平去/平上
7b5879337fe0875ded16d3823fb7ae37	沈约	游沈道士馆	齊	5	22	都令人径绝	平?平去入	P?PZZ	平/平去/平/去/入
7b5879337fe0875ded16d3823fb7ae37	沈约	游沈道士馆	齊	5	23	唯使云路通	??平去平	?ZPZP	平上/上去/平/去/平
7b5879337fe0875ded16d3823fb7ae37	沈约	游沈道士馆	齊	5	24	一举凌倒景	入上平?上	ZZPZZ	入/上/平/上去/上
7b5879337fe0875ded16d3823fb7ae37	沈约	游沈道士馆	齊	5	25	无事适华嵩	平去入?平	PZZ?P	平/去/入/平去/平
7b5879337fe0875ded16d3823fb7ae37	沈约	游沈道士馆	齊	5	26	寄言赏心客	去平上平入	ZPZPZ	去/平/上/平/入
7b5879337fe0875ded16d3823fb7ae37	沈约	游沈道士馆	齊	5	27	岁暮尔来同	去去上平?	ZZZP?	去/去/上/平/平去
7b5879337fe0875d4d5265c15e959ab4	沈约	伤谢脁	齊	5	0	吏部信才杰	去上去?入	ZZZ?Z	去/上/去/平去/入
7b5879337fe0875d4d5265c15e959ab4	沈约	伤谢脁	齊	5	1	文锋振奇响	平平?平上	PP?PZ	平/平/平去/平/上
7b5879337fe0875d4d5265c15e959ab4	沈约	伤谢脁	齊	5	2	调与金石谐	??平入平	??PZP	平去/平上去/平/入/平
7b5879337fe0875d4d5265c15e959ab4	沈约	伤谢脁	齊	5	3	思逐风云上	?入平平?	?Z?PZ	平去/入/平去/平/上去
7b5879337fe0875d4d5265c15e959ab4	沈约	伤谢脁	齊	5	4	岂言陵霜质	上平平平?	ZPPPZ	上/平/平/平/去入
7b5879337fe0875d4d5265c15e959ab4	沈约	伤谢脁	齊	5	5	忽随人事往	入平平去上	ZPPZZ	入/平/平/去/上
7b5879337fe0875d4d5265c15e959ab4	沈约	伤谢脁	齊	5	6	尺璧尔何冤	入入上平平	ZZZ?P	入/入/上/平上/平
7b5879337fe0875d4d5265c15e959ab4	沈约	伤谢脁	齊	5	7	一旦同丘壤	入去?平上	ZZ?PZ	入/去/平去/平/上
7b5879337fe0875db41c68d6a93dbd81	沈约	昭君辞	齊	5	0	朝发披香殿	平入?平去	PZ?PZ	平/入/平上/平/去
7b5879337fe0875db41c68d6a93dbd81	沈约	昭君辞	齊	5	1	夕济汾阴河	入?平平平	ZZPPP	入/上去/平/平/平
7b5879337fe0875db41c68d6a93dbd81	沈约	昭君辞	齊	5	2	于兹怀九逝	平平平上去	PPPZZ	平/平/平/上/去
7b5879337fe0875db41c68d6a93dbd81	沈约	昭君辞	齊	5	3	自此敛双蛾	去上?平?	ZZZP?	去/上/上去/平/平上
7b5879337fe0875db41c68d6a93dbd81	沈约	昭君辞	齊	5	4	沾妆疑湛露	?平平?去	?PP?Z	平去/平/平/平上/去
7b5879337fe0875db41c68d6a93dbd81	沈约	昭君辞	齊	5	5	绕臆状流波	?入去平平	ZZZPP	上去/入/去/平/平
7b5879337fe0875db41c68d6a93dbd81	沈约	昭君辞	齊	5	6	日见奔沙起	入去?平上	ZZ??Z	入/去/平去/平去/上
7b5879337fe0875db41c68d6a93dbd81	沈约	昭君辞	齊	5	7	稍觉转蓬多	去??平平	ZZZPP	去/去入/上去/平/平
7b5879337fe0875db41c68d6a93dbd81	沈约	昭君辞	齊	5	8	胡风犯肌骨	平平上平入	P?ZPZ	平/平去/上/平/入
7b5879337fe0875db41c68d6a93dbd81	沈约	昭君辞	齊	5	9	非直伤绮罗	平入平上平	PZ?ZP	平/入/平去/上/平
7b5879337fe0875db41c68d6a93dbd81	沈约	昭君辞	齊	5	10	衔涕试南望	平?去平?	PZZP?	平/上去/去/平/平去
7b5879337fe0875db41c68d6a93dbd81	沈约	昭君辞	齊	5	11	关山郁嵯峨	平平入平平	PPZPP	平/平/入/平/平
7b5879337fe0875db41c68d6a93dbd81	沈约	昭君辞	齊	5	12	始作阳春曲	上入平平入	ZZPPZ	上/去入/平/平/入
7b5879337fe0875db41c68d6a93dbd81	沈约	昭君辞	齊	5	13	终成苦寒歌	平平上平平	PPZPP	平/平/上去/平/平
7b5879337fe0875db41c68d6a93dbd81	沈约	昭君辞	齊	5	14	惟有三五夜	平上平上去	PZ?ZZ	平/上/平去/上/去
7b5879337fe0875db41c68d6a93dbd81	沈约	昭君辞	齊	5	15	明月暂经过	平入去??	PZZ??	平/入/去/平去/平去
7b5879337fe0875d3604dc7d7aa6f452	沈约	别范安成诗	齊	5	0	生平少年日	平平?平入	?PZPZ	平去/平/上去/平/入
7b5879337fe0875d3604dc7d7aa6f452	沈约	别范安成诗	齊	5	1	分手易前期	?上?平平	?ZZPP	平去/上/去入/平/平
7b5879337fe0875d3604dc7d7aa6f452	沈约	别范安成诗	齊	5	2	及尔同衰暮	入上?平去	ZZ?PZ	入/上/平去/平/去
7b5879337fe0875d3604dc7d7aa6f452	沈约	别范安成诗	齊	5	3	非复别离时	平入入?平	PZZ?P	平/去入/去入/平去/平
7b5879337fe0875d3604dc7d7aa6f452	沈约	别范安成诗	齊	5	4	勿言一樽酒	入平入平上	ZPZPZ	入/平/入/平/上
7b5879337fe0875d3604dc7d7aa6f452	沈约	别范安成诗	齊	5	5	明日难重持	平入平?平	PZ??P	平/入/平去/平上去/平
7b5879337fe0875d3604dc7d7aa6f452	沈约	别范安成诗	齊	5	6	梦中不识路	?平入?去	???ZZ	平去/平去/平上入/去入/去
7b5879337fe0875d3604dc7d7aa6f452	沈约	别范安成诗	齊	5	7	何以慰相思	平上去平平	?ZZ??	平上/上/去/平去/平去
7b5879337fe0875daf3e1337470e5ffd	沈约	夜夜曲·河汉纵且横	齊	5	0	河汉纵且横	平去???	PZ???	平/去/平去/平上/平去
7b5879337fe0875daf3e1337470e5ffd	沈约	夜夜曲·河汉纵且横	齊	5	1	北斗横复直	入??入入	ZZ?ZZ	入/上去/平去/去入/入
7b5879337fe0875daf3e1337470e5ffd	沈约	夜夜曲·河汉纵且横	齊	5	2	星汉空如此	平去?平上	PZ??Z	平/去/平去/平去/上
7b5879337fe0875daf3e1337470e5ffd	沈约	夜夜曲·河汉纵且横	齊	5	3	宁知心有忆	?平平上入	?PPZZ	平上去/平/平/上/入
7b5879337fe0875daf3e1337470e5ffd	沈约	夜夜曲·河汉纵且横	齊	5	4	孤灯暧不明	平平去入平	PPZ?P	平/平/去/平上入/平
7b5879337fe0875daf3e1337470e5ffd	沈约	夜夜曲·河汉纵且横	齊	5	5	寒机晓犹织	平?上平?	P?Z?Z	平/平上/上/平去/去入
7b5879337fe0875daf3e1337470e5ffd	沈约	夜夜曲·河汉纵且横	齊	5	6	零泪向谁道	?去?平上	?ZZPZ	平去/去/上去/平/上
7b5879337fe0875daf3e1337470e5ffd	沈约	夜夜曲·河汉纵且横	齊	5	7	鸡鸣徒叹息	平平平去入	PPP?Z	平/平/平/平去/入
7b5879337fe0875de9acc7345d2b5039	沈约	夜夜曲·北斗阑干去	齊	5	0	北斗阑干去	入?平??	ZZP?Z	入/上去/平/平去/上去
7b5879337fe0875de9acc7345d2b5039	沈约	夜夜曲·北斗阑干去	齊	5	1	夜夜心独伤	去去平入平	ZZPZ?	去/去/平/入/平去
7b5879337fe0875de9acc7345d2b5039	沈约	夜夜曲·北斗阑干去	齊	5	2	月辉横射枕	入平???	ZP?Z?	入/平/平去/去入/平上去
7b5879337fe0875de9acc7345d2b5039	沈约	夜夜曲·北斗阑干去	齊	5	3	灯光半隐床	平平去上平	P?ZZP	平/平去/去/上去/平
7b5879337fe0875dff85a5459ed9361d	沈约	八咏诗·其一·登台望秋月	齊	5	0	秋月光如练	平入平平去	PZ??Z	平/入/平去/平去/去
7b5879337fe0875dff85a5459ed9361d	沈约	八咏诗·其一·登台望秋月	齊	5	1	照曜三爵台	去去平入平	ZZ?ZP	去/去/平去/入/平
7b5879337fe0875dff85a5459ed9361d	沈约	八咏诗·其一·登台望秋月	齊	5	2	徘徊九华殿	平平上?去	PPZ?Z	平/平/上/平去/去
7b5879337fe0875dff85a5459ed9361d	沈约	八咏诗·其一·登台望秋月	齊	5	3	九华玳瑁梁	上???平	Z??ZP	上/平去//去入/平
7b5879337fe0875dff85a5459ed9361d	沈约	八咏诗·其一·登台望秋月	齊	5	4	华榱与璧珰	?平?入平	?P?ZP	平去/平/平上去/入/平
7b5879337fe0875dff85a5459ed9361d	沈约	八咏诗·其一·登台望秋月	齊	5	5	以兹雕丽色	上平平?入	ZPP?Z	上/平/平/平去/入
7b5879337fe0875dff85a5459ed9361d	沈约	八咏诗·其一·登台望秋月	齊	5	6	持照明月光	平去平入平	PZPZ?	平/去/平/入/平去
7b5879337fe0875dff85a5459ed9361d	沈约	八咏诗·其一·登台望秋月	齊	5	7	凝华入黼帐	??入上去	??ZZZ	平去/平去/入/上/去
7b5879337fe0875dff85a5459ed9361d	沈约	八咏诗·其一·登台望秋月	齊	5	8	清辉悬洞房	平平平?平	PPP?P	平/平/平/平去/平
7b5879337fe0875dff85a5459ed9361d	沈约	八咏诗·其一·登台望秋月	齊	5	9	先过飞燕户	??平?上	??P?Z	平去/平去/平/平去/上
7b5879337fe0875dff85a5459ed9361d	沈约	八咏诗·其一·登台望秋月	齊	5	10	却照班姬床	入去平平平	ZZPPP	入/去/平/平/平
7b5879337fe0875dff85a5459ed9361d	沈约	八咏诗·其一·登台望秋月	齊	7	11	桂宫袅袅落桂枝	去平上上入去平	ZPZZZZP	去/平/上/上/入/去/平
7b5879337fe0875dff85a5459ed9361d	沈约	八咏诗·其一·登台望秋月	齊	7	12	露寒凄凄凝白露	去平平平?入去	ZPPP?ZZ	去/平/平/平/平去/入/去
7b5879337fe0875dff85a5459ed9361d	沈约	八咏诗·其一·登台望秋月	齊	7	13	上林晚叶飒飒鸣	?平上入入入平	ZPZZZZP	上去/平/上/入/入/入/平
7b5879337fe0875dff85a5459ed9361d	沈约	八咏诗·其一·登台望秋月	齊	7	14	雁门早鸿离离度	去平上????	ZPZ???Z	去/平/上/平上/平去/平去/去入
7b5879337fe0875dff85a5459ed9361d	沈约	八咏诗·其一·登台望秋月	齊	7	15	居人临此笑以歌	平平?上去上平	PP?ZZZP	平/平/平去/上/去/上/平
7b5879337fe0875dff85a5459ed9361d	沈约	八咏诗·其一·登台望秋月	齊	7	16	别客对之伤且慕	入入去平平?去	ZZZP??Z	去入/入/去/平/平去/平上/去
7b5879337fe0875dff85a5459ed9361d	沈约	八咏诗·其一·登台望秋月	齊	5	17	闲阶悲寡鹄	?平平上入	?PPZZ	平去/平/平/上/入
7b5879337fe0875dff85a5459ed9361d	沈约	八咏诗·其一·登台望秋月	齊	5	18	沙洲怨别鸿	平平?入?	?P?Z?	平去/平/平去/去入/平上
7b5879337fe0875dff85a5459ed9361d	沈约	八咏诗·其一·登台望秋月	齊	5	19	文姬泣胡殿	平平入平去	PPZPZ	平/平/入/平/去
7b5879337fe0875dff85a5459ed9361d	沈约	八咏诗·其一·登台望秋月	齊	5	20	昭君思汉宫	平平?去平	PP?ZP	平/平/平去/去/平
7b5879337fe0875dff85a5459ed9361d	沈约	八咏诗·其一·登台望秋月	齊	5	21	余亦何为者	平入平?上	PZ??Z	平/入/平上/平去/上
7b5879337fe0875dff85a5459ed9361d	沈约	八咏诗·其一·登台望秋月	齊	5	22	淹留此山东	??上平平	??ZPP	平去/平去/上/平/平
7b5879337fe0875d0310f4f0d106cd5a	沈约	八咏诗·其二·会圃临春风	齊	5	0	春风起春树	平平上平?	P?ZPZ	平/平去/上/平/上去
7b5879337fe0875d0310f4f0d106cd5a	沈约	八咏诗·其二·会圃临春风	齊	5	1	游丝暧如网	平平去平上	PPZ?Z	平/平/去/平去/上
7b5879337fe0875d0310f4f0d106cd5a	沈约	八咏诗·其二·会圃临春风	齊	5	2	落花雰似雾	入平平上去	ZPPZZ	入/平/平/上/去
7b5879337fe0875d0310f4f0d106cd5a	沈约	八咏诗·其二·会圃临春风	齊	5	3	先泛天渊池	??平平平	??PPP	平去/平去入/平/平/平
7b5879337fe0875d0310f4f0d106cd5a	沈约	八咏诗·其二·会圃临春风	齊	5	4	还过细柳枝	平?去上平	P?ZZP	平/平去/去/上/平
7b5879337fe0875d0310f4f0d106cd5a	沈约	八咏诗·其二·会圃临春风	齊	5	5	蝶逢飞摇扬	入平平?平	ZPP?P	入/平/平/平去/平
7b5879337fe0875d0310f4f0d106cd5a	沈约	八咏诗·其二·会圃临春风	齊	5	6	燕值羽参池	?去上?平	?ZZ?P	平去/去/上去/平去/平
7b5879337fe0875d0310f4f0d106cd5a	沈约	八咏诗·其二·会圃临春风	齊	5	7	赵带飞参差	上去平??	ZZP??	上/去/平/平去/平去
7b5879337fe0875d0310f4f0d106cd5a	沈约	八咏诗·其二·会圃临春风	齊	5	8	燕裾合且离	?平入??	?PZ??	平去/平/入/平上/平去
7b5879337fe0875d0310f4f0d106cd5a	沈约	八咏诗·其二·会圃临春风	齊	5	9	回簪复转黛	平平入?去	?PZZZ	平去/平/去入/上去/去
7b5879337fe0875d0310f4f0d106cd5a	沈约	八咏诗·其二·会圃临春风	齊	5	10	顾步惜容仪	去去入平平	ZZZPP	去/去/入/平/平
7b5879337fe0875d0310f4f0d106cd5a	沈约	八咏诗·其二·会圃临春风	齊	5	11	容仪已照灼	平平上去入	PPZZZ	平/平/上去/去/入
7b5879337fe0875d0310f4f0d106cd5a	沈约	八咏诗·其二·会圃临春风	齊	5	12	春风复回薄	平平入平入	P?Z?Z	平/平去/去入/平去/入
7b5879337fe0875d0310f4f0d106cd5a	沈约	八咏诗·其二·会圃临春风	齊	5	13	氛氲桃李花	平平平上平	PPPZP	平/平/平/上/平
7b5879337fe0875d0310f4f0d106cd5a	沈约	八咏诗·其二·会圃临春风	齊	5	14	青跗含素萼	平?平去入	P?PZZ	平/平去/平/去/入
7b5879337fe0875d0310f4f0d106cd5a	沈约	八咏诗·其二·会圃临春风	齊	5	15	既为风所开	去?平上平	Z??ZP	去/平去/平去/上/平
7b5879337fe0875d0310f4f0d106cd5a	沈约	八咏诗·其二·会圃临春风	齊	5	16	复为风所落	入?平上入	Z??ZZ	去入/平去/平去/上/入
7b5879337fe0875d0310f4f0d106cd5a	沈约	八咏诗·其二·会圃临春风	齊	7	17	曲房开兮金铺响	入平平平平?上	ZPPPP?Z	入/平/平/平/平/平去/上
7b5879337fe0875d0310f4f0d106cd5a	沈约	八咏诗·其二·会圃临春风	齊	7	18	金铺响兮妾思惊	平?上平入?平	P?ZPZ?P	平/平去/上/平/入/平去/平
7b5879337fe0875d0310f4f0d106cd5a	沈约	八咏诗·其二·会圃临春风	齊	7	19	想芳园兮可以游	上平平平上上平	ZPPPZZP	上/平/平/平/上/上/平
7b5879337fe0875d0310f4f0d106cd5a	沈约	八咏诗·其二·会圃临春风	齊	7	20	念兰翘兮渐堪摘	去平?平?平入	ZP?P?PZ	去/平/平去/平/平上/平/入
7b5879337fe0875d0310f4f0d106cd5a	沈约	八咏诗·其二·会圃临春风	齊	5	21	是时怅思妇	上平去?上	ZPZ?Z	上/平/去/平去/上
7b5879337fe0875d0310f4f0d106cd5a	沈约	八咏诗·其二·会圃临春风	齊	5	22	安能久行役	平?上?入	P?Z?Z	平/平上去/上/平去/入
7b5879337fe0875d0310f4f0d106cd5a	沈约	八咏诗·其二·会圃临春风	齊	5	23	佳人不在兹	平平入?平	PP?ZP	平/平/平上入/上去/平
7b5879337fe0875d0310f4f0d106cd5a	沈约	八咏诗·其二·会圃临春风	齊	5	24	春风为谁惜	平平?平入	P??PZ	平/平去/平去/平/入
7b5879337fe0875d597732ba5cb31cac	沈约	八咏诗·其三·岁暮愍衰草	齊	5	0	衰草无容色	平上平平入	PZPPZ	平/上/平/平/入
7b5879337fe0875d597732ba5cb31cac	沈约	八咏诗·其三·岁暮愍衰草	齊	5	1	憔悴荒径中	平去?去?	PZ?Z?	平/去/平去/去/平去
7b5879337fe0875d597732ba5cb31cac	沈约	八咏诗·其三·岁暮愍衰草	齊	5	2	寒荄不可识	平平入上?	PP?ZZ	平/平/平上入/上/去入
7b5879337fe0875d597732ba5cb31cac	沈约	八咏诗·其三·岁暮愍衰草	齊	5	3	昔时兮春日	入平平平入	ZPPPZ	入/平/平/平/入
7b5879337fe0875d597732ba5cb31cac	沈约	八咏诗·其三·岁暮愍衰草	齊	5	4	昔日兮春风	入入平平平	ZZPP?	入/入/平/平/平去
7b5879337fe0875d597732ba5cb31cac	沈约	八咏诗·其三·岁暮愍衰草	齊	5	5	含华兮佩实	平?平去入	P?PZZ	平/平去/平/去/入
7b5879337fe0875d597732ba5cb31cac	沈约	八咏诗·其三·岁暮愍衰草	齊	5	6	垂绿兮散红	平入平?平	PZPZP	平/入/平/上去/平
7b5879337fe0875d597732ba5cb31cac	沈约	八咏诗·其三·岁暮愍衰草	齊	5	7	氛氲鳷鹊右	平平平入?	PPPZZ	平/平/平/入/上去
7b5879337fe0875d597732ba5cb31cac	沈约	八咏诗·其三·岁暮愍衰草	齊	5	8	照耀望仙东	去去?平平	ZZ?PP	去/去/平去/平/平
7b5879337fe0875d597732ba5cb31cac	沈约	八咏诗·其三·岁暮愍衰草	齊	7	9	送归顾慕泣淇水	去平去去入平上	ZPZZZPZ	去/平/去/去/入/平/上
7b5879337fe0875d597732ba5cb31cac	沈约	八咏诗·其三·岁暮愍衰草	齊	7	10	嘉客淹留怀上宫	平入??平?平	PZ??PZP	平/入/平去/平去/平/上去/平
7b5879337fe0875d597732ba5cb31cac	沈约	八咏诗·其三·岁暮愍衰草	齊	5	11	岩陬兮海岸	平平平上去	PPPZZ	平/平/平/上/去
7b5879337fe0875d597732ba5cb31cac	沈约	八咏诗·其三·岁暮愍衰草	齊	5	12	冰多兮霰积	平平平去入	PPPZZ	平/平/平/去/去入
7b5879337fe0875d597732ba5cb31cac	沈约	八咏诗·其三·岁暮愍衰草	齊	5	13	烂熳兮客根	去?平入平	Z?PZP	去//平/入/平
7b5879337fe0875d597732ba5cb31cac	沈约	八咏诗·其三·岁暮愍衰草	齊	5	14	攒幽兮寓隙	去平平去入	ZPPZZ	去/平/平/去/入
7b5879337fe0875d597732ba5cb31cac	沈约	八咏诗·其三·岁暮愍衰草	齊	5	15	风急崤道难	平入平上平	?ZPZ?	平去/入/平/上/平去
7b5879337fe0875d597732ba5cb31cac	沈约	八咏诗·其三·岁暮愍衰草	齊	5	16	秋至客衣单	平去入??	PZZ??	平/去/入/平去/平上去
7b5879337fe0875d597732ba5cb31cac	沈约	八咏诗·其三·岁暮愍衰草	齊	5	17	既伤檐下菊	去平平?入	Z?PZZ	去/平去/平/上去/入
7b5879337fe0875d597732ba5cb31cac	沈约	八咏诗·其三·岁暮愍衰草	齊	5	18	复悲池上兰	入平平?平	ZPPZP	去入/平/平/上去/平
7b5879337fe0875d597732ba5cb31cac	沈约	八咏诗·其三·岁暮愍衰草	齊	5	19	飘落逐风尽	平入入平上	PZZ?Z	平/入/入/平去/上
7b5879337fe0875d597732ba5cb31cac	沈约	八咏诗·其三·岁暮愍衰草	齊	5	20	方知岁早寒	平平去上平	PPZZP	平/平/去/上/平
7b5879337fe0875d597732ba5cb31cac	沈约	八咏诗·其三·岁暮愍衰草	齊	5	21	流萤暗明烛	平平去平入	PPZPZ	平/平/去/平/入
7b5879337fe0875d597732ba5cb31cac	沈约	八咏诗·其三·岁暮愍衰草	齊	5	22	雁声断才续	去平??入	ZPZ?Z	去/平/上去/平去/入
7b5879337fe0875d597732ba5cb31cac	沈约	八咏诗·其三·岁暮愍衰草	齊	5	23	萎绝长信宫	?入?去平	?Z?ZP	平去/入/平上去/去/平
7b5879337fe0875d597732ba5cb31cac	沈约	八咏诗·其三·岁暮愍衰草	齊	5	24	芜秽丹墀曲	平去平平入	PZPPZ	平/去/平/平/入
7b5879337fe0875d597732ba5cb31cac	沈约	八咏诗·其三·岁暮愍衰草	齊	5	25	霜夺茎上紫	平入平?上	PZPZZ	平/入/平/上去/上
7b5879337fe0875d597732ba5cb31cac	沈约	八咏诗·其三·岁暮愍衰草	齊	5	26	风销叶中绿	平平入?入	?PZ?Z	平去/平/入/平去/入
7b5879337fe0875d597732ba5cb31cac	沈约	八咏诗·其三·岁暮愍衰草	齊	5	27	山变兮青薇	平去平平平	PZPPP	平/去/平/平/平
7b5879337fe0875d597732ba5cb31cac	沈约	八咏诗·其三·岁暮愍衰草	齊	5	28	水折兮黄苇	上?平平上	Z?PPZ	上/平入/平/平/上
7b5879337fe0875d597732ba5cb31cac	沈约	八咏诗·其三·岁暮愍衰草	齊	5	29	秋鸿兮疏引	平?平??	P?P?Z	平/平上/平/平去/上去
7b5879337fe0875d597732ba5cb31cac	沈约	八咏诗·其三·岁暮愍衰草	齊	5	30	寒鸟兮聚飞	平上平?平	PZPZP	平/上/平/上去/平
7b5879337fe0875d597732ba5cb31cac	沈约	八咏诗·其三·岁暮愍衰草	齊	5	31	径荒寒草合	去?平上入	Z?PZZ	去/平去/平/上/入
7b5879337fe0875d597732ba5cb31cac	沈约	八咏诗·其三·岁暮愍衰草	齊	5	32	桐长旧岩围	平?去平?	P?ZP?	平/平上去/去/平/平去
7b5879337fe0875d597732ba5cb31cac	沈约	八咏诗·其三·岁暮愍衰草	齊	5	33	园庭渐芜没	平平?平入	PP?PZ	平/平/平上/平/入
7b5879337fe0875d597732ba5cb31cac	沈约	八咏诗·其三·岁暮愍衰草	齊	5	34	霜露日沾衣	平去入??	PZZ??	平/去/入/平去/平去
7b5879337fe0875d597732ba5cb31cac	沈约	八咏诗·其三·岁暮愍衰草	齊	5	35	愿逐晨征鸟	去入平?上	ZZP?Z	去/入/平/平上/上
7b5879337fe0875d597732ba5cb31cac	沈约	八咏诗·其三·岁暮愍衰草	齊	5	36	薄暮共西归	入去?平平	ZZ?PP	入/去/平去/平/平
7b5879337fe0875dd2e3c17a360bf61f	沈约	八咏诗·其四·霜来悲落桐	齊	5	0	落桐早霜露	入平上平去	ZPZPZ	入/平/上/平/去
7b5879337fe0875dd2e3c17a360bf61f	沈约	八咏诗·其四·霜来悲落桐	齊	5	1	燕至叶未抽	?去入去平	?ZZZP	平去/去/入/去/平
7b5879337fe0875dd2e3c17a360bf61f	沈约	八咏诗·其四·霜来悲落桐	齊	5	2	鸿来枝已素	?平平上去	?PPZZ	平上/平/平/上去/去
7b5879337fe0875dd2e3c17a360bf61f	沈约	八咏诗·其四·霜来悲落桐	齊	5	3	本出龙门山	上入平平平	ZZPPP	上/去入/平/平/平
7b5879337fe0875dd2e3c17a360bf61f	沈约	八咏诗·其四·霜来悲落桐	齊	5	4	长枝仰刺天	?平??平	?PZZP	平上去/平/上去/去入/平
7b5879337fe0875dd2e3c17a360bf61f	沈约	八咏诗·其四·霜来悲落桐	齊	5	5	上峰百丈绝	?平入上入	ZPZZZ	上去/平/入/上/入
7b5879337fe0875dd2e3c17a360bf61f	沈约	八咏诗·其四·霜来悲落桐	齊	5	6	下趾万寻悬	?上去平平	ZZZPP	上去/上/去入/平/平
7b5879337fe0875dd2e3c17a360bf61f	沈约	八咏诗·其四·霜来悲落桐	齊	5	7	幽根已盘结	平平上平入	PPZPZ	平/平/上去/平/入
7b5879337fe0875dd2e3c17a360bf61f	沈约	八咏诗·其四·霜来悲落桐	齊	5	8	孤枝复危绝	平平入平入	PPZPZ	平/平/去入/平/入
7b5879337fe0875dd2e3c17a360bf61f	沈约	八咏诗·其四·霜来悲落桐	齊	5	9	初不照光景	平入去平上	P?Z?Z	平/平上入/去/平去/上
7b5879337fe0875dd2e3c17a360bf61f	沈约	八咏诗·其四·霜来悲落桐	齊	5	10	终年负霜雪	平平上平入	PPZPZ	平/平/上/平/入
7b5879337fe0875dd2e3c17a360bf61f	沈约	八咏诗·其四·霜来悲落桐	齊	5	11	自顾无羽仪	去去平上平	ZZPZP	去/去/平/上去/平
7b5879337fe0875dd2e3c17a360bf61f	沈约	八咏诗·其四·霜来悲落桐	齊	5	12	不愿生曲池	入去平入平	?Z?ZP	平上入/去/平去/入/平
7b5879337fe0875dd2e3c17a360bf61f	沈约	八咏诗·其四·霜来悲落桐	齊	5	13	芬芳本自乏	平平上去入	PPZZZ	平/平/上/去/入
7b5879337fe0875dd2e3c17a360bf61f	沈约	八咏诗·其四·霜来悲落桐	齊	5	14	华实无可施	?入平上?	?ZPZ?	平去/入/平/上/平去
7b5879337fe0875dd2e3c17a360bf61f	沈约	八咏诗·其四·霜来悲落桐	齊	5	15	匠者特留眄	去上入??	ZZZ?Z	去/上/入/平去/上去
7b5879337fe0875dd2e3c17a360bf61f	沈约	八咏诗·其四·霜来悲落桐	齊	5	16	王孙少见之	平平?去平	?PZZP	平去/平/上去/去/平
7b5879337fe0875dd2e3c17a360bf61f	沈约	八咏诗·其四·霜来悲落桐	齊	5	17	分取孤生枿	?上平平入	?ZP?Z	平去/上/平/平去/入
7b5879337fe0875dd2e3c17a360bf61f	沈约	八咏诗·其四·霜来悲落桐	齊	5	18	徙置北堂陲	上去入平平	ZZZPP	上/去/入/平/平
7b5879337fe0875dd2e3c17a360bf61f	沈约	八咏诗·其四·霜来悲落桐	齊	5	19	宿茎抽晚干	?平平上?	ZPPZ?	去入/平/平/上/平去
7b5879337fe0875dd2e3c17a360bf61f	沈约	八咏诗·其四·霜来悲落桐	齊	5	20	新叶生故枝	平入平去平	PZ?ZP	平/入/平去/去/平
7b5879337fe0875dd2e3c17a360bf61f	沈约	八咏诗·其四·霜来悲落桐	齊	5	21	故枝虽辽远	去平平平?	ZPPPZ	去/平/平/平/上去
7b5879337fe0875dd2e3c17a360bf61f	沈约	八咏诗·其四·霜来悲落桐	齊	5	22	新叶颇离离	平入???	PZ???	平/入/平上去/平去/平去
7b5879337fe0875dd2e3c17a360bf61f	沈约	八咏诗·其四·霜来悲落桐	齊	5	23	春风一朝至	平平入平去	P?ZPZ	平/平去/入/平/去
7b5879337fe0875dd2e3c17a360bf61f	沈约	八咏诗·其四·霜来悲落桐	齊	5	24	荣华并如斯	平??平平	P???P	平/平去/平上去/平去/平
7b5879337fe0875dd2e3c17a360bf61f	沈约	八咏诗·其四·霜来悲落桐	齊	5	25	自惟良菲薄	去平平?入	ZPP?Z	去/平/平/平上去/入
7b5879337fe0875dd2e3c17a360bf61f	沈约	八咏诗·其四·霜来悲落桐	齊	5	26	君恩徒照灼	平平平去入	PPPZZ	平/平/平/去/入
7b5879337fe0875dd2e3c17a360bf61f	沈约	八咏诗·其四·霜来悲落桐	齊	5	27	顾已非嘉树	去上平平?	ZZPPZ	去/上去/平/平/上去
7b5879337fe0875dd2e3c17a360bf61f	沈约	八咏诗·其四·霜来悲落桐	齊	5	28	空用凭阿阁	?去?平入	?Z?PZ	平去/去/平去/平/入
7b5879337fe0875dd2e3c17a360bf61f	沈约	八咏诗·其四·霜来悲落桐	齊	5	29	愿作清庙琴	去入平去平	ZZPZP	去/去入/平/去/平
7b5879337fe0875dd2e3c17a360bf61f	沈约	八咏诗·其四·霜来悲落桐	齊	5	30	为舞双玄鹤	?上平平入	?ZPPZ	平去/上/平/平/入
7b5879337fe0875dd2e3c17a360bf61f	沈约	八咏诗·其四·霜来悲落桐	齊	5	31	薜荔可为裳	?去上?平	ZZZ?P	去入/去/上/平去/平
7b5879337fe0875dd2e3c17a360bf61f	沈约	八咏诗·其四·霜来悲落桐	齊	5	32	文杏堪作梁	平上平入平	PZPZP	平/上/平/去入/平
7b5879337fe0875dd2e3c17a360bf61f	沈约	八咏诗·其四·霜来悲落桐	齊	5	33	勿言草木贱	入平上入去	ZPZZZ	入/平/上/入/去
7b5879337fe0875dd2e3c17a360bf61f	沈约	八咏诗·其四·霜来悲落桐	齊	5	34	徒照君末光	平去平入平	PZPZ?	平/去/平/入/平去
7b5879337fe0875dd2e3c17a360bf61f	沈约	八咏诗·其四·霜来悲落桐	齊	5	35	末光不徒照	入平入平去	Z??PZ	入/平去/平上入/平/去
7b5879337fe0875dd2e3c17a360bf61f	沈约	八咏诗·其四·霜来悲落桐	齊	5	36	为君含噭咷	?平平去?	?PPZ?	平去/平/平/去/平去
7b5879337fe0875dd2e3c17a360bf61f	沈约	八咏诗·其四·霜来悲落桐	齊	5	37	阳柯绿水弦	平平入上平	PPZZ?	平/平/入/上/平去
7b5879337fe0875dd2e3c17a360bf61f	沈约	八咏诗·其四·霜来悲落桐	齊	5	38	阴枝苦寒调	平平上平?	PPZP?	平/平/上去/平/平去
7b5879337fe0875dd2e3c17a360bf61f	沈约	八咏诗·其四·霜来悲落桐	齊	5	39	厚德非可任	?入平上?	ZZPZ?	上去/入/平/上/平去
7b5879337fe0875dd2e3c17a360bf61f	沈约	八咏诗·其四·霜来悲落桐	齊	5	40	敢不虚其心	上入平平平	Z?PPP	上/平上入/平/平/平
7b5879337fe0875dd2e3c17a360bf61f	沈约	八咏诗·其四·霜来悲落桐	齊	5	41	若逢阳春至	?平平平去	?PPPZ	平上入/平/平/平/去
7b5879337fe0875dd2e3c17a360bf61f	沈约	八咏诗·其四·霜来悲落桐	齊	5	42	吐绿照清浔	?入去平平	ZZZPP	上去/入/去/平/平
7b5879337fe0875dc0678e614e8c3504	沈约	八咏诗·其五·夕行闻夜鹤	齊	5	0	夜鹤叫南池	去入去平平	ZZZPP	去/入/去/平/平
7b5879337fe0875dc0678e614e8c3504	沈约	八咏诗·其五·夕行闻夜鹤	齊	5	1	对此孤明月	去上平平入	ZZPPZ	去/上/平/平/入
7b5879337fe0875dc0678e614e8c3504	沈约	八咏诗·其五·夕行闻夜鹤	齊	5	2	临风振羽仪	?平?上平	???ZP	平去/平去/平去/上去/平
7b5879337fe0875dc0678e614e8c3504	沈约	八咏诗·其五·夕行闻夜鹤	齊	5	3	离鹤昔未离	?入入去?	?ZZZ?	平去/入/入/去/平去
7b5879337fe0875dc0678e614e8c3504	沈约	八咏诗·其五·夕行闻夜鹤	齊	5	4	迥发天北垂	上入平入平	ZZPZP	上/入/平/入/平
7b5879337fe0875dc0678e614e8c3504	沈约	八咏诗·其五·夕行闻夜鹤	齊	5	5	忽值疾风起	入去入平上	ZZZ?Z	入/去/入/平去/上
7b5879337fe0875dc0678e614e8c3504	沈约	八咏诗·其五·夕行闻夜鹤	齊	5	6	暂下昆明池	去?平平平	ZZPPP	去/上去/平/平/平
7b5879337fe0875dc0678e614e8c3504	沈约	八咏诗·其五·夕行闻夜鹤	齊	5	7	复畏冬冰合	入去平平入	ZZPPZ	去入/去/平/平/入
7b5879337fe0875dc0678e614e8c3504	沈约	八咏诗·其五·夕行闻夜鹤	齊	5	8	水宿非所宜	上?平上平	ZZPZP	上/去入/平/上/平
7b5879337fe0875dc0678e614e8c3504	沈约	八咏诗·其五·夕行闻夜鹤	齊	5	9	欲留不可住	入?入上去	Z??ZZ	入/平去/平上入/上/去
7b5879337fe0875dc0678e614e8c3504	沈约	八咏诗·其五·夕行闻夜鹤	齊	5	10	欲去飞已疲	入?平上平	ZZPZP	入/上去/平/上去/平
7b5879337fe0875dc0678e614e8c3504	沈约	八咏诗·其五·夕行闻夜鹤	齊	5	11	势逐疾风举	去入入平上	ZZZ?Z	去/入/入/平去/上
7b5879337fe0875dc0678e614e8c3504	沈约	八咏诗·其五·夕行闻夜鹤	齊	5	12	求温向衡楚	平平?平上	PPZPZ	平/平/上去/平/上去
7b5879337fe0875dc0678e614e8c3504	沈约	八咏诗·其五·夕行闻夜鹤	齊	5	13	复值南飞鸿	入去平平?	ZZPP?	去入/去/平/平/平上
7b5879337fe0875dc0678e614e8c3504	沈约	八咏诗·其五·夕行闻夜鹤	齊	5	14	参差共成侣	???平上	???PZ	平去/平去/平去/平/上
7b5879337fe0875dc0678e614e8c3504	沈约	八咏诗·其五·夕行闻夜鹤	齊	5	15	海上多云雾	上?平平去	ZZPPZ	上/上去/平/平/去
7b5879337fe0875dc0678e614e8c3504	沈约	八咏诗·其五·夕行闻夜鹤	齊	5	16	苍茫失洲屿	?平入平上	?PZPZ	平上/平/入/平/上
7b5879337fe0875dc0678e614e8c3504	沈约	八咏诗·其五·夕行闻夜鹤	齊	5	17	自此别故群	去上入去平	ZZZZP	去/上/去入/去/平
7b5879337fe0875dc0678e614e8c3504	沈约	八咏诗·其五·夕行闻夜鹤	齊	5	18	独向潇湘渚	入??平上	ZZ?PZ	入/上去//平/上
7b5879337fe0875dc0678e614e8c3504	沈约	八咏诗·其五·夕行闻夜鹤	齊	5	19	故群不离散	去平入??	ZP??Z	去/平/平上入/平去/上去
7b5879337fe0875dc0678e614e8c3504	沈约	八咏诗·其五·夕行闻夜鹤	齊	5	20	相依江海畔	平平平上去	?PPZZ	平去/平/平/上/去
7b5879337fe0875dc0678e614e8c3504	沈约	八咏诗·其五·夕行闻夜鹤	齊	5	21	夜止羽相切	去上上??	ZZZ?Z	去/上/上去/平去/去入
7b5879337fe0875dc0678e614e8c3504	沈约	八咏诗·其五·夕行闻夜鹤	齊	5	22	昼飞影相乱	去平上?去	ZPZ?Z	去/平/上/平去/去
7b5879337fe0875dc0678e614e8c3504	沈约	八咏诗·其五·夕行闻夜鹤	齊	5	23	刷羽共浮沉	入上?平平	ZZ?PP	入/上去/平去/平/平
7b5879337fe0875dc0678e614e8c3504	沈约	八咏诗·其五·夕行闻夜鹤	齊	5	24	湛澹泛清浔	???平平	???PP	平上/平上去/平去入/平/平
7b5879337fe0875dc0678e614e8c3504	沈约	八咏诗·其五·夕行闻夜鹤	齊	5	25	既不经离别	去入?平入	Z???Z	去/平上入/平去/平去/去入
7b5879337fe0875dc0678e614e8c3504	沈约	八咏诗·其五·夕行闻夜鹤	齊	5	26	安知慕侣心	平平去上平	PPZZP	平/平/去/上/平
7b5879337fe0875dc0678e614e8c3504	沈约	八咏诗·其五·夕行闻夜鹤	齊	5	27	九冬负霜雪	上平上平入	ZPZPZ	上/平/上/平/入
7b5879337fe0875dc0678e614e8c3504	沈约	八咏诗·其五·夕行闻夜鹤	齊	5	28	六翮飞不任	入入平入?	ZZP??	入/入/平/平上入/平去
7b5879337fe0875dc0678e614e8c3504	沈约	八咏诗·其五·夕行闻夜鹤	齊	5	29	且养凌云翅	??平平去	?ZPPZ	平上/上去/平/平/去
7b5879337fe0875dc0678e614e8c3504	沈约	八咏诗·其五·夕行闻夜鹤	齊	5	30	俯仰弄清音	上?去平平	ZZZPP	上/上去/去/平/平
7b5879337fe0875dc0678e614e8c3504	沈约	八咏诗·其五·夕行闻夜鹤	齊	5	31	所望浮丘子	上?平平上	Z?PPZ	上/平去/平/平/上
7b5879337fe0875dc0678e614e8c3504	沈约	八咏诗·其五·夕行闻夜鹤	齊	5	32	旦夕来相寻	去入平?平	ZZP?P	去/入/平/平去/平
7b5879337fe0875d4fdbb5114022b3e0	沈约	八咏诗·其六·晨征听晓鸿	齊	5	0	晓鸿度将旦	上???去	Z?Z?Z	上/平上/去入/平去/去
7b5879337fe0875d4fdbb5114022b3e0	沈约	八咏诗·其六·晨征听晓鸿	齊	5	1	寒谿可以饮	平平上上?	PPZZZ	平/平/上/上/上去
7b5879337fe0875d4fdbb5114022b3e0	沈约	八咏诗·其六·晨征听晓鸿	齊	5	2	荒皋可以窜	?平上上去	?PZZZ	平去/平/上/上/去
7b5879337fe0875d4fdbb5114022b3e0	沈约	八咏诗·其六·晨征听晓鸿	齊	5	3	谿水徒自清	平上平去平	PZPZP	平/上/平/去/平
7b5879337fe0875d4fdbb5114022b3e0	沈约	八咏诗·其六·晨征听晓鸿	齊	5	4	微容岂足玩	平平上入去	PPZZZ	平/平/上/去入/去
7b5879337fe0875d4fdbb5114022b3e0	沈约	八咏诗·其六·晨征听晓鸿	齊	7	5	越水深兮深不测	入上平平平入入	ZZ?P??Z	入/上/平去/平/平去/平上入/入
7b5879337fe0875d4fdbb5114022b3e0	沈约	八咏诗·其六·晨征听晓鸿	齊	7	6	翼伊余马之屡怀	入平平上平去平	ZPPZPZP	入/平/平/上/平/去/平
7b5879337fe0875d4fdbb5114022b3e0	沈约	八咏诗·其六·晨征听晓鸿	齊	5	7	孤雁夜南飞	平去去平平	PZZPP	平/去/去/平/平
7b5879337fe0875d4fdbb5114022b3e0	沈约	八咏诗·其六·晨征听晓鸿	齊	5	8	客泪夜沾衣	入去去??	ZZZ??	入/去/去/平去/平去
7b5879337fe0875d4fdbb5114022b3e0	沈约	八咏诗·其六·晨征听晓鸿	齊	5	9	春鸿旦暮返	平?去去上	P?ZZZ	平/平上/去/去/上
7b5879337fe0875d4fdbb5114022b3e0	沈约	八咏诗·其六·晨征听晓鸿	齊	5	10	客子方未归	入上平去平	ZZPZP	入/上/平/去/平
7b5879337fe0875d4fdbb5114022b3e0	沈约	八咏诗·其六·晨征听晓鸿	齊	5	11	岁去欢娱尽	去?平?上	ZZP?Z	去/上去/平/平去/上
7b5879337fe0875d4fdbb5114022b3e0	沈约	八咏诗·其六·晨征听晓鸿	齊	5	12	年来容貌衰	平平平去平	PPPZP	平/平/平/去/平
7b5879337fe0875d4fdbb5114022b3e0	沈约	八咏诗·其六·晨征听晓鸿	齊	5	13	揽衽形虽是	上去平平上	ZZPPZ	上/去/平/平/上
7b5879337fe0875d4fdbb5114022b3e0	沈约	八咏诗·其六·晨征听晓鸿	齊	5	14	抚臆事多违	上入去平平	ZZZPP	上/入/去/平/平
7b5879337fe0875d4fdbb5114022b3e0	沈约	八咏诗·其六·晨征听晓鸿	齊	7	15	青緺虽长复易解	平平平?入??	PPP?ZZZ	平/平/平/平上去/去入/去入/上去
7b5879337fe0875d4fdbb5114022b3e0	沈约	八咏诗·其六·晨征听晓鸿	齊	7	16	白云诚远讵难依	入平平??平平	ZPPZZ?P	入/平/平/上去/上去/平去/平
7b5879337fe0875d605d7c59cad7ec65	沈约	八咏诗·其七·解佩去朝市	齊	5	0	朝市深归暮	平上平平去	PZ?PZ	平/上/平去/平/去
7b5879337fe0875d605d7c59cad7ec65	沈约	八咏诗·其七·解佩去朝市	齊	7	1	游西园兮登铜雀	平平平平平平入	PPPPPPZ	平/平/平/平/平/平/入
7b5879337fe0875d605d7c59cad7ec65	沈约	八咏诗·其七·解佩去朝市	齊	7	2	攀青琐兮眺重阳	平平上平去?平	PPZPZ?P	平/平/上/平/去/平上去/平
7b5879337fe0875d605d7c59cad7ec65	沈约	八咏诗·其七·解佩去朝市	齊	7	3	讲金华兮议宣室	上平?平去平入	ZP?PZPZ	上/平/平去/平/去/平/入
7b5879337fe0875d605d7c59cad7ec65	沈约	八咏诗·其七·解佩去朝市	齊	7	4	昼武帷兮夕文昌	去上平平入平平	ZZPPZPP	去/上/平/平/入/平/平
7b5879337fe0875d605d7c59cad7ec65	沈约	八咏诗·其七·解佩去朝市	齊	7	5	佩甘泉兮履五柞	去平平平上上入	ZPPPZZZ	去/平/平/平/上/上/入
7b5879337fe0875d605d7c59cad7ec65	沈约	八咏诗·其七·解佩去朝市	齊	7	6	簪枍栺兮绂承光	平去?平入平平	PZ?PZP?	平/去/平去/平/入/平/平去
7b5879337fe0875d605d7c59cad7ec65	沈约	八咏诗·其七·解佩去朝市	齊	7	7	托后车兮侍华幄	入?平平去?入	ZZPPZ?Z	入/上去/平/平/去/平去/入
7b5879337fe0875d605d7c59cad7ec65	沈约	八咏诗·其七·解佩去朝市	齊	7	8	游渤海兮泛清漳	平入上平?平平	PZZP?PP	平/入/上/平/平去入/平/平
7b5879337fe0875d605d7c59cad7ec65	沈约	八咏诗·其七·解佩去朝市	齊	5	9	天道有盈缺	平上上平入	PZZPZ	平/上/上/平/入
7b5879337fe0875d605d7c59cad7ec65	沈约	八咏诗·其七·解佩去朝市	齊	5	10	寒暑递炎凉	平上?平?	PZZP?	平/上/上去/平/平去
7b5879337fe0875d605d7c59cad7ec65	沈约	八咏诗·其七·解佩去朝市	齊	5	11	一朝卖玉碗	入平去入?	ZPZZ?	入/平/去/入/
7b5879337fe0875d605d7c59cad7ec65	沈约	八咏诗·其七·解佩去朝市	齊	5	12	眷眷惜馀香	去去入平平	ZZZPP	去/去/入/平/平
7b5879337fe0875d605d7c59cad7ec65	沈约	八咏诗·其七·解佩去朝市	齊	5	13	曲池无复处	入平平入?	ZPPZZ	入/平/平/去入/上去
7b5879337fe0875d605d7c59cad7ec65	沈约	八咏诗·其七·解佩去朝市	齊	5	14	桂枝亦销亡	去平入平平	ZPZPP	去/平/入/平/平
7b5879337fe0875d605d7c59cad7ec65	沈约	八咏诗·其七·解佩去朝市	齊	5	15	清庙徒肃肃	平去平入入	PZPZZ	平/去/平/入/入
7b5879337fe0875d605d7c59cad7ec65	沈约	八咏诗·其七·解佩去朝市	齊	5	16	西陵久茫茫	平平上平平	PPZPP	平/平/上/平/平
7b5879337fe0875d605d7c59cad7ec65	沈约	八咏诗·其七·解佩去朝市	齊	5	17	薄暮余多幸	入去平平上	ZZPPZ	入/去/平/平/上
7b5879337fe0875d605d7c59cad7ec65	沈约	八咏诗·其七·解佩去朝市	齊	5	18	嘉运重来昌	平去?平平	PZ?PP	平/去/平上去/平/平
7b5879337fe0875d605d7c59cad7ec65	沈约	八咏诗·其七·解佩去朝市	齊	7	19	日将暮兮归去来	入?去平平?平	Z?ZPPZP	入/平去/去/平/平/上去/平
7b5879337fe0875d2f6a8e4d15070068	沈约	八咏诗·其八·被褐守山东	齊	7	0	山东万岭郁青葱	平平去?入平平	PPZ?ZPP	平/平/去入/平上/入/平/平
7b5879337fe0875d2f6a8e4d15070068	沈约	八咏诗·其八·被褐守山东	齊	5	1	两溪共一泻	上平?入?	ZP?ZZ	上去/平/平去/入/上去
7b5879337fe0875d2f6a8e4d15070068	沈约	八咏诗·其八·被褐守山东	齊	5	2	水洁望如空	上入?平?	ZZ???	上/入/平去/平去/平去
7b5879337fe0875d2f6a8e4d15070068	沈约	八咏诗·其八·被褐守山东	齊	5	3	岸侧青莎被	去入平平?	ZZPPZ	去/入/平/平/上去
7b5879337fe0875d2f6a8e4d15070068	沈约	八咏诗·其八·被褐守山东	齊	5	4	岩间丹桂丛	平平平去平	P?PZP	平//平/去/平
7b5879337fe0875d2f6a8e4d15070068	沈约	八咏诗·其八·被褐守山东	齊	5	5	上瞻既隐轸	?平去上上	ZPZZZ	上去/平/去/上去/上
7b5879337fe0875d2f6a8e4d15070068	沈约	八咏诗·其八·被褐守山东	齊	5	6	下睇亦溟蒙	??入??	Z?Z??	上去/平去/入/平上/平上
7b5879337fe0875d2f6a8e4d15070068	沈约	八咏诗·其八·被褐守山东	齊	5	7	远林响咆兽	?平上平去	ZPZPZ	上去/平/上/平/去
7b5879337fe0875d2f6a8e4d15070068	沈约	八咏诗·其八·被褐守山东	齊	5	8	近树聒鸣虫	??入平?	ZZZP?	上去/上去/入/平/平上去
7b5879337fe0875d2f6a8e4d15070068	沈约	八咏诗·其八·被褐守山东	齊	5	9	路出若溪右	去入?平?	ZZ?PZ	去/去入/平上入/平/上去
7b5879337fe0875d2f6a8e4d15070068	沈约	八咏诗·其八·被褐守山东	齊	5	10	涧吐金华东	去?平?平	ZZP?P	去/上去/平/平去/平
7b5879337fe0875d2f6a8e4d15070068	沈约	八咏诗·其八·被褐守山东	齊	5	11	万仞倒危石	去去?平入	ZZZPZ	去入/去/上去/平/入
7b5879337fe0875d2f6a8e4d15070068	沈约	八咏诗·其八·被褐守山东	齊	5	12	百丈注悬潀	入上去平平	ZZZPP	入/上/去/平/平
7b5879337fe0875d2f6a8e4d15070068	沈约	八咏诗·其八·被褐守山东	齊	5	13	制曳写流电	去去上平去	ZZZPZ	去/去/上/平/去
7b5879337fe0875d2f6a8e4d15070068	沈约	八咏诗·其八·被褐守山东	齊	5	14	奔飞似白虹	?平上入?	?PZZ?	平去/平/上/入/平去
7b5879337fe0875d2f6a8e4d15070068	沈约	八咏诗·其八·被褐守山东	齊	5	15	洞井含清气	?上平平去	?ZPPZ	平去/上/平/平/去
7b5879337fe0875d2f6a8e4d15070068	沈约	八咏诗·其八·被褐守山东	齊	5	16	漏穴吐飞风	去入?平平	ZZZP?	去/入/上去/平/平去
7b5879337fe0875d2f6a8e4d15070068	沈约	八咏诗·其八·被褐守山东	齊	5	17	玉窦膏滴沥	入去平入入	ZZ?ZZ	入/去/平去/入/入
7b5879337fe0875d2f6a8e4d15070068	沈约	八咏诗·其八·被褐守山东	齊	5	18	石乳室空笼	入上入??	ZZZ??	入/上/入/平去/平上
7b5879337fe0875d2f6a8e4d15070068	沈约	八咏诗·其八·被褐守山东	齊	5	19	峭崿途弥险	去入平平上	ZZP?Z	去/入/平/平上/上
7b5879337fe0875d2f6a8e4d15070068	沈约	八咏诗·其八·被褐守山东	齊	5	20	崖岨步才通	平平去?平	PPZ?P	平/平/去/平去/平
7b5879337fe0875d2f6a8e4d15070068	沈约	八咏诗·其八·被褐守山东	齊	7	21	余舍平生之所爱	平?平平平上去	PZP?PZZ	平/上去/平/平去/平/上/去
7b5879337fe0875d2f6a8e4d15070068	沈约	八咏诗·其八·被褐守山东	齊	5	22	乳雉方可驯	上上平上平	ZZPZP	上/上/平/上/平
7b5879337fe0875d2f6a8e4d15070068	沈约	八咏诗·其八·被褐守山东	齊	5	23	流蝗庶能弭	平?去?上	P?Z?Z	平/平去/去/平上去/上
7b5879337fe0875d2f6a8e4d15070068	沈约	八咏诗·其八·被褐守山东	齊	5	24	清心矫世浊	平平上去入	PPZZZ	平/平/上/去/入
7b5879337fe0875d2f6a8e4d15070068	沈约	八咏诗·其八·被褐守山东	齊	5	25	俭政革民侈	上去入平上	ZZZPZ	上/去/入/平/上
7b5879337fe0875d2f6a8e4d15070068	沈约	八咏诗·其八·被褐守山东	齊	5	26	秩满归白云	入上平入平	ZZPZP	入/上/平/入/平
7b5879337fe0875d2f6a8e4d15070068	沈约	八咏诗·其八·被褐守山东	齊	5	27	淹留事芝髓	??去平上	??ZPZ	平去/平去/去/平/上
7b5879337fe0875de0a4f8054f0c9879	沈约	宿东园诗	齊	5	0	陈王斗鸡道	?平?平上	??ZPZ	平去/平去/上去/平/上
7b5879337fe0875de0a4f8054f0c9879	沈约	宿东园诗	齊	5	1	安仁采樵路	平平上平去	PPZPZ	平/平/上/平/去
7b5879337fe0875de0a4f8054f0c9879	沈约	宿东园诗	齊	5	2	东郊岂异昔	平平上去入	PPZ?Z	平/平/上/平去/入
7b5879337fe0875de0a4f8054f0c9879	沈约	宿东园诗	齊	5	3	聊可闲余步	平上?平去	PZ?PZ	平/上/平去/平/去
7b5879337fe0875de0a4f8054f0c9879	沈约	宿东园诗	齊	5	4	野径既盘纡	上去去平平	ZZZPP	上/去/去/平/平
7b5879337fe0875de0a4f8054f0c9879	沈约	宿东园诗	齊	5	5	荒阡亦交互	?平入平去	?PZPZ	平去/平/入/平/去
7b5879337fe0875de0a4f8054f0c9879	沈约	宿东园诗	齊	5	6	槿篱疏复密	上平?入入	ZP?ZZ	上/平/平去/去入/入
7b5879337fe0875de0a4f8054f0c9879	沈约	宿东园诗	齊	5	7	荆扉新且故	平平平?去	PPP?Z	平/平/平/平上/去
7b5879337fe0875de0a4f8054f0c9879	沈约	宿东园诗	齊	5	8	树顶鸣风飙	?上平平平	ZZP?P	上去/上/平/平去/平
7b5879337fe0875de0a4f8054f0c9879	沈约	宿东园诗	齊	5	9	草根积霜露	上平入平去	ZPZPZ	上/平/去入/平/去
7b5879337fe0875de0a4f8054f0c9879	沈约	宿东园诗	齊	5	10	惊麏去不息	平平?入入	PPZ?Z	平/平/上去/平上入/入
7b5879337fe0875de0a4f8054f0c9879	沈约	宿东园诗	齊	5	11	征鸟时相顾	?上平?去	?ZP?Z	平上/上/平/平去/去
7b5879337fe0875de0a4f8054f0c9879	沈约	宿东园诗	齊	5	12	茅栋啸愁鸱	平去去平平	PZZPP	平/去/去/平/平
7b5879337fe0875de0a4f8054f0c9879	沈约	宿东园诗	齊	5	13	平冈走寒兔	平平?平去	PPZPZ	平/平/上去/平/去
7b5879337fe0875de0a4f8054f0c9879	沈约	宿东园诗	齊	5	14	夕阴带层阜	入平去平上	ZPZPZ	入/平/去/平/上
7b5879337fe0875de0a4f8054f0c9879	沈约	宿东园诗	齊	5	15	长烟引轻素	?平??去	??Z?Z	平上去/平去/上去/平去/去
7b5879337fe0875de0a4f8054f0c9879	沈约	宿东园诗	齊	5	16	飞光忽我遒	平平入上平	P?ZZP	平/平去/入/上/平
7b5879337fe0875de0a4f8054f0c9879	沈约	宿东园诗	齊	5	17	岂止岁云暮	上上去平去	ZZZPZ	上/上/去/平/去
7b5879337fe0875de0a4f8054f0c9879	沈约	宿东园诗	齊	5	18	若蒙西山药	??平平入	??PPZ	平上入/平上/平/平/入
7b5879337fe0875de0a4f8054f0c9879	沈约	宿东园诗	齊	5	19	颓龄倘能度	平平???	PP??Z	平/平//平上去/去入
7b5879337fe0875d4ef643135f96a110	沈约	三月三日率尔成章诗	齊	5	0	丽日属元巳	?入入平上	?ZZPZ	平去/入/入/平/上
7b5879337fe0875d4ef643135f96a110	沈约	三月三日率尔成章诗	齊	5	1	年芳具在斯	平平??平	PP?ZP	平/平/平去/上去/平
7b5879337fe0875d4ef643135f96a110	沈约	三月三日率尔成章诗	齊	5	2	开花已匝树	平平上??	PPZ?Z	平/平/上去//上去
7b5879337fe0875d4ef643135f96a110	沈约	三月三日率尔成章诗	齊	5	3	流莺复满枝	平平入上平	PPZZP	平/平/去入/上/平
7b5879337fe0875d4ef643135f96a110	沈约	三月三日率尔成章诗	齊	5	4	洛阳繁华子	入平平?上	ZPP?Z	入/平/平/平去/上
7b5879337fe0875d4ef643135f96a110	沈约	三月三日率尔成章诗	齊	5	5	长安轻薄儿	平平?入平	?P?ZP	平上去/平/平去/入/平
7b5879337fe0875d4ef643135f96a110	沈约	三月三日率尔成章诗	齊	5	6	东出千金堰	平入平平?	PZPPZ	平/去入/平/平/上去
7b5879337fe0875d4ef643135f96a110	沈约	三月三日率尔成章诗	齊	5	7	西临雁鹜陂	平?去??	P?ZZ?	平/平去/去/去入/平去
7b5879337fe0875d4ef643135f96a110	沈约	三月三日率尔成章诗	齊	5	8	游丝映空转	平平去??	PPZ?Z	平/平/上去/平去/上去
7b5879337fe0875d4ef643135f96a110	沈约	三月三日率尔成章诗	齊	5	9	高杨拂地垂	平平入去平	PPZZP	平/平/入/去/平
7b5879337fe0875d4ef643135f96a110	沈约	三月三日率尔成章诗	齊	5	10	绿帻文照耀	入入平去去	ZZPZZ	入/入/平/去/去
7b5879337fe0875d4ef643135f96a110	沈约	三月三日率尔成章诗	齊	5	11	紫燕光陆离	上?平入?	Z??Z?	上/平去/平去/入/平去
7b5879337fe0875d4ef643135f96a110	沈约	三月三日率尔成章诗	齊	5	12	清晨戏伊水	平平?平上	PP?PZ	平/平/平去/平/上
7b5879337fe0875d4ef643135f96a110	沈约	三月三日率尔成章诗	齊	5	13	薄暮宿兰池	入去?平平	ZZZPP	入/去/去入/平/平
7b5879337fe0875d4ef643135f96a110	沈约	三月三日率尔成章诗	齊	5	14	象筵鸣宝瑟	上平平上入	ZPPZZ	上/平/平/上/入
7b5879337fe0875d4ef643135f96a110	沈约	三月三日率尔成章诗	齊	5	15	金瓶泛羽巵	平平?上平	PP?ZP	平/平/平去入/上去/平
7b5879337fe0875d4ef643135f96a110	沈约	三月三日率尔成章诗	齊	5	16	宁忆春蚕起	?入平?上	?ZP?Z	平上去/入/平/平上/上
7b5879337fe0875d4ef643135f96a110	沈约	三月三日率尔成章诗	齊	5	17	日暮桑欲萎	入去平入?	ZZPZ?	入/去/平/入/平去
7b5879337fe0875d4ef643135f96a110	沈约	三月三日率尔成章诗	齊	5	18	长袂屡已拂	?去去上入	?ZZZZ	平上去/去/去/上去/入
7b5879337fe0875d4ef643135f96a110	沈约	三月三日率尔成章诗	齊	5	19	雕胡方自炊	平平平去平	PPPZP	平/平/平/去/平
7b5879337fe0875d4ef643135f96a110	沈约	三月三日率尔成章诗	齊	5	20	爱而不可见	去平入上去	ZP?ZZ	去/平/平上入/上/去
7b5879337fe0875d4ef643135f96a110	沈约	三月三日率尔成章诗	齊	5	21	宿昔减容仪	?入上平平	ZZZPP	去入/入/上/平/平
7b5879337fe0875d4ef643135f96a110	沈约	三月三日率尔成章诗	齊	5	22	且当忘情去	??去平?	??ZPZ	平上/平去/去/平/上去
7b5879337fe0875d4ef643135f96a110	沈约	三月三日率尔成章诗	齊	5	23	叹息独何为	去入入平?	?ZZ??	平去/入/入/平上/平去
7b5879337fe0875d6c2fd78b4f2410da	沈约	江南弄四首·其一·赵瑟曲	齊	7	0	邯郸奇弄出文梓	平平平去入平上	PPPZZPZ	平/平/平/去/去入/平/上
7b5879337fe0875d6c2fd78b4f2410da	沈约	江南弄四首·其一·赵瑟曲	齊	7	1	萦弦急调切流徵	平平入??平?	P?Z?ZP?	平/平去/入/平去/去入/平/平上
7b5879337fe0875d6c2fd78b4f2410da	沈约	江南弄四首·其一·赵瑟曲	齊	7	2	玄鹤徘徊白云起	平入平平入平上	PZPPZPZ	平/入/平/平/入/平/上
7b5879337fe0875d485eaca484f31ee0	沈约	江南弄四首·其二·秦筝曲	齊	7	0	罗袖飘纚拂雕桐	平去平上入平平	PZPZZPP	平/去/平/上/入/平/平
7b5879337fe0875d485eaca484f31ee0	沈约	江南弄四首·其二·秦筝曲	齊	7	1	促柱高张散轻宫	入上平???平	ZZP?Z?P	入/上/平/平去/上去/平去/平
7b5879337fe0875d485eaca484f31ee0	沈约	江南弄四首·其二·秦筝曲	齊	7	2	迎歌度舞遏归风	?平?上入平平	?PZZZP?	平去/平/去入/上/入/平/平去
7b5879337fe0875dfa9492aa7aed6cc2	沈约	江南弄四首·其三·阳春曲	齊	7	0	杨柳垂地燕差池	平上平去??平	PZPZ??P	平/上/平/去/平去/平去/平
7b5879337fe0875dfa9492aa7aed6cc2	沈约	江南弄四首·其三·阳春曲	齊	7	1	缄情忍思落容仪	平平上?入平平	PPZ?ZPP	平/平/上/平去/入/平/平
7b5879337fe0875dfa9492aa7aed6cc2	沈约	江南弄四首·其三·阳春曲	齊	7	2	弦伤曲怨心自知	平平入?平去平	??Z?PZP	平去/平去/入/平去/平/去/平
7b5879337fe0875da48a15a602adb782	沈约	江南弄四首·其四·朝云曲	齊	7	0	阳台氤氲多异色	平平平平平去入	PPPPP?Z	平/平/平/平/平/平去/入
7b5879337fe0875da48a15a602adb782	沈约	江南弄四首·其四·朝云曲	齊	7	1	巫山高高上无极	平平平平?平入	PPPPZPZ	平/平/平/平/上去/平/入
7b5879337fe0875da48a15a602adb782	沈约	江南弄四首·其四·朝云曲	齊	7	2	云来云去常不息	平平平?平入入	PPPZP?Z	平/平/平/上去/平/平上入/入
7b5879337fe0875dac489b4721bee85b	沈约	梁三朝雅乐歌介雅一	齊	5	0	百福四象初	入入去上平	ZZZZP	入/入/去/上/平
7b5879337fe0875dac489b4721bee85b	沈约	梁三朝雅乐歌介雅一	齊	5	1	万寿三元始	去?平平上	ZZ?PZ	去入/上去/平去/平/上
7b5879337fe0875dac489b4721bee85b	沈约	梁三朝雅乐歌介雅一	齊	5	2	拜献惟衮职	去?平上入	Z?PZZ	去/平去/平/上/入
7b5879337fe0875dac489b4721bee85b	沈约	梁三朝雅乐歌介雅一	齊	5	3	同心协卿士	平平入平上	?PZPZ	平去/平/入/平/上
7b5879337fe0875dac489b4721bee85b	沈约	梁三朝雅乐歌介雅一	齊	5	4	北极永无穷	入入上平平	ZZZPP	入/入/上/平/平
7b5879337fe0875dac489b4721bee85b	沈约	梁三朝雅乐歌介雅一	齊	5	5	南山何足拟	平平平入上	PP?ZZ	平/平/平上/去入/上
7b5879337fe0875d654bb67b01899cd3	沈约	咏檐前竹	齊	5	0	萌开箨已垂	平平入上平	PPZZP	平/平/入/上去/平
7b5879337fe0875d654bb67b01899cd3	沈约	咏檐前竹	齊	5	1	结叶始成枝	入入上平平	ZZZPP	入/入/上/平/平
7b5879337fe0875d654bb67b01899cd3	沈约	咏檐前竹	齊	5	2	繁荫上蓊茸	平去??平	PZZ?P	平/去/上去/平上/平
7b5879337fe0875d654bb67b01899cd3	沈约	咏檐前竹	齊	5	3	促节下离离	入入???	ZZZ??	入/入/上去/平去/平去
7b5879337fe0875d654bb67b01899cd3	沈约	咏檐前竹	齊	5	4	风动露滴沥	平上去入入	?ZZZZ	平去/上/去/入/入
7b5879337fe0875d654bb67b01899cd3	沈约	咏檐前竹	齊	5	5	月照影参差	入去上??	ZZZ??	入/去/上/平去/平去
7b5879337fe0875d654bb67b01899cd3	沈约	咏檐前竹	齊	5	6	得生君户牖	入平平上上	Z?PZZ	入/平去/平/上/上
7b5879337fe0875d654bb67b01899cd3	沈约	咏檐前竹	齊	5	7	不愿夹华池	入去入?平	?ZZ?P	平上入/去/入/平去/平
7b5879337fe0875d39df330a22910c90	沈约	饮马长城窟	齊	5	0	介马渡龙堆	去上去平平	ZZZPP	去/上/去/平/平
7b5879337fe0875d39df330a22910c90	沈约	饮马长城窟	齊	5	1	涂萦马屡回	平平上去平	PPZZ?	平/平/上/去/平去
7b5879337fe0875d39df330a22910c90	沈约	饮马长城窟	齊	5	2	前访昌海驿	平去平上入	PZPZZ	平/去/平/上/入
7b5879337fe0875d39df330a22910c90	沈约	饮马长城窟	齊	5	3	杂种宼轮台	入??平平	Z??PP	入/平上去//平/平
7b5879337fe0875d39df330a22910c90	沈约	饮马长城窟	齊	5	4	旌幕卷烟雨	平入?平?	PZ??Z	平/入/平上去/平去/上去
7b5879337fe0875d39df330a22910c90	沈约	饮马长城窟	齊	5	5	徒御犯冰埃	平?上平平	PZZPP	平/上去/上/平/平
7b5879337fe0875d8a249a0040f2f67a	沈约	悼亡诗	齊	5	0	去秋三五月	?平平上入	ZP?ZZ	上去/平/平去/上/入
7b5879337fe0875d8a249a0040f2f67a	沈约	悼亡诗	齊	5	1	今秋还照梁	平平平去平	PPPZP	平/平/平/去/平
7b5879337fe0875d8a249a0040f2f67a	沈约	悼亡诗	齊	5	2	今春兰蕙草	平平平去上	PPPZZ	平/平/平/去/上
7b5879337fe0875d8a249a0040f2f67a	沈约	悼亡诗	齊	5	3	来春复吐芳	平平入?平	PPZZP	平/平/去入/上去/平
7b5879337fe0875d8a249a0040f2f67a	沈约	悼亡诗	齊	5	4	悲哉人道异	平平平上去	PPPZ?	平/平/平/上/平去
7b5879337fe0875d8a249a0040f2f67a	沈约	悼亡诗	齊	5	5	一谢永销亡	入去上平平	ZZZPP	入/去/上/平/平
7b5879337fe0875d8a249a0040f2f67a	沈约	悼亡诗	齊	5	6	帘屏既毁撤	平?去?入	P?ZZZ	平/平上/去/上去/入
7b5879337fe0875d8a249a0040f2f67a	沈约	悼亡诗	齊	5	7	帷席更施张	平入???	PZ???	平/入/平去/平去/平去
7b5879337fe0875d8a249a0040f2f67a	沈约	悼亡诗	齊	5	8	游尘掩虚座	平平上平去	PPZPZ	平/平/上/平/去
7b5879337fe0875d8a249a0040f2f67a	沈约	悼亡诗	齊	5	9	孤帐覆空床	平去??平	PZZ?P	平/去/去入/平去/平
7b5879337fe0875d8a249a0040f2f67a	沈约	悼亡诗	齊	5	10	万事无不尽	去去平入上	ZZP?Z	去入/去/平/平上入/上
7b5879337fe0875d8a249a0040f2f67a	沈约	悼亡诗	齊	5	11	徒令存者伤	平?平上平	P?PZ?	平/平去/平/上/平去
7b5879337fe0875d1eb0f38cdb0aec8f	沈约	登玄畅楼	齊	5	0	危峰带北阜	平平去入上	PPZZZ	平/平/去/入/上
7b5879337fe0875d1eb0f38cdb0aec8f	沈约	登玄畅楼	齊	5	1	高顶出南岑	平上入平平	PZZPP	平/上/去入/平/平
7b5879337fe0875d1eb0f38cdb0aec8f	沈约	登玄畅楼	齊	5	2	中有陵风榭	?上平平去	?ZP?Z	平去/上/平/平去/去
7b5879337fe0875d1eb0f38cdb0aec8f	沈约	登玄畅楼	齊	5	3	回望川之阴	平?平平平	??PPP	平去/平去/平/平/平
7b5879337fe0875d1eb0f38cdb0aec8f	沈约	登玄畅楼	齊	5	4	岸险每增减	去上??上	ZZZ?Z	去/上/上去/平去/上
7b5879337fe0875d1eb0f38cdb0aec8f	沈约	登玄畅楼	齊	5	5	湍平互浅深	平平去?平	PPZ??	平/平/去/平上/平去
7b5879337fe0875d1eb0f38cdb0aec8f	沈约	登玄畅楼	齊	5	6	水流本三派	上平上平去	ZPZ?Z	上/平/上/平去/去
7b5879337fe0875d1eb0f38cdb0aec8f	沈约	登玄畅楼	齊	5	7	台高乃四临	平平上去?	PPZZ?	平/平/上/去/平去
7b5879337fe0875d1eb0f38cdb0aec8f	沈约	登玄畅楼	齊	5	8	上有离群客	?上?平入	ZZ?PZ	上去/上/平去/平/入
7b5879337fe0875d1eb0f38cdb0aec8f	沈约	登玄畅楼	齊	5	9	客有慕归心	入上去平平	ZZZPP	入/上/去/平/平
7b5879337fe0875d1eb0f38cdb0aec8f	沈约	登玄畅楼	齊	5	10	落晖映长浦	入平去?上	ZPZ?Z	入/平/上去/平上去/上
7b5879337fe0875d1eb0f38cdb0aec8f	沈约	登玄畅楼	齊	5	11	焕景烛中浔	去上入?平	ZZZ?P	去/上/入/平去/平
7b5879337fe0875d1eb0f38cdb0aec8f	沈约	登玄畅楼	齊	5	12	云生岭乍黑	平平?去入	P??ZZ	平/平去/平上/去/入
7b5879337fe0875d1eb0f38cdb0aec8f	沈约	登玄畅楼	齊	5	13	日下溪半阴	入?平去平	ZZPZP	入/上去/平/去/平
7b5879337fe0875d1eb0f38cdb0aec8f	沈约	登玄畅楼	齊	5	14	信美非吾土	去上平平上	ZZPPZ	去/上/平/平/上
7b5879337fe0875d1eb0f38cdb0aec8f	沈约	登玄畅楼	齊	5	15	何事不抽簪	平去入平平	?Z?PP	平上/去/平上入/平/平
7b58793384adb4ebffbfcdc59c4e8f8f	陈叔宝	独酌谣四首	陳	5	0	独酌且独谣	入入?入平	ZZ?ZP	入/入/平上/入/平
7b58793384adb4ebffbfcdc59c4e8f8f	陈叔宝	独酌谣四首	陳	5	1	一酌岂陶暑	入入上平上	ZZZPZ	入/入/上/平/上
7b58793384adb4ebffbfcdc59c4e8f8f	陈叔宝	独酌谣四首	陳	5	2	二酌断风飙	去入?平平	ZZZ?P	去/入/上去/平去/平
7b58793384adb4ebffbfcdc59c4e8f8f	陈叔宝	独酌谣四首	陳	5	3	三酌意不畅	平入去入去	?ZZ?Z	平去/入/去/平上入/去
7b58793384adb4ebffbfcdc59c4e8f8f	陈叔宝	独酌谣四首	陳	5	4	四酌情无聊	去入平平平	ZZPPP	去/入/平/平/平
7b58793384adb4ebffbfcdc59c4e8f8f	陈叔宝	独酌谣四首	陳	5	5	五酌盂易覆	上入平??	ZZPZZ	上/入/平/去入/去入
7b58793384adb4ebffbfcdc59c4e8f8f	陈叔宝	独酌谣四首	陳	5	6	六酌欢欲调	入入平入?	ZZPZ?	入/入/平/入/平去
7b58793384adb4ebffbfcdc59c4e8f8f	陈叔宝	独酌谣四首	陳	5	7	七酌累心去	入入?平?	ZZ?PZ	入/入/平上去/平/上去
7b58793384adb4ebffbfcdc59c4e8f8f	陈叔宝	独酌谣四首	陳	5	8	八酌高志超	入入平去平	ZZPZP	入/入/平/去/平
7b58793384adb4ebffbfcdc59c4e8f8f	陈叔宝	独酌谣四首	陳	5	9	九酌忘物我	上入去入上	ZZZZZ	上/入/去/入/上
7b58793384adb4ebffbfcdc59c4e8f8f	陈叔宝	独酌谣四首	陳	5	10	十酌忽凌霄	入入入平平	ZZZPP	入/入/入/平/平
7b58793384adb4ebffbfcdc59c4e8f8f	陈叔宝	独酌谣四首	陳	5	11	凌霄异羽翼	平平去上入	PP?ZZ	平/平/平去/上去/入
7b58793384adb4ebffbfcdc59c4e8f8f	陈叔宝	独酌谣四首	陳	5	12	任致得飘飘	?去入平平	?ZZPP	平去/去/入/平/平
7b58793384adb4ebffbfcdc59c4e8f8f	陈叔宝	独酌谣四首	陳	5	13	宁学世人醉	?入去平去	?ZZPZ	平上去/入/去/平/去
7b58793384adb4ebffbfcdc59c4e8f8f	陈叔宝	独酌谣四首	陳	5	14	扬波去我遥	平平?上平	PPZZP	平/平/上去/上/平
7b58793384adb4ebffbfcdc59c4e8f8f	陈叔宝	独酌谣四首	陳	5	15	尔非浮丘伯	上平平平入	ZPPPZ	上/平/平/平/入
7b58793384adb4ebffbfcdc59c4e8f8f	陈叔宝	独酌谣四首	陳	5	16	安见王子乔	平去平上平	PZ?ZP	平/去/平去/上/平
7b58793384adb4ebffbfcdc59c4e8f8f	陈叔宝	独酌谣四首	陳	5	17	独酌起中宵	入入上?平	ZZZ?P	入/入/上/平去/平
7b58793384adb4ebffbfcdc59c4e8f8f	陈叔宝	独酌谣四首	陳	5	18	中宵照春月	?平去平入	?PZPZ	平去/平/去/平/入
7b58793384adb4ebffbfcdc59c4e8f8f	陈叔宝	独酌谣四首	陳	5	19	初花发春朝	平平入平平	PPZPP	平/平/入/平/平
7b58793384adb4ebffbfcdc59c4e8f8f	陈叔宝	独酌谣四首	陳	7	20	春花春月正徘徊	平平平入?平平	PPPZ?PP	平/平/平/入/平去/平/平
7b58793384adb4ebffbfcdc59c4e8f8f	陈叔宝	独酌谣四首	陳	7	21	一尊一弦当夜开	入平入平?去平	ZPZ??ZP	入/平/入/平去/平去/去/平
7b58793384adb4ebffbfcdc59c4e8f8f	陈叔宝	独酌谣四首	陳	5	22	聊奏孙登曲	平去平平入	PZPPZ	平/去/平/平/入
7b58793384adb4ebffbfcdc59c4e8f8f	陈叔宝	独酌谣四首	陳	5	23	仍斟毕卓杯	平平入入平	PPZZP	平/平/入/入/平
7b58793384adb4ebffbfcdc59c4e8f8f	陈叔宝	独酌谣四首	陳	5	24	罗绮徒纷乱	平上平平去	PZPPZ	平/上/平/平/去
7b58793384adb4ebffbfcdc59c4e8f8f	陈叔宝	独酌谣四首	陳	5	25	金翠转迟回	平去?平平	PZZP?	平/去/上去/平/平去
7b58793384adb4ebffbfcdc59c4e8f8f	陈叔宝	独酌谣四首	陳	5	26	中心本如水	?平上平上	?PZ?Z	平去/平/上/平去/上
7b58793384adb4ebffbfcdc59c4e8f8f	陈叔宝	独酌谣四首	陳	5	27	凝志更同灰	?去??平	?Z??P	平去/去/平去/平去/平
7b58793384adb4ebffbfcdc59c4e8f8f	陈叔宝	独酌谣四首	陳	5	28	逍遥自可乐	平平去上?	PPZZZ	平/平/去/上/去入
7b58793384adb4ebffbfcdc59c4e8f8f	陈叔宝	独酌谣四首	陳	5	29	世语世情哉	去?去平平	ZZZPP	去/上去/去/平/平
7b58793384adb4ebffbfcdc59c4e8f8f	陈叔宝	独酌谣四首	陳	5	30	独酌酒难消	入入上平平	ZZZ?P	入/入/上/平去/平
7b58793384adb4ebffbfcdc59c4e8f8f	陈叔宝	独酌谣四首	陳	5	31	独酌三两碗	入入平上?	ZZ?Z?	入/入/平去/上去/
7b58793384adb4ebffbfcdc59c4e8f8f	陈叔宝	独酌谣四首	陳	5	32	弄曲两三调	去入上平?	ZZZ??	去/入/上去/平去/平去
7b58793384adb4ebffbfcdc59c4e8f8f	陈叔宝	独酌谣四首	陳	5	33	调弦忽未毕	?平入去入	??ZZZ	平去/平去/入/去/入
7b58793384adb4ebffbfcdc59c4e8f8f	陈叔宝	独酌谣四首	陳	5	34	忽值出房朝	入去入平平	ZZZPP	入/去/去入/平/平
7b58793384adb4ebffbfcdc59c4e8f8f	陈叔宝	独酌谣四首	陳	5	35	更似游春苑	?上平平上	?ZPPZ	平去/上/平/平/上
7b58793384adb4ebffbfcdc59c4e8f8f	陈叔宝	独酌谣四首	陳	5	36	还如逢丽谯	平平平?平	P?P?P	平/平去/平/平去/平
7b58793384adb4ebffbfcdc59c4e8f8f	陈叔宝	独酌谣四首	陳	5	37	衣香逐娇去	?平入??	?PZ?Z	平去/平/入/平上/上去
7b58793384adb4ebffbfcdc59c4e8f8f	陈叔宝	独酌谣四首	陳	5	38	眼语送杯娇	上?去平?	ZZZP?	上/上去/去/平/平上
7b58793384adb4ebffbfcdc59c4e8f8f	陈叔宝	独酌谣四首	陳	5	39	馀樽尽复益	平平上入入	PPZZZ	平/平/上/去入/入
7b58793384adb4ebffbfcdc59c4e8f8f	陈叔宝	独酌谣四首	陳	5	40	自得是逍遥	去入上平平	ZZZPP	去/入/上/平/平
7b58793384adb4ebffbfcdc59c4e8f8f	陈叔宝	独酌谣四首	陳	5	41	独酌一尊酒	入入入平上	ZZZPZ	入/入/入/平/上
7b58793384adb4ebffbfcdc59c4e8f8f	陈叔宝	独酌谣四首	陳	5	42	尊酒倾未酌	平上平去入	PZPZZ	平/上/平/去/入
7b58793384adb4ebffbfcdc59c4e8f8f	陈叔宝	独酌谣四首	陳	5	43	明月正当牖	平入??上	PZ??Z	平/入/平去/平去/上
7b58793384adb4ebffbfcdc59c4e8f8f	陈叔宝	独酌谣四首	陳	5	44	是牖非圆瓮	上上平平去	ZZPPZ	上/上/平/平/去
7b58793384adb4ebffbfcdc59c4e8f8f	陈叔宝	独酌谣四首	陳	5	45	吾乐非击缶	平?平入上	PZPZZ	平/去入/平/入/上
7b58793384adb4ebffbfcdc59c4e8f8f	陈叔宝	独酌谣四首	陳	5	46	自任物外欢	去?入去平	Z?ZZP	去/平去/入/去/平
7b58793384adb4ebffbfcdc59c4e8f8f	陈叔宝	独酌谣四首	陳	5	47	更齐椿菌久	??平上上	??PZZ	平去/平去/平/上/上
7b58793384adb4ebffbfcdc59c4e8f8f	陈叔宝	独酌谣四首	陳	5	48	卷舒乃一卷	?平上入?	?PZZ?	平上去/平/上/入/平上去
7b58793384adb4ebffbfcdc59c4e8f8f	陈叔宝	独酌谣四首	陳	5	49	忘情且十斗	去平?入?	ZP?ZZ	去/平/平上/入/上去
7b58793384adb4ebffbfcdc59c4e8f8f	陈叔宝	独酌谣四首	陳	5	50	宁复语绮罗	?入?上平	?ZZZP	平上去/去入/上去/上/平
7b58793384adb4ebffbfcdc59c4e8f8f	陈叔宝	独酌谣四首	陳	5	51	因情即山薮	平平入平上	PPZPZ	平/平/入/平/上
7b58793384adb4ebc940beda312ebff0	陈叔宝	乌栖曲三首	陳	7	0	陌头新花历乱生	入平平平入去平	ZPPPZZ?	入/平/平/平/入/去/平去
7b58793384adb4ebc940beda312ebff0	陈叔宝	乌栖曲三首	陳	7	1	叶里啼鸟送春情	入上平上去平平	ZZPZZPP	入/上/平/上/去/平/平
7b58793384adb4ebc940beda312ebff0	陈叔宝	乌栖曲三首	陳	7	2	长安游侠无数伴	平平平入平??	?PPZPZZ	平上去/平/平/入/平/上去入/上去
7b58793384adb4ebc940beda312ebff0	陈叔宝	乌栖曲三首	陳	7	3	白马骊珂路中满	入上平平去?上	ZZPPZ?Z	入/上/平/平/去/平去/上
7b58793384adb4ebc940beda312ebff0	陈叔宝	乌栖曲三首	陳	7	4	金鞍向暝欲相连	平???入?平	P?Z?Z?P	平//上去/平去/入/平去/平
7b58793384adb4ebc940beda312ebff0	陈叔宝	乌栖曲三首	陳	7	5	玉面俱要来帐前	入去平?平去平	ZZP?PZP	入/去/平/平去/平/去/平
7b58793384adb4ebc940beda312ebff0	陈叔宝	乌栖曲三首	陳	7	6	含态眼语悬相解	平去上?平??	PZZZP?Z	平/去/上/上去/平/平去/上去
7b58793384adb4ebc940beda312ebff0	陈叔宝	乌栖曲三首	陳	7	7	翠带罗裙入为解	去去平?入??	ZZP?Z?Z	去/去/平//入/平去/上去
7b58793384adb4ebc940beda312ebff0	陈叔宝	乌栖曲三首	陳	7	8	合欢襦薰百和香	入平平?入?平	ZPP?Z?P	入/平/平/平去/入/平去/平
7b58793384adb4ebc940beda312ebff0	陈叔宝	乌栖曲三首	陳	7	9	床中被织两鸳鸯	平???上平平	P?ZZZPP	平/平去/上去/去入/上去/平/平
7b58793384adb4ebc940beda312ebff0	陈叔宝	乌栖曲三首	陳	7	10	乌啼汉没天应曙	平平去入平?去	PPZZP?Z	平/平/去/入/平/平去/去
7b58793384adb4ebc940beda312ebff0	陈叔宝	乌栖曲三首	陳	7	11	只持怀抱送郎去	?平平上去平?	?PPZZPZ	平上入/平/平/上/去/平/上去
7b58793384adb4eb35721f60d77b5229	陈叔宝	玉树后庭花	陳	7	0	丽宇芳林对高阁	?上平平去平入	?ZPPZPZ	平去/上/平/平/去/平/入
7b58793384adb4eb35721f60d77b5229	陈叔宝	玉树后庭花	陳	7	1	新装艳质本倾城	平?去?上平平	P?ZZZPP	平/平去/去/去入/上/平/平
7b58793384adb4eb35721f60d77b5229	陈叔宝	玉树后庭花	陳	7	2	映户凝娇乍不进	去上??去入去	ZZ??Z?Z	上去/上/平去/平上/去/平上入/去
7b58793384adb4eb35721f60d77b5229	陈叔宝	玉树后庭花	陳	7	3	出帷含态笑相迎	入平平去去??	ZPPZZ??	去入/平/平/去/去/平去/平去
7b58793384adb4eb35721f60d77b5229	陈叔宝	玉树后庭花	陳	7	4	妖姬脸似花含露	平平?上平平去	PP?ZPPZ	平/平/平上/上/平/平/去
7b58793384adb4eb35721f60d77b5229	陈叔宝	玉树后庭花	陳	7	5	玉树流光照后庭	入?平平去?平	ZZP?ZZP	入/上去/平/平去/去/上去/平
7b58793384adb4eb35721f60d77b5229	陈叔宝	玉树后庭花	陳	7	6	花开花落不长久	平平平入入?上	PPPZ??Z	平/平/平/入/平上入/平上去/上
7b58793384adb4eb35721f60d77b5229	陈叔宝	玉树后庭花	陳	7	7	落红满地归寂中	入平上去平入?	ZPZZPZ?	入/平/上/去/平/入/平去
7b5879338b029cfe6fc2b037097046ba	谢晦	悲人道	宋	5	0	长揖兮数子	?入平?上	?ZPZZ	平上去/入/平/上去入/上
7b5879338b029cfe6fc2b037097046ba	谢晦	悲人道	宋	5	1	谢尔兮明智	去上平平去	ZZPPZ	去/上/平/平/去
7b5879338b029cfe6fc2b037097046ba	谢晦	悲人道	宋	5	2	百龄兮浮促	入平平平入	ZPPPZ	入/平/平/平/入
7b5879338b029cfe6fc2b037097046ba	谢晦	悲人道	宋	5	3	终焉兮斟克	平平平平入	PPPPZ	平/平/平/平/入
7b5879338b029cfe6fc2b037097046ba	谢晦	悲人道	宋	5	4	卧尽兮斧斤	去上平上?	ZZPZ?	去/上/平/上/平去
7b5879338b029cfe6fc2b037097046ba	谢晦	悲人道	宋	5	5	理命兮同得	上去平?入	ZZP?Z	上/去/平/平去/入
7b5879338b0887787ce78d041774cb66	徐陵	关山月二首	陳	5	0	关山三五月	平平平上入	PP?ZZ	平/平/平去/上/入
7b5879338b0887787ce78d041774cb66	徐陵	关山月二首	陳	5	1	客子忆秦川	入上入平平	ZZZPP	入/上/入/平/平
7b5879338b0887787ce78d041774cb66	徐陵	关山月二首	陳	5	2	思妇高楼上	?上平平?	?ZPPZ	平去/上/平/平/上去
7b5879338b0887787ce78d041774cb66	徐陵	关山月二首	陳	5	3	当窗应未眠	???去平	???ZP	平去//平去/去/平
7b5879338b0887787ce78d041774cb66	徐陵	关山月二首	陳	5	4	星旗映疏勒	平平去?入	PPZ?Z	平/平/上去/平去/入
7b5879338b0887787ce78d041774cb66	徐陵	关山月二首	陳	5	5	云阵上祁连	平去??平	PZZ?P	平/去/上去/平上/平
7b5879338b0887787ce78d041774cb66	徐陵	关山月二首	陳	5	6	战气今如此	去去平平上	ZZP?Z	去/去/平/平去/上
7b5879338b0887787ce78d041774cb66	徐陵	关山月二首	陳	5	7	从军复几年	?平入?平	?PZ?P	平去/平/去入/平上去/平
7b5879338b0887787ce78d041774cb66	徐陵	关山月二首	陳	5	8	月出柳城东	入入上平平	ZZZPP	入/去入/上/平/平
7b5879338b0887787ce78d041774cb66	徐陵	关山月二首	陳	5	9	微云掩复通	平平上入平	PPZZP	平/平/上/去入/平
7b5879338b0887787ce78d041774cb66	徐陵	关山月二首	陳	5	10	苍茫萦白晕	?平平入去	?PPZZ	平上/平/平/入/去
7b5879338b0887787ce78d041774cb66	徐陵	关山月二首	陳	5	11	萧瑟带长风	平入去平平	PZZ??	平/入/去/平上去/平去
7b5879338b0887787ce78d041774cb66	徐陵	关山月二首	陳	5	12	羌兵烧上郡	平平??去	PP?ZZ	平/平/平去/上去/去
7b5879338b0887787ce78d041774cb66	徐陵	关山月二首	陳	5	13	胡骑猎云中	平?入平平	P?ZP?	平/平去/入/平/平去
7b5879338b0887787ce78d041774cb66	徐陵	关山月二首	陳	5	14	将军拥节起	?平上入上	?PZZZ	平去/平/上/入/上
7b5879338b0887787ce78d041774cb66	徐陵	关山月二首	陳	5	15	战士夜鸣弓	去上去平平	ZZZPP	去/上/去/平/平
7b5879338b0887783baa1c9712a43960	徐陵	洛阳道二首	陳	5	0	绿柳三春暗	入上平平去	ZZ?PZ	入/上/平去/平/去
7b5879338b0887783baa1c9712a43960	徐陵	洛阳道二首	陳	5	1	红尘百戏多	平平入?平	PPZ?P	平/平/入/平去/平
7b5879338b0887783baa1c9712a43960	徐陵	洛阳道二首	陳	5	2	东门向金马	平平?平上	PPZPZ	平/平/上去/平/上
7b5879338b0887783baa1c9712a43960	徐陵	洛阳道二首	陳	5	3	南陌接铜驼	平入入平平	PZZPP	平/入/入/平/平
7b5879338b0887783baa1c9712a43960	徐陵	洛阳道二首	陳	5	4	华轩翼葆吹	?平入上?	?PZZ?	平去/平/入/上/平去
7b5879338b0887783baa1c9712a43960	徐陵	洛阳道二首	陳	5	5	飞盖响鸣珂	平?上平平	PZZPP	平/去入/上/平/平
7b5879338b0887783baa1c9712a43960	徐陵	洛阳道二首	陳	5	6	潘郎车欲满	平平平入上	PPPZZ	平/平/平/入/上
7b5879338b0887783baa1c9712a43960	徐陵	洛阳道二首	陳	5	7	无奈掷花何	平去入平平	PZZP?	平/去/入/平/平上
7b5879338b0887783baa1c9712a43960	徐陵	洛阳道二首	陳	5	8	洛阳驰道上	入平平上?	ZPPZZ	入/平/平/上/上去
7b5879338b0887783baa1c9712a43960	徐陵	洛阳道二首	陳	5	9	春日起尘埃	平入上平平	PZZPP	平/入/上/平/平
7b5879338b0887783baa1c9712a43960	徐陵	洛阳道二首	陳	5	10	濯龙望如雾	?平?平去	ZP??Z	去入/平/平去/平去/去
7b5879338b0887783baa1c9712a43960	徐陵	洛阳道二首	陳	5	11	河桥渡似雷	平平去上平	PPZZP	平/平/去/上/平
7b5879338b0887783baa1c9712a43960	徐陵	洛阳道二首	陳	5	12	闻珂知马蹀	?平平上入	?PPZZ	平去/平/平/上/入
7b5879338b0887783baa1c9712a43960	徐陵	洛阳道二首	陳	5	13	傍幰见甍开	?上去平平	?ZZPP	平去/上/去/平/平
7b5879338b0887783baa1c9712a43960	徐陵	洛阳道二首	陳	5	14	相看不得语	平?入入?	???ZZ	平去/平去/平上入/入/上去
7b5879338b0887783baa1c9712a43960	徐陵	洛阳道二首	陳	5	15	密意眼中来	入去上?平	ZZZ?P	入/去/上/平去/平
7b5879338b08877844747983996b691b	徐陵	梅花落	陳	5	0	对户一株梅	去上入平平	ZZZPP	去/上/入/平/平
7b5879338b08877844747983996b691b	徐陵	梅花落	陳	5	1	新花落故栽	平平入去?	PPZZ?	平/平/入/去/平去
7b5879338b08877844747983996b691b	徐陵	梅花落	陳	5	2	燕拾还莲井	?入平?上	?ZP?Z	平去/入/平/平上/上
7b5879338b08877844747983996b691b	徐陵	梅花落	陳	5	3	风吹上镜台	平??去平	??ZZP	平去/平去/上去/去/平
7b5879338b08877844747983996b691b	徐陵	梅花落	陳	5	4	娼家怨思妾	?平??入	?P??Z	/平/平去/平去/入
7b5879338b08877844747983996b691b	徐陵	梅花落	陳	5	5	楼上独徘徊	平?入平平	PZZPP	平/上去/入/平/平
7b5879338b08877844747983996b691b	徐陵	梅花落	陳	5	6	啼看竹叶锦	平?入入上	P?ZZZ	平/平去/入/入/上
7b5879338b08877844747983996b691b	徐陵	梅花落	陳	5	7	簪罢未能裁	平?去??	P?Z??	平/平上/去/平上去/平去
7b5879338b088778dc62d2a0cae2318a	徐陵	侍宴诗	陳	5	0	园林才有热	平平?上入	PP?ZZ	平/平/平去/上/入
7b5879338b088778dc62d2a0cae2318a	徐陵	侍宴诗	陳	5	1	夏浅更胜春	????平	Z???P	上去/平上/平去/平去/平
7b5879338b088778dc62d2a0cae2318a	徐陵	侍宴诗	陳	5	2	嫩竹犹含粉	去入平平上	ZZ?PZ	去/入/平去/平/上
7b5879338b088778dc62d2a0cae2318a	徐陵	侍宴诗	陳	5	3	初荷未聚尘	平?去?平	P?ZZP	平/平上/去/上去/平
7b5879338b088778dc62d2a0cae2318a	徐陵	侍宴诗	陳	5	4	承恩豫下席	平平去?入	PPZZZ	平/平/去/上去/入
7b5879338b088778dc62d2a0cae2318a	徐陵	侍宴诗	陳	5	5	应阮独何人	??入平平	??Z?P	平去/平上/入/平上/平
7b58793395c859c460b9e37a9d7390c5	吴迈远	阳春歌	宋	5	0	百里望咸阳	入上?平平	ZZ?PP	入/上/平去/平/平
7b58793395c859c460b9e37a9d7390c5	吴迈远	阳春歌	宋	5	1	知是帝京域	平上去平入	PZZPZ	平/上/去/平/入
7b58793395c859c460b9e37a9d7390c5	吴迈远	阳春歌	宋	5	2	绿树摇云光	入??平平	ZZ?P?	入/上去/平去/平/平去
7b58793395c859c460b9e37a9d7390c5	吴迈远	阳春歌	宋	5	3	春城起风色	平平上平入	PPZ?Z	平/平/上/平去/入
7b58793395c859c460b9e37a9d7390c5	吴迈远	阳春歌	宋	5	4	佳人爱华景	平平去?上	PPZ?Z	平/平/去/平去/上
7b58793395c859c460b9e37a9d7390c5	吴迈远	阳春歌	宋	5	5	流靡园塘侧	平上平平入	PZPPZ	平/上/平/平/入
7b58793395c859c460b9e37a9d7390c5	吴迈远	阳春歌	宋	5	6	妍姿艳月映	平平去入去	PPZZZ	平/平/去/入/上去
7b58793395c859c460b9e37a9d7390c5	吴迈远	阳春歌	宋	5	7	罗衣飘蝉翼	平平平平入	P?PPZ	平/平去/平/平/入
7b58793395c859c460b9e37a9d7390c5	吴迈远	阳春歌	宋	5	8	巴人长叹息	平平?去入	PP??Z	平/平/平上去/平去/入
7b58793395c859c460b9e37a9d7390c5	吴迈远	阳春歌	宋	5	9	雅郑不同赏	上去入?上	ZZ??Z	上/去/平上入/平去/上
7b58793395c859c460b9e37a9d7390c5	吴迈远	阳春歌	宋	5	10	那令君怆恻	??平?入	??PZZ	平上去/平去/平/上去/入
7b58793395c859c460b9e37a9d7390c5	吴迈远	阳春歌	宋	5	11	生平重爱惠	平平?去去	?P?ZZ	平去/平/平上去/去/去
7b58793395c859c460b9e37a9d7390c5	吴迈远	阳春歌	宋	5	12	私自怜何极	平去平平入	PZP?Z	平/去/平/平上/入
7b58793395c859c457659484087fc470	吴迈远	长相思	宋	5	0	晨有行路客	平上?去入	PZ?ZZ	平/上/平去/去/入
7b58793395c859c457659484087fc470	吴迈远	长相思	宋	5	1	依依造门端	平平?平平	PPZPP	平/平/上去/平/平
7b58793395c859c457659484087fc470	吴迈远	长相思	宋	5	2	人马风尘色	平上平平入	PZ?PZ	平/上/平去/平/入
7b58793395c859c457659484087fc470	吴迈远	长相思	宋	5	3	知从河塞还	平?平?平	P?PZP	平/平去/平/去入/平
7b58793395c859c457659484087fc470	吴迈远	长相思	宋	5	4	时我有同栖	平上上??	PZZ??	平/上/上/平去/平去
7b58793395c859c457659484087fc470	吴迈远	长相思	宋	5	5	结宦游邯郸	入去平平平	ZZPPP	入/去/平/平/平
7b58793395c859c457659484087fc470	吴迈远	长相思	宋	5	6	将不异客子	?入去入上	???ZZ	平去/平上入/平去/入/上
7b58793395c859c457659484087fc470	吴迈远	长相思	宋	5	7	分饥复共寒	?平入?平	?PZ?P	平去/平/去入/平去/平
7b58793395c859c457659484087fc470	吴迈远	长相思	宋	5	8	烦君尺帛书	平平入入平	PPZZP	平/平/入/入/平
7b58793395c859c457659484087fc470	吴迈远	长相思	宋	5	9	寸心从此殚	去平?上平	ZP?ZP	去/平/平去/上/平
7b58793395c859c457659484087fc470	吴迈远	长相思	宋	5	10	遣妾长憔悴	?入?平去	ZZ?PZ	上去/入/平上去/平/去
7b58793395c859c457659484087fc470	吴迈远	长相思	宋	5	11	岂复歌笑颜	上入平去平	ZZPZP	上/去入/平/去/平
7b58793395c859c457659484087fc470	吴迈远	长相思	宋	5	12	檐隐千霜树	平上平平?	PZPPZ	平/上去/平/平/上去
7b58793395c859c457659484087fc470	吴迈远	长相思	宋	5	13	庭枯十载兰	平平入?平	PPZZP	平/平/入/上去/平
7b58793395c859c457659484087fc470	吴迈远	长相思	宋	5	14	经春不举袖	?平入上去	?P?ZZ	平去/平/平上入/上/去
7b58793395c859c457659484087fc470	吴迈远	长相思	宋	5	15	秋落宁复看	平入?入?	PZ?Z?	平/入/平上去/去入/平去
7b58793395c859c457659484087fc470	吴迈远	长相思	宋	5	16	一见愿道意	入去去上去	ZZZZZ	入/去/去/上/去
7b58793395c859c457659484087fc470	吴迈远	长相思	宋	5	17	君门已九关	平平上上平	PPZZP	平/平/上去/上/平
7b58793395c859c457659484087fc470	吴迈远	长相思	宋	5	18	虞卿弃相印	平平去?去	PPZ?Z	平/平/去/平去/去
7b58793395c859c457659484087fc470	吴迈远	长相思	宋	5	19	担簦为同欢	?平?平平	?P??P	平上去/平/平去/平去/平
7b58793395c859c457659484087fc470	吴迈远	长相思	宋	5	20	闺阴欲早霜	平平入上平	PPZZP	平/平/入/上/平
7b58793395c859c457659484087fc470	吴迈远	长相思	宋	5	21	何事空盘桓	平去?平平	?Z?PP	平上/去/平去/平/平
7b5879339a2e60bb38bf272dd7172957	汤惠休	江南思	宋	5	0	幽客海阴路	平入上平去	PZZPZ	平/入/上/平/去
7b5879339a2e60bb38bf272dd7172957	汤惠休	江南思	宋	5	1	留戍淮阳津	?去平平平	?ZPPP	平去/去/平/平/平
7b5879339a2e60bb38bf272dd7172957	汤惠休	江南思	宋	5	2	垂情向春草	平平?平上	PPZPZ	平/平/上去/平/上
7b5879339a2e60bb38bf272dd7172957	汤惠休	江南思	宋	5	3	知是故乡人	平上去平平	PZZPP	平/上/去/平/平
7b5879339a2e60bb879770958ddd70bc	汤惠休	怨诗行	宋	5	0	明月照高楼	平入去平平	PZZPP	平/入/去/平/平
7b5879339a2e60bb879770958ddd70bc	汤惠休	怨诗行	宋	5	1	含君千里光	平平平上平	PPPZ?	平/平/平/上/平去
7b5879339a2e60bb879770958ddd70bc	汤惠休	怨诗行	宋	5	2	巷中情思满	去?平?上	Z?P?Z	去/平去/平/平去/上
7b5879339a2e60bb879770958ddd70bc	汤惠休	怨诗行	宋	5	3	断绝孤妾肠	?入平入平	ZZPZP	上去/入/平/入/平
7b5879339a2e60bb879770958ddd70bc	汤惠休	怨诗行	宋	5	4	悲风荡帷帐	平平?平去	P??PZ	平/平去/平上去/平/去
7b5879339a2e60bb879770958ddd70bc	汤惠休	怨诗行	宋	5	5	瑶翠坐自伤	平去上去平	PZZZ?	平/去/上去/去/平去
7b5879339a2e60bb879770958ddd70bc	汤惠休	怨诗行	宋	5	6	妾心依天末	入平平平入	ZPPPZ	入/平/平/平/入
7b5879339a2e60bb879770958ddd70bc	汤惠休	怨诗行	宋	5	7	思与浮云长	??平平?	??PP?	平去/平上去/平/平/平上去
7b5879339a2e60bb879770958ddd70bc	汤惠休	怨诗行	宋	5	8	啸歌视秋草	去平?平上	ZPZPZ	去/平/上去/平/上
7b5879339a2e60bb879770958ddd70bc	汤惠休	怨诗行	宋	5	9	幽叶岂再扬	平入上去平	PZZZP	平/入/上/去/平
7b5879339a2e60bb879770958ddd70bc	汤惠休	怨诗行	宋	5	10	暮兰不待岁	去平入上去	ZP?ZZ	去/平/平上入/上/去
7b5879339a2e60bb879770958ddd70bc	汤惠休	怨诗行	宋	5	11	离华能几芳	????平	????P	平去/平去/平上去/平上去/平
7b5879339a2e60bb879770958ddd70bc	汤惠休	怨诗行	宋	5	12	愿作张女引	去入?上?	ZZ?ZZ	去/去入/平去/上去/上去
7b5879339a2e60bb879770958ddd70bc	汤惠休	怨诗行	宋	5	13	流悲绕君堂	平平?平平	PPZPP	平/平/上去/平/平
7b5879339a2e60bb879770958ddd70bc	汤惠休	怨诗行	宋	5	14	君堂严且秘	平平平?去	PPP?Z	平/平/平/平上/去
7b5879339a2e60bb879770958ddd70bc	汤惠休	怨诗行	宋	5	15	绝调徒飞扬	入?平平平	Z?PPP	入/平去/平/平/平
7b5879339a2e60bbf52faf16ccd2591a	汤惠休	杨花曲三首	宋	5	0	葳蕤华结情	平平?入平	PP?ZP	平/平/平去/入/平
7b5879339a2e60bbf52faf16ccd2591a	汤惠休	杨花曲三首	宋	5	1	宛转风含思	??平平?	?Z?P?	平上/上去/平去/平/平去
7b5879339a2e60bbf52faf16ccd2591a	汤惠休	杨花曲三首	宋	5	2	掩涕守春心	上??平平	ZZZPP	上/上去/上去/平/平
7b5879339a2e60bbf52faf16ccd2591a	汤惠休	杨花曲三首	宋	5	3	折兰还自遗	?平平去?	?PPZ?	平入/平/平/去/平去
7b5879339a2e60bbf52faf16ccd2591a	汤惠休	杨花曲三首	宋	5	4	江南相思引	平平平平?	PP??Z	平/平/平去/平去/上去
7b5879339a2e60bbf52faf16ccd2591a	汤惠休	杨花曲三首	宋	5	5	多叹不成音	平去入平平	P??PP	平/平去/平上入/平/平
7b5879339a2e60bbf52faf16ccd2591a	汤惠休	杨花曲三首	宋	5	6	黄鹤西北去	平入平入?	PZPZZ	平/入/平/入/上去
7b5879339a2e60bbf52faf16ccd2591a	汤惠休	杨花曲三首	宋	5	7	衔我千里心	平上平上平	PZPZP	平/上/平/上/平
7b5879339a2e60bbf52faf16ccd2591a	汤惠休	杨花曲三首	宋	5	8	深堤下生草	平??平上	??Z?Z	平去/平上/上去/平去/上
7b5879339a2e60bbf52faf16ccd2591a	汤惠休	杨花曲三首	宋	5	9	高城上入云	平平?入平	PPZZP	平/平/上去/入/平
7b5879339a2e60bbf52faf16ccd2591a	汤惠休	杨花曲三首	宋	5	10	春人心生思	平平平平?	PPP??	平/平/平/平去/平去
7b5879339a2e60bbf52faf16ccd2591a	汤惠休	杨花曲三首	宋	5	11	思心长为君	?平??平	?P??P	平去/平/平上去/平去/平
7b5879339a2e60bbfc988f50e722174e	汤惠休	白纻歌三首 	宋	7	0	琴瑟未调心已悲	平入去?平上平	PZZ?PZP	平/入/去/平去/平/上去/平
7b5879339a2e60bbfc988f50e722174e	汤惠休	白纻歌三首 	宋	7	1	任罗胜绮强自持	?平?上平去平	?P?ZPZP	平去/平/平去/上/平/去/平
7b5879339a2e60bbfc988f50e722174e	汤惠休	白纻歌三首 	宋	7	2	忍思一舞望所思	上?入上?上?	Z?ZZ?Z?	上/平去/入/上/平去/上/平去
7b5879339a2e60bbfc988f50e722174e	汤惠休	白纻歌三首 	宋	7	3	将转未转恒如疑	??去?平平平	?ZZZP?P	平去/上去/去/上去/平/平去/平
7b5879339a2e60bbfc988f50e722174e	汤惠休	白纻歌三首 	宋	7	4	桃花水上春风出	平平上?平平入	PPZZP?Z	平/平/上/上去/平/平去/去入
7b5879339a2e60bbfc988f50e722174e	汤惠休	白纻歌三首 	宋	7	5	舞袖逶迤鸾照日	上去平?平去入	ZZP?PZZ	上/去/平//平/去/入
7b5879339a2e60bbfc988f50e722174e	汤惠休	白纻歌三首 	宋	7	6	徘徊鹤转情艳逸	平平入?平去入	PPZZPZZ	平/平/入/上去/平/去/入
7b5879339a2e60bbfc988f50e722174e	汤惠休	白纻歌三首 	宋	7	7	君为迎歌心如一	平??平平平入	P??PP?Z	平/平去/平去/平/平/平去/入
7b5879339a2e60bbfc988f50e722174e	汤惠休	白纻歌三首 	宋	7	8	少年窈窕舞君前	?平上上上平平	ZPZZZPP	上去/平/上/上/上/平/平
7b5879339a2e60bbfc988f50e722174e	汤惠休	白纻歌三首 	宋	7	9	容华艳艳将欲然	平?去去?入平	P?ZZ?ZP	平/平去/去/去/平去/入/平
7b5879339a2e60bbfc988f50e722174e	汤惠休	白纻歌三首 	宋	7	10	为君娇凝复迁延	?平??入平?	?P??ZP?	平去/平/平上/平去/去入/平/平去
7b5879339a2e60bbfc988f50e722174e	汤惠休	白纻歌三首 	宋	7	11	流目送笑不敢言	平入去去入上平	PZZZ?ZP	平/入/去/去/平上入/上/平
7b5879339a2e60bbfc988f50e722174e	汤惠休	白纻歌三首 	宋	7	12	长袖拂面心自煎	?去入去平去?	?ZZZPZ?	平上去/去/入/去/平/去/平去
7b5879339a2e60bbfc988f50e722174e	汤惠休	白纻歌三首 	宋	7	13	愿君流光及盛年	去平平平入?平	ZPP?Z?P	去/平/平/平去/入/平去/平
7b5879339a2e60bbfc988f50e722174e	汤惠休	白纻歌三首 	宋	7	14	秋风袅袅入曲房	平平上上入入平	P?ZZZZP	平/平去/上/上/入/入/平
7b5879339a2e60bbfc988f50e722174e	汤惠休	白纻歌三首 	宋	7	15	罗帐含月思心伤	平去平入?平平	PZPZ?P?	平/去/平/入/平去/平/平去
7b5879339a2e60bbfc988f50e722174e	汤惠休	白纻歌三首 	宋	7	16	蟋蟀夜鸣断人肠	入入去平?平平	ZZZPZPP	入/入/去/平/上去/平/平
7b5879339a2e60bbfc988f50e722174e	汤惠休	白纻歌三首 	宋	7	17	长夜思君心飞扬	平去?平平平平	?Z?PPPP	平上去/去/平去/平/平/平/平
7b5879339a2e60bbfc988f50e722174e	汤惠休	白纻歌三首 	宋	7	18	他人相思君相忘	平平平平平?去	PP??P?Z	平/平/平去/平去/平/平去/去
7b5879339a2e60bbfc988f50e722174e	汤惠休	白纻歌三首 	宋	7	19	锦衾瑶席为谁芳	上平平入?平平	ZPPZ?PP	上/平/平/入/平去/平/平
7b5879339a2e60bb21bf7bade73a8cd8	汤惠休	秋思引	宋	7	0	秋寒依依风过河	平平平平平?平	PPPP??P	平/平/平/平/平去/平去/平
7b5879339a2e60bb21bf7bade73a8cd8	汤惠休	秋思引	宋	7	1	白露萧萧洞庭波	入去平平?平平	ZZPP?PP	入/去/平/平/平去/平/平
7b5879339a2e60bb21bf7bade73a8cd8	汤惠休	秋思引	宋	7	2	思君末光光已灭	?平入平平上入	?PZ??ZZ	平去/平/入/平去/平去/上去/入
7b5879339a2e60bb21bf7bade73a8cd8	汤惠休	秋思引	宋	7	3	眇眇悲望如思何	上上平?平?平	ZZP????	上/上/平/平去/平去/平去/平上
7b5879339a2e60bb6aa6c15e8dbe7c14	汤惠休	赠鲍侍郎诗	宋	5	0	玳枝兮金英	?平平平平	?PPPP	/平/平/平/平
7b5879339a2e60bb6aa6c15e8dbe7c14	汤惠休	赠鲍侍郎诗	宋	5	1	绿叶兮金茎	入入平平平	ZZPPP	入/入/平/平/平
7b5879339a2e60bb6aa6c15e8dbe7c14	汤惠休	赠鲍侍郎诗	宋	5	2	不和君王杯	入?平平平	??P?P	平上入/平去/平/平去/平
7b5879339a2e60bb6aa6c15e8dbe7c14	汤惠休	赠鲍侍郎诗	宋	5	3	低彩还自荣	平上平去平	PZPZP	平/上/平/去/平
7b5879339a2e60bb6aa6c15e8dbe7c14	汤惠休	赠鲍侍郎诗	宋	5	4	想君不相艳	上平入?去	ZP??Z	上/平/平上入/平去/去
7b5879339a2e60bb6aa6c15e8dbe7c14	汤惠休	赠鲍侍郎诗	宋	5	5	酒上视尘生	上??平平	ZZZP?	上/上去/上去/平/平去
7b5879339a2e60bb6aa6c15e8dbe7c14	汤惠休	赠鲍侍郎诗	宋	5	6	当令芳意重	??平去?	??PZ?	平去/平去/平/去/平上去
7b5879339a2e60bb6aa6c15e8dbe7c14	汤惠休	赠鲍侍郎诗	宋	5	7	无使盛年倾	平??平平	PZ?PP	平/上去/平去/平/平
7b5879339a2e60bb4181d9e56db8bfc3	汤惠休	楚明妃曲	宋	5	0	当年为君荣	?平?平平	?P?PP	平去/平/平去/平/平
7b5879339ae5f86f086e41d954997e79	王僧孺	咏捣衣诗	齊	5	0	足伤金管遽	入平平上去	Z?PZZ	去入/平去/平/上/去
7b5879339ae5f86f086e41d954997e79	王僧孺	咏捣衣诗	齊	5	1	多怆缇光促	平??平入	PZ??Z	平/上去/平上/平去/入
7b5879339ae5f86f086e41d954997e79	王僧孺	咏捣衣诗	齊	5	2	露团池上紫	去平平?上	ZPPZZ	去/平/平/上去/上
7b5879339ae5f86f086e41d954997e79	王僧孺	咏捣衣诗	齊	5	3	风飘庭里绿	平平平上入	?PPZZ	平去/平/平/上/入
7b5879339ae5f86f086e41d954997e79	王僧孺	咏捣衣诗	齊	5	4	下机骛西眺	??去平去	Z?ZPZ	上去/平上/去/平/去
7b5879339ae5f86f086e41d954997e79	王僧孺	咏捣衣诗	齊	5	5	鸣砧遽东旭	平平去平入	PPZPZ	平/平/去/平/入
7b5879339ae5f86f086e41d954997e79	王僧孺	咏捣衣诗	齊	5	6	芳汗似兰汤	平?上平?	P?ZP?	平/平去/上/平/平去
7b5879339ae5f86f086e41d954997e79	王僧孺	咏捣衣诗	齊	5	7	雕金辟龙烛	平平入平入	PPZPZ	平/平/入/平/入
7b5879339ae5f86f086e41d954997e79	王僧孺	咏捣衣诗	齊	5	8	散度广陵音	??上平平	ZZZPP	上去/去入/上/平/平
7b5879339ae5f86f086e41d954997e79	王僧孺	咏捣衣诗	齊	5	9	掺写渔阳曲	?上平平入	?ZPPZ	平上/上/平/平/入
7b5879339ae5f86f086e41d954997e79	王僧孺	咏捣衣诗	齊	5	10	别鹤悲不已	入入平入上	ZZP?Z	去入/入/平/平上入/上去
7b5879339ae5f86f086e41d954997e79	王僧孺	咏捣衣诗	齊	5	11	离鸾断还续	?平?平入	?PZPZ	平去/平/上去/平/入
7b5879339ae5f86f086e41d954997e79	王僧孺	咏捣衣诗	齊	5	12	尺素在鱼肠	入去?平平	ZZZPP	入/去/上去/平/平
7b5879339ae5f86f086e41d954997e79	王僧孺	咏捣衣诗	齊	5	13	寸心凭雁足	去平?去入	ZP?ZZ	去/平/平去/去/去入
7b587933a4905803ca6084315874aba5	江总	芳树	陳	7	0	朝霞映日殊未妍	平平去入平去平	PPZZPZP	平/平/上去/入/平/去/平
7b587933a4905803ca6084315874aba5	江总	芳树	陳	7	1	珊瑚照水定非鲜	平平去上去平?	PPZZZP?	平/平/去/上/去/平/平上去
7b587933a4905803ca6084315874aba5	江总	芳树	陳	7	2	千叶芙蓉讵相似	平入平平??上	PZPPZ?Z	平/入/平/平/上去/平去/上
7b587933a4905803ca6084315874aba5	江总	芳树	陳	7	3	百枝灯花复羞然	入平平平入平平	ZPPPZPP	入/平/平/平/去入/平/平
7b587933a4905803ca6084315874aba5	江总	芳树	陳	7	4	暂欲寄根对沧海	去入去平去平上	ZZZPZPZ	去/入/去/平/去/平/上
7b587933a4905803ca6084315874aba5	江总	芳树	陳	7	5	大愿移华侧绮钱	去去平?入上?	ZZP?ZZ?	去/去/平/平去/入/上/平上
7b587933a4905803ca6084315874aba5	江总	芳树	陳	7	6	井上桃虫谁可杂	上?平?平上入	ZZP?PZZ	上/上去/平/平上去/平/上/入
7b587933a4905803ca6084315874aba5	江总	芳树	陳	7	7	庭中桂蠹岂见怜	平平去去上去平	P?ZZZZP	平/平去/去/去/上/去/平
7b587933a4905803602c705683edbf02	江总	宛转歌	陳	7	0	七夕天河白露明	入入平平入去平	ZZPPZZP	入/入/平/平/入/去/平
7b587933a4905803602c705683edbf02	江总	宛转歌	陳	7	1	八月涛水秋风惊	入入平上平平平	ZZPZP?P	入/入/平/上/平/平去/平
7b587933a4905803602c705683edbf02	江总	宛转歌	陳	7	2	楼中恒闻哀响曲	平?平?平上入	P?P?PZZ	平/平去/平/平去/平/上/入
7b587933a4905803602c705683edbf02	江总	宛转歌	陳	7	3	塘上复有辛苦行	平?入上平上?	PZZZPZ?	平/上去/去入/上/平/上去/平去
7b587933a4905803602c705683edbf02	江总	宛转歌	陳	7	4	不解何意悲秋气	入?平去平平去	?Z?ZPPZ	平上入/上去/平上/去/平/平/去
7b587933a4905803602c705683edbf02	江总	宛转歌	陳	7	5	直置无秋悲自生	入去平平平去平	ZZPPPZ?	入/去/平/平/平/去/平去
7b587933a4905803602c705683edbf02	江总	宛转歌	陳	7	6	不怨前阶促织鸣	入?平平入?平	??PPZZP	平上入/平去/平/平/入/去入/平
7b587933a4905803602c705683edbf02	江总	宛转歌	陳	7	7	偏愁别路捣衣声	?平入去??平	?PZZ??P	平去/平/去入/去//平去/平
7b587933a4905803602c705683edbf02	江总	宛转歌	陳	7	8	别燕差池自有返	入??平去上上	Z??PZZZ	去入/平去/平去/平/去/上/上
7b587933a4905803602c705683edbf02	江总	宛转歌	陳	7	9	离蝉寂寞讵含情	?平入入?平平	?PZZZPP	平去/平/入/入/上去/平/平
7b587933a4905803602c705683edbf02	江总	宛转歌	陳	7	10	云聚怀情四望台	平?平平去?平	PZPPZ?P	平/上去/平/平/去/平去/平
7b587933a4905803602c705683edbf02	江总	宛转歌	陳	7	11	月冷相思九重观	入?平平上??	Z???Z??	入/平上/平去/平去/上/平上去/平去
7b587933a4905803602c705683edbf02	江总	宛转歌	陳	7	12	欲题芍药诗不成	入??入平入平	Z?ZZP?P	入/平去/上入/入/平/平上入/平
7b587933a4905803602c705683edbf02	江总	宛转歌	陳	7	13	来采芙蓉花已散	平上平平平上?	PZPPPZZ	平/上/平/平/平/上去/上去
7b587933a4905803602c705683edbf02	江总	宛转歌	陳	7	14	金樽送曲韩娥起	平平去入?平上	PPZZ?PZ	平/平/去/入//平/上
7b587933a4905803602c705683edbf02	江总	宛转歌	陳	7	15	玉柱调弦楚妃叹	入上?平上?去	ZZ??Z??	入/上/平去/平去/上去/平去/平去
7b587933a4905803602c705683edbf02	江总	宛转歌	陳	7	16	翠眉结恨不复开	去平入去入入平	ZPZZ?ZP	去/平/入/去/平上入/去入/平
7b587933a4905803602c705683edbf02	江总	宛转歌	陳	7	17	宝鬓迎秋度前乱	上去?平?平去	ZZ?PZPZ	上/去/平去/平/去入/平/去
7b587933a4905803602c705683edbf02	江总	宛转歌	陳	7	18	湘妃拭泪洒贞筠	平?入去?平平	P?ZZZPP	平/平去/入/去/上去/平/平
7b587933a4905803602c705683edbf02	江总	宛转歌	陳	7	19	筴药浣衣何处人	入入上?平?平	ZZZ??ZP	入/入/上/平去/平上/上去/平
7b587933a4905803602c705683edbf02	江总	宛转歌	陳	7	20	步步香飞金薄履	去去平平平入上	ZZPPPZZ	去/去/平/平/平/入/上
7b587933a4905803602c705683edbf02	江总	宛转歌	陳	7	21	盈盈扇掩珊瑚唇	平平?上平平平	PP?ZPPP	平/平/平去/上/平/平/平
7b587933a4905803602c705683edbf02	江总	宛转歌	陳	7	22	已言采桑期陌上	上平上平平入?	ZPZPPZZ	上去/平/上/平/平/入/上去
7b587933a4905803602c705683edbf02	江总	宛转歌	陳	7	23	复能解佩就江滨	入??去去平平	Z?ZZZPP	去入/平上去/上去/去/去/平/平
7b587933a4905803602c705683edbf02	江总	宛转歌	陳	7	24	竞入华堂要花枕	去入?平?平?	ZZ?P?P?	去/入/平去/平/平去/平/平上去
7b587933a4905803602c705683edbf02	江总	宛转歌	陳	7	25	争开羽帐奉华茵	平平上去上?平	PPZZZ?P	平/平/上去/去/上/平去/平
7b587933a4905803602c705683edbf02	江总	宛转歌	陳	7	26	不惜独眠前下钓	入入入平平?去	?ZZPPZZ	平上入/入/入/平/平/上去/去
7b587933a4905803602c705683edbf02	江总	宛转歌	陳	7	27	欲许便作后来薪	入上?入?平平	ZZ?ZZPP	入/上/平去/去入/上去/平/平
7b587933a4905803602c705683edbf02	江总	宛转歌	陳	7	28	后来瞑瞑同玉床	?平???入平	ZP???ZP	上去/平/平去/平去/平去/入/平
7b587933a4905803602c705683edbf02	江总	宛转歌	陳	7	29	可怜颜色无比方	上平平入平?平	ZPPZP?P	上/平/平/入/平/平上去入/平
7b587933a4905803602c705683edbf02	江总	宛转歌	陳	7	30	谁能巧笑特窥井	平??去入平上	P?ZZZPZ	平/平上去/上去/去/入/平/上
7b587933a4905803602c705683edbf02	江总	宛转歌	陳	7	31	乍取新声学绕梁	去上平平入?平	ZZPPZZP	去/上/平/平/入/上去/平
7b587933a4905803602c705683edbf02	江总	宛转歌	陳	7	32	宿处留娇堕黄珥	?????平去	ZZ???PZ	去入/上去/平去/平上/平上/平/去
7b587933a4905803602c705683edbf02	江总	宛转歌	陳	7	33	镜前含笑弄明珰	去平平去去平平	ZPPZZPP	去/平/平/去/去/平/平
7b587933a4905803602c705683edbf02	江总	宛转歌	陳	7	34	菤葹摘心心不尽	上平入平平入上	ZPZPP?Z	上/平/入/平/平/平上入/上
7b587933a4905803602c705683edbf02	江总	宛转歌	陳	7	35	茱萸折叶叶更芳	平平?入入?平	PP?ZZ?P	平/平/平入/入/入/平去/平
7b587933a4905803602c705683edbf02	江总	宛转歌	陳	7	36	已闻能歌洞箫赋	上??平?平去	Z??P?PZ	上去/平去/平上去/平/平去/平/去
7b587933a4905803602c705683edbf02	江总	宛转歌	陳	7	37	讵是故爱邯郸倡	?上去去平平?	ZZZZPP?	上去/上/去/去/平/平/平去
7b587933a49058034474798395625514	江总	梅花落	陳	7	0	腊月正月早惊春	入入?入上平平	ZZ?ZZPP	入/入/平去/入/上/平/平
7b587933a49058034474798395625514	江总	梅花落	陳	7	1	众花未发梅花新	?平去入平平平	?PZZPPP	/平/去/入/平/平/平
7b587933a49058034474798395625514	江总	梅花落	陳	7	2	可怜芬芳临玉台	上平平平?入平	ZPPP?ZP	上/平/平/平/平去/入/平
7b587933a49058034474798395625514	江总	梅花落	陳	7	3	朝攀晚折还复开	平平上?平入平	PPZ?PZP	平/平/上/平入/平/去入/平
7b587933a49058034474798395625514	江总	梅花落	陳	7	4	长安少年多轻薄	平平?平平?入	?PZPP?Z	平上去/平/上去/平/平/平去/入
7b587933a49058034474798395625514	江总	梅花落	陳	7	5	两两共唱梅花落	上上?去平平入	ZZ?ZPPZ	上去/上去/平去/去/平/平/入
7b587933a49058034474798395625514	江总	梅花落	陳	7	6	满酌金巵催玉柱	上入平平平入上	ZZPPPZZ	上/入/平/平/平/入/上
7b587933a49058034474798395625514	江总	梅花落	陳	7	7	落梅树下宜歌舞	入平??平平上	ZPZZPPZ	入/平/上去/上去/平/平/上
7b587933a49058034474798395625514	江总	梅花落	陳	7	8	金谷万株连绮甍	平入去平平上平	PZZPPZP	平/入/去入/平/平/上/平
7b587933a49058034474798395625514	江总	梅花落	陳	7	9	梅花密处藏娇莺	平平入???平	PPZZ??P	平/平/入/上去/平去/平上/平
7b587933a49058034474798395625514	江总	梅花落	陳	7	10	桃李佳人欲相照	平上平平入?去	PZPPZ?Z	平/上/平/平/入/平去/去
7b587933a49058034474798395625514	江总	梅花落	陳	7	11	摘叶牵花来并笑	入入?平平?去	ZZ?PP?Z	入/入/平去/平/平/平上去/去
7b587933a49058034474798395625514	江总	梅花落	陳	7	12	杨柳条青楼上轻	平上平平平??	PZPPPZ?	平/上/平/平/平/上去/平去
7b587933a49058034474798395625514	江总	梅花落	陳	7	13	梅花色白雪中明	平平入入入?平	PPZZZ?P	平/平/入/入/入/平去/平
7b587933a49058034474798395625514	江总	梅花落	陳	7	14	横笛短箫凄复切	?入上平平入?	?ZZPPZZ	平去/入/上/平/平/去入/去入
7b587933a49058034474798395625514	江总	梅花落	陳	7	15	谁知柏梁声不绝	平平入平平入入	PPZPP?Z	平/平/入/平/平/平上入/入
7b587933a490580374dec5adf25ff798	江总	梅花落二首	陳	5	0	缥色动风香	上入上平平	ZZZ?P	上/入/上/平去/平
7b587933a490580374dec5adf25ff798	江总	梅花落二首	陳	5	1	罗生枝已长	平平平上?	P?PZ?	平/平去/平/上去/平上去
7b587933a490580374dec5adf25ff798	江总	梅花落二首	陳	5	2	妖姬坠马髻	平平去上去	PPZZZ	平/平/去/上/去
7b587933a490580374dec5adf25ff798	江总	梅花落二首	陳	5	3	未插江南珰	去入平平平	ZZPPP	去/入/平/平/平
7b587933a490580374dec5adf25ff798	江总	梅花落二首	陳	5	4	转袖花纷落	?去平平入	ZZPPZ	上去/去/平/平/入
7b587933a490580374dec5adf25ff798	江总	梅花落二首	陳	5	5	春衣共有芳	平??上平	P??ZP	平/平去/平去/上/平
7b587933a490580374dec5adf25ff798	江总	梅花落二首	陳	5	6	羞作秋胡妇	平入平平上	PZPPZ	平/去入/平/平/上
7b587933a490580374dec5adf25ff798	江总	梅花落二首	陳	5	7	独采城南桑	入上平平平	ZZPPP	入/上/平/平/平
7b587933a490580374dec5adf25ff798	江总	梅花落二首	陳	5	8	胡地少春来	平去?平平	PZZPP	平/去/上去/平/平
7b587933a490580374dec5adf25ff798	江总	梅花落二首	陳	5	9	三年惊落梅	平平平入平	?PPZP	平去/平/平/入/平
7b587933a490580374dec5adf25ff798	江总	梅花落二首	陳	5	10	偏疑粉蝶散	?平上入?	?PZZZ	平去/平/上/入/上去
7b587933a490580374dec5adf25ff798	江总	梅花落二首	陳	5	11	乍似雪花开	去上入平平	ZZZPP	去/上/入/平/平
7b587933a490580374dec5adf25ff798	江总	梅花落二首	陳	5	12	可怜香气歇	上平平去入	ZPPZZ	上/平/平/去/入
7b587933a490580374dec5adf25ff798	江总	梅花落二首	陳	5	13	可惜风相摧	上入平?平	ZZ??P	上/入/平去/平去/平
7b587933a490580374dec5adf25ff798	江总	梅花落二首	陳	5	14	金铙且莫韵	平平?入去	PP?ZZ	平/平/平上/入/去
7b587933a490580374dec5adf25ff798	江总	梅花落二首	陳	5	15	玉笛幸徘徊	入入上平平	ZZZPP	入/入/上/平/平
7b587933a4905803d5a3293eca3303ca	江总	三善殿夜望山灯诗	陳	5	0	百花疑吐夜	入平平?去	ZPPZZ	入/平/平/上去/去
7b587933a4905803d5a3293eca3303ca	江总	三善殿夜望山灯诗	陳	5	1	四照似含春	去去上平平	ZZZPP	去/去/上/平/平
7b587933a4905803d5a3293eca3303ca	江总	三善殿夜望山灯诗	陳	5	2	的的连星出	入入平平入	ZZPPZ	入/入/平/平/去入
7b587933a4905803d5a3293eca3303ca	江总	三善殿夜望山灯诗	陳	5	3	亭亭向月新	平平?入平	PPZZP	平/平/上去/入/平
7b587933a4905803d5a3293eca3303ca	江总	三善殿夜望山灯诗	陳	5	4	采珠非合浦	上平平入上	ZPPZZ	上/平/平/入/上
7b587933a4905803d5a3293eca3303ca	江总	三善殿夜望山灯诗	陳	5	5	赠佩异江滨	去去去平平	ZZ?PP	去/去/平去/平/平
7b587933a4905803d5a3293eca3303ca	江总	三善殿夜望山灯诗	陳	5	6	若任扶桑路	??平平去	??PPZ	平上入/平去/平/平/去
7b587933a4905803d5a3293eca3303ca	江总	三善殿夜望山灯诗	陳	5	7	堪言并日轮	平平?入平	PP?ZP	平/平/平上去/入/平
7b587933a490580394149db78bb67abc	江总	怨诗二首 	陳	7	0	采桑归路河流深	上平平去平平平	ZPPZPP?	上/平/平/去/平/平/平去
7b587933a490580394149db78bb67abc	江总	怨诗二首 	陳	7	1	忆昔相期柏树林	入入?平入?平	ZZ?PZZP	入/入/平去/平/入/上去/平
7b587933a490580394149db78bb67abc	江总	怨诗二首 	陳	7	2	奈许新缣伤妾意	去上平平平入去	ZZPP?ZZ	去/上/平/平/平去/入/去
7b587933a490580394149db78bb67abc	江总	怨诗二首 	陳	7	3	无由故剑动君心	平平去?上平平	PPZ?ZPP	平/平/去//上/平/平
7b587933a490580394149db78bb67abc	江总	怨诗二首 	陳	7	4	新梅嫩柳未障羞	平平去上去?平	PPZZZ?P	平/平/去/上/去/平去/平
7b587933a490580394149db78bb67abc	江总	怨诗二首 	陳	7	5	情去恩移那可留	平?平平?上?	PZPP?Z?	平/上去/平/平/平上去/上/平去
7b587933a490580394149db78bb67abc	江总	怨诗二首 	陳	7	6	团扇箧中言不分	平?入?平入?	P?Z?P??	平/平去/入/平去/平/平上入/平去
7b587933a490580394149db78bb67abc	江总	怨诗二首 	陳	7	7	纤腰掌上讵胜愁	平平上???平	PPZZZ?P	平/平/上/上去/上去/平去/平
7b587933a4905803c4deeebc4fd666c7	江总	于长安归还扬州九月九日行薇山亭赋韵诗	陳	5	0	心逐南云逝	平入平平去	PZPPZ	平/入/平/平/去
7b587933a4905803c4deeebc4fd666c7	江总	于长安归还扬州九月九日行薇山亭赋韵诗	陳	5	1	形随北雁来	平平入去平	PPZZP	平/平/入/去/平
7b587933a4905803c4deeebc4fd666c7	江总	于长安归还扬州九月九日行薇山亭赋韵诗	陳	5	2	故乡篱下菊	去平平?入	ZPPZZ	去/平/平/上去/入
7b587933a4905803c4deeebc4fd666c7	江总	于长安归还扬州九月九日行薇山亭赋韵诗	陳	5	3	今日几花开	平入?平平	PZ?PP	平/入/平上去/平/平
7b587933a5086f0ac88bbd85e715887b	吴孜	春闺怨	未定	5	0	玉关信使断	入平去??	ZPZZZ	入/平/去/上去/上去
7b587933a5086f0ac88bbd85e715887b	吴孜	春闺怨	未定	5	1	借问不相谙	?去入?平	ZZ??P	去入/去/平上入/平去/平
7b587933a5086f0ac88bbd85e715887b	吴孜	春闺怨	未定	5	2	春光太无意	平平去平去	P?ZPZ	平/平去/去/平/去
7b587933a5086f0ac88bbd85e715887b	吴孜	春闺怨	未定	5	3	窥窗来见参	平?平去?	P?PZ?	平//平/去/平去
7b587933a5086f0ac88bbd85e715887b	吴孜	春闺怨	未定	5	4	分与光音绝	??平平入	???PZ	平去/平上去/平去/平/入
7b587933a5086f0ac88bbd85e715887b	吴孜	春闺怨	未定	5	5	忽值日东南	入去入平平	ZZZPP	入/去/入/平/平
7b587933a5086f0ac88bbd85e715887b	吴孜	春闺怨	未定	5	6	柳枝皆嬲燕	上平平上?	ZPPZ?	上/平/平/上/平去
7b587933a5086f0ac88bbd85e715887b	吴孜	春闺怨	未定	5	7	桑叶复催蚕	平入入平?	PZZP?	平/入/去入/平/平上
7b587933a5086f0ac88bbd85e715887b	吴孜	春闺怨	未定	5	8	物色顿如此	入入去平上	ZZZ?Z	入/入/去/平去/上
7b587933a5086f0ac88bbd85e715887b	吴孜	春闺怨	未定	5	9	孀居自不堪	平平去入平	PPZ?P	平/平/去/平上入/平
7b587933ad85ae8260118ebd97262d12	柳恽	捣衣诗	齊	5	0	孤衾引思绪	平平??上	PPZ?Z	平/平/上去/平去/上
7b587933ad85ae8260118ebd97262d12	柳恽	捣衣诗	齊	5	1	独枕怆忧端	入??平平	Z?Z?P	入/平上去/上去/平去/平
7b587933ad85ae8260118ebd97262d12	柳恽	捣衣诗	齊	5	2	深庭秋草绿	平平平上入	?PPZZ	平去/平/平/上/入
7b587933ad85ae8260118ebd97262d12	柳恽	捣衣诗	齊	5	3	高门白露寒	平平入去平	PPZZP	平/平/入/去/平
7b587933ad85ae8260118ebd97262d12	柳恽	捣衣诗	齊	5	4	思君起清夜	?平上平去	?PZPZ	平去/平/上/平/去
7b587933ad85ae8260118ebd97262d12	柳恽	捣衣诗	齊	5	5	促柱奏幽兰	入上去平平	ZZZPP	入/上/去/平/平
7b587933ad85ae8260118ebd97262d12	柳恽	捣衣诗	齊	5	6	不怨飞蓬苦	入?平平上	??PPZ	平上入/平去/平/平/上去
7b587933ad85ae8260118ebd97262d12	柳恽	捣衣诗	齊	5	7	徒伤蕙草残	平平去上平	P?ZZP	平/平去/去/上/平
7b587933ad85ae8260118ebd97262d12	柳恽	捣衣诗	齊	5	8	行役滞风波	?入去平平	?ZZ?P	平去/入/去/平去/平
7b587933ad85ae8260118ebd97262d12	柳恽	捣衣诗	齊	5	9	游人淹不归	平平?入平	PP??P	平/平/平去/平上入/平
7b587933ad85ae8260118ebd97262d12	柳恽	捣衣诗	齊	5	10	亭皋木叶下	平平入入?	PPZZZ	平/平/入/入/上去
7b587933ad85ae8260118ebd97262d12	柳恽	捣衣诗	齊	5	11	陇首秋云飞	上?平平平	ZZPPP	上/上去/平/平/平
7b587933ad85ae8260118ebd97262d12	柳恽	捣衣诗	齊	5	12	寒园夕鸟集	平平入上入	PPZZZ	平/平/入/上/入
7b587933ad85ae8260118ebd97262d12	柳恽	捣衣诗	齊	5	13	思牖草虫悲	?上上?平	?ZZ?P	平去/上/上/平上去/平
7b587933ad85ae8260118ebd97262d12	柳恽	捣衣诗	齊	5	14	嗟矣当春服	平上?平入	PZ?PZ	平/上/平去/平/入
7b587933ad85ae8260118ebd97262d12	柳恽	捣衣诗	齊	5	15	安见御冬衣	平去?平?	PZZP?	平/去/上去/平/平去
7b587933ad85ae8260118ebd97262d12	柳恽	捣衣诗	齊	5	16	鹤鸣劳永欢	入平?上平	ZP?ZP	入/平/平去/上/平
7b587933ad85ae8260118ebd97262d12	柳恽	捣衣诗	齊	5	17	采菉伤时暮	上入平平去	ZZ?PZ	上/入/平去/平/去
7b587933ad85ae8260118ebd97262d12	柳恽	捣衣诗	齊	5	18	念君方远游	去平平?平	ZPPZP	去/平/平/上去/平
7b587933ad85ae8260118ebd97262d12	柳恽	捣衣诗	齊	5	19	望妾理纨素	?入上平去	?ZZPZ	平去/入/上/平/去
7b587933ad85ae8260118ebd97262d12	柳恽	捣衣诗	齊	5	20	秋风吹绿潭	平平?入?	P??Z?	平/平去/平去/入/平上
7b587933ad85ae8260118ebd97262d12	柳恽	捣衣诗	齊	5	21	明月悬高树	平入平平?	PZPPZ	平/入/平/平/上去
7b587933ad85ae8260118ebd97262d12	柳恽	捣衣诗	齊	5	22	佳人饰净容	平平入去平	PPZZP	平/平/入/去/平
7b587933ad85ae8260118ebd97262d12	柳恽	捣衣诗	齊	5	23	招携从所务	平平?上去	PP?ZZ	平/平/平去/上/去
7b587933ad85ae8260118ebd97262d12	柳恽	捣衣诗	齊	5	24	步栏杳不极	去平上入入	ZPZ?Z	去/平/上/平上入/入
7b587933ad85ae8260118ebd97262d12	柳恽	捣衣诗	齊	5	25	离堂肃已扃	?平入上平	?PZZP	平去/平/入/上去/平
7b587933ad85ae8260118ebd97262d12	柳恽	捣衣诗	齊	5	26	轩高夕杵散	平平入上?	PPZZZ	平/平/入/上/上去
7b587933ad85ae8260118ebd97262d12	柳恽	捣衣诗	齊	5	27	气爽夜砧鸣	去上去平平	ZZZPP	去/上/去/平/平
7b587933ad85ae8260118ebd97262d12	柳恽	捣衣诗	齊	5	28	瑶华随步响	平?平去上	P?PZZ	平/平去/平/去/上
7b587933ad85ae8260118ebd97262d12	柳恽	捣衣诗	齊	5	29	幽兰逐袂生	平平入去平	PPZZ?	平/平/入/去/平去
7b587933ad85ae8260118ebd97262d12	柳恽	捣衣诗	齊	5	30	踟蹰理金翠	平平上平去	PPZPZ	平/平/上/平/去
7b587933ad85ae8260118ebd97262d12	柳恽	捣衣诗	齊	5	31	容与纳宵清	平?入平平	P?ZPP	平/平上去/入/平/平
7b587933ad85ae8260118ebd97262d12	柳恽	捣衣诗	齊	5	32	泛艳回烟彩	?去平平上	?Z??Z	平去入/去/平去/平去/上
7b587933ad85ae8260118ebd97262d12	柳恽	捣衣诗	齊	5	33	渊旋龟鹤文	平?平入平	P?PZP	平/平去/平/入/平
7b587933ad85ae8260118ebd97262d12	柳恽	捣衣诗	齊	5	34	凄凄合欢袖	平平入平去	PPZPZ	平/平/入/平/去
7b587933ad85ae8260118ebd97262d12	柳恽	捣衣诗	齊	5	35	冉冉兰麝芬	??平?平	??PZP	平上/平上/平/去入/平
7b587933ad85ae8260118ebd97262d12	柳恽	捣衣诗	齊	5	36	不怨杼轴苦	入?上入上	??ZZZ	平上入/平去/上/入/上去
7b587933ad85ae8260118ebd97262d12	柳恽	捣衣诗	齊	5	37	所悲千里分	上平平上?	ZPPZ?	上/平/平/上/平去
7b587933ad85ae8260118ebd97262d12	柳恽	捣衣诗	齊	5	38	垂泣送行李	平入去?上	PZZ?Z	平/入/去/平去/上
7b587933ad85ae8260118ebd97262d12	柳恽	捣衣诗	齊	5	39	倾首迟归云	平?平平平	PZPPP	平/上去/平/平/平
7b587933ad85ae822a16e5d8a23677b2	柳恽	江南曲	齊	5	0	汀洲采白蘋	?平上入平	?PZZP	平去/平/上/入/平
7b587933ad85ae822a16e5d8a23677b2	柳恽	江南曲	齊	5	1	日落江南春	入入平平平	ZZPPP	入/入/平/平/平
7b587933ad85ae822a16e5d8a23677b2	柳恽	江南曲	齊	5	2	洞庭有归客	?平上平入	?PZPZ	平去/平/上/平/入
7b587933ad85ae822a16e5d8a23677b2	柳恽	江南曲	齊	5	3	潇湘逢故人	?平平去平	?PPZP	/平/平/去/平
7b587933ad85ae822a16e5d8a23677b2	柳恽	江南曲	齊	5	4	故人何不返	去平平入上	ZP??Z	去/平/平上/平上入/上
7b587933ad85ae822a16e5d8a23677b2	柳恽	江南曲	齊	5	5	春华复应晚	平?入?上	P?Z?Z	平/平去/去入/平去/上
7b587933ad85ae822a16e5d8a23677b2	柳恽	江南曲	齊	5	6	不道新知乐	入上平平?	?ZPPZ	平上入/上/平/平/去入
7b587933ad85ae822a16e5d8a23677b2	柳恽	江南曲	齊	5	7	只言行路远	?平?去?	?P?ZZ	平上入/平/平去/去/上去
7b587933ad85ae825c5aea7b3f9bb5ef	柳恽	咏蔷薇诗	齊	5	0	当户种蔷薇	?上??平	?Z??P	平去/上/平上去/平入/平
7b587933ad85ae825c5aea7b3f9bb5ef	柳恽	咏蔷薇诗	齊	5	1	枝叶太葳蕤	平入去平平	PZZPP	平/入/去/平/平
7b587933ad85ae825c5aea7b3f9bb5ef	柳恽	咏蔷薇诗	齊	5	2	不摇香已乱	入?平上去	??PZZ	平上入/平去/平/上去/去
7b587933ad85ae825c5aea7b3f9bb5ef	柳恽	咏蔷薇诗	齊	5	3	无风花自飞	平平平去平	P?PZP	平/平去/平/去/平
7b587933ad85ae825c5aea7b3f9bb5ef	柳恽	咏蔷薇诗	齊	5	4	春闺不能静	平平入平上	PP??Z	平/平/平上入/平上去/上
7b587933ad85ae825c5aea7b3f9bb5ef	柳恽	咏蔷薇诗	齊	5	5	开匣理明妃	平入上平?	PZZP?	平/入/上/平/平去
7b587933ad85ae825c5aea7b3f9bb5ef	柳恽	咏蔷薇诗	齊	5	6	曲池浮采采	入平平上上	ZPPZZ	入/平/平/上/上
7b587933ad85ae825c5aea7b3f9bb5ef	柳恽	咏蔷薇诗	齊	5	7	斜岸列依依	平去?平平	PZ?PP	平/去/平入/平/平
7b587933ad85ae825c5aea7b3f9bb5ef	柳恽	咏蔷薇诗	齊	5	8	或闻好音度	入??平?	Z?ZPZ	入/平去/上去/平/去入
7b587933ad85ae825c5aea7b3f9bb5ef	柳恽	咏蔷薇诗	齊	5	9	时见衔泥归	平去平平平	PZP?P	平/去/平/平去/平
7b587933ad85ae825c5aea7b3f9bb5ef	柳恽	咏蔷薇诗	齊	5	10	且对清酤湛	?去平??	?ZP??	平上/去/平/平上去/平上
7b587933ad85ae825c5aea7b3f9bb5ef	柳恽	咏蔷薇诗	齊	5	11	其馀任是非	平平?上平	PP?ZP	平/平/平去/上/平
7b587933afc3df74d2a75161d486a6de	刘令娴	答外诗二首	梁	5	0	花庭丽景斜	平平?上平	PP?ZP	平/平/平去/上/平
7b587933afc3df74d2a75161d486a6de	刘令娴	答外诗二首	梁	5	1	兰牖轻风度	平上?平?	PZ??Z	平/上/平去/平去/去入
7b587933afc3df74d2a75161d486a6de	刘令娴	答外诗二首	梁	5	2	落日更新妆	入入?平平	ZZ?PP	入/入/平去/平/平
7b587933afc3df74d2a75161d486a6de	刘令娴	答外诗二首	梁	5	3	开帘对春树	平平去平?	PPZPZ	平/平/去/平/上去
7b587933afc3df74d2a75161d486a6de	刘令娴	答外诗二首	梁	5	4	鸣鹂叶中舞	平平入?上	PPZ?Z	平/平/入/平去/上
7b587933afc3df74d2a75161d486a6de	刘令娴	答外诗二首	梁	5	5	戏蝶花间骛	?入平平去	?ZP?Z	平去/入/平//去
7b587933afc3df74d2a75161d486a6de	刘令娴	答外诗二首	梁	5	6	调琴本要欢	?平上?平	?PZ?P	平去/平/上/平去/平
7b587933afc3df74d2a75161d486a6de	刘令娴	答外诗二首	梁	5	7	心愁不成趣	平平入平?	PP?PZ	平/平/平上入/平/上去
7b587933afc3df74d2a75161d486a6de	刘令娴	答外诗二首	梁	5	8	良会诚非远	平去平平?	PZPPZ	平/去/平/平/上去
7b587933afc3df74d2a75161d486a6de	刘令娴	答外诗二首	梁	5	9	佳期今不遇	平平平入去	PPP?Z	平/平/平/平上入/去
7b587933afc3df74d2a75161d486a6de	刘令娴	答外诗二首	梁	5	10	欲知幽怨多	入平平?平	ZPP?P	入/平/平/平去/平
7b587933afc3df74d2a75161d486a6de	刘令娴	答外诗二首	梁	5	11	春闺深且暮	平平平?去	PP??Z	平/平/平去/平上/去
7b587933afc3df74d2a75161d486a6de	刘令娴	答外诗二首	梁	5	12	东家挺奇丽	平平?平?	PP?P?	平/平/平上/平/平去
7b587933afc3df74d2a75161d486a6de	刘令娴	答外诗二首	梁	5	13	南国擅容辉	平入去平平	PZZPP	平/入/去/平/平
7b587933afc3df74d2a75161d486a6de	刘令娴	答外诗二首	梁	5	14	夜月方神女	去入平平上	ZZPPZ	去/入/平/平/上去
7b587933afc3df74d2a75161d486a6de	刘令娴	答外诗二首	梁	5	15	朝霞喻洛妃	平平去入?	PPZZ?	平/平/去/入/平去
7b587933afc3df74d2a75161d486a6de	刘令娴	答外诗二首	梁	5	16	还看镜中色	平?去?入	P?Z?Z	平/平去/去/平去/入
7b587933afc3df74d2a75161d486a6de	刘令娴	答外诗二首	梁	5	17	比艳似知非	?去上平平	?ZZPP	平上去入/去/上/平/平
7b587933afc3df74d2a75161d486a6de	刘令娴	答外诗二首	梁	5	18	摛词徒妙好	平平平去?	PPPZZ	平/平/平/去/上去
7b587933afc3df74d2a75161d486a6de	刘令娴	答外诗二首	梁	5	19	连类顿乖违	平去去平平	PZZPP	平/去/去/平/平
7b587933afc3df74d2a75161d486a6de	刘令娴	答外诗二首	梁	5	20	智夫虽已丽	去平平上?	ZPPZ?	去/平/平/上去/平去
7b587933afc3df74d2a75161d486a6de	刘令娴	答外诗二首	梁	5	21	倾城未敢希	平平去上平	PPZZP	平/平/去/上/平
7b587933b1cfe1b5cc2a7e37b7d5c203	陶弘景	诏问山中何所有赋诗以答	齊	5	0	山中何所有	平平平上上	P??ZZ	平/平去/平上/上/上
7b587933b1cfe1b5cc2a7e37b7d5c203	陶弘景	诏问山中何所有赋诗以答	齊	5	1	岭上多白云	??平入平	?ZPZP	平上/上去/平/入/平
7b587933b1cfe1b5cc2a7e37b7d5c203	陶弘景	诏问山中何所有赋诗以答	齊	5	2	只可自怡悦	?上去平入	?ZZPZ	平上入/上/去/平/入
7b587933b1cfe1b5cc2a7e37b7d5c203	陶弘景	诏问山中何所有赋诗以答	齊	5	3	不堪持赠君	入平平去平	?PPZP	平上入/平/平/去/平
7b587933b1cfe1b5cd357ab508c6e57b	陶弘景	和约法师临友人诗	齊	5	0	我有数行泪	上上??去	ZZZ?Z	上/上/上去入/平去/去
7b587933b1cfe1b5cd357ab508c6e57b	陶弘景	和约法师临友人诗	齊	5	1	不落十馀年	入入入平平	?ZZPP	平上入/入/入/平/平
7b587933b1cfe1b5cd357ab508c6e57b	陶弘景	和约法师临友人诗	齊	5	2	今日为君尽	平入?平上	PZ?PZ	平/入/平去/平/上
7b587933b1cfe1b5cd357ab508c6e57b	陶弘景	和约法师临友人诗	齊	5	3	并洒秋风前	??平平平	?ZP?P	平上去/上去/平/平去/平
7b587933ba876fafa02eca788f9f0267	陆厥	临江王节士歌	齊	7	0	秋月照浦云歇山	平入去上平入平	PZZZPZP	平/入/去/上/平/入/平
7b587933ba876fafa02eca788f9f0267	陆厥	临江王节士歌	齊	5	1	秋思不可裁	平?入上?	P??Z?	平/平去/平上入/上/平去
7b587933ba876fafa02eca788f9f0267	陆厥	临江王节士歌	齊	5	2	复带秋风来	入去平平平	ZZP?P	去入/去/平/平去/平
7b587933ba876fafa02eca788f9f0267	陆厥	临江王节士歌	齊	5	3	秋风来已寒	平平平上平	P?PZP	平/平去/平/上去/平
7b587933ba876fafa02eca788f9f0267	陆厥	临江王节士歌	齊	5	4	白露惊罗纨	入去平平平	ZZPPP	入/去/平/平/平
7b587933ba876fafa02eca788f9f0267	陆厥	临江王节士歌	齊	7	5	节士慷慨发冲冠	入上上去入平?	ZZZZZP?	入/上/上/去/入/平/平去
7b587933ba876fafa02eca788f9f0267	陆厥	临江王节士歌	齊	5	6	弯弓挂若木	平平去?入	PPZ?Z	平/平/去/平上入/入
7b587933ba876fafa02eca788f9f0267	陆厥	临江王节士歌	齊	5	7	长剑竦云端	??上平平	??ZPP	平上去//上/平/平
7b587933bb01ec7627d098682e52d42e	徐君倩	共内人夜坐守岁	梁	5	0	欢多情未极	平平平去入	PPPZZ	平/平/平/去/入
7b587933bb01ec7627d098682e52d42e	徐君倩	共内人夜坐守岁	梁	5	1	赏至莫停杯	上去入平平	ZZZPP	上/去/入/平/平
7b587933bb01ec7627d098682e52d42e	徐君倩	共内人夜坐守岁	梁	5	2	酒中喜桃子	上?上平上	Z?ZPZ	上/平去/上/平/上
7b587933bb01ec7627d098682e52d42e	徐君倩	共内人夜坐守岁	梁	5	3	粽里觅杨梅	去上入平平	ZZZPP	去/上/入/平/平
7b587933bb01ec7627d098682e52d42e	徐君倩	共内人夜坐守岁	梁	5	4	帘开风入帐	平平平入去	PP?ZZ	平/平/平去/入/去
7b587933bb01ec7627d098682e52d42e	徐君倩	共内人夜坐守岁	梁	5	5	烛尽炭成灰	入上去平平	ZZZPP	入/上/去/平/平
7b587933bb01ec7627d098682e52d42e	徐君倩	共内人夜坐守岁	梁	5	6	勿疑鬓钗重	入平去平?	ZPZP?	入/平/去/平/平上去
7b587933bb01ec7627d098682e52d42e	徐君倩	共内人夜坐守岁	梁	5	7	为待晓光催	?上上平平	?ZZ?P	平去/上/上/平去/平
7b587933bb938d36dd76344830d78621	沈满愿	登楼曲	梁	5	0	凭高川陆近	?平平入?	?PPZZ	平去/平/平/入/上去
7b587933bb938d36dd76344830d78621	沈满愿	登楼曲	梁	5	1	望远阡陌多	??平入平	?ZPZP	平去/上去/平/入/平
7b587933bb938d36dd76344830d78621	沈满愿	登楼曲	梁	5	2	相思隔重岭	平平入??	??Z??	平去/平去/入/平上去/平上
7b587933bb938d36dd76344830d78621	沈满愿	登楼曲	梁	5	3	相忆限长河	?入上平平	?ZZ?P	平去/入/上/平上去/平
7b587933bb938d36ef4447dff774d79d	沈满愿	晨风行	梁	5	0	理楫令舟人	上入?平平	ZZ?PP	上/入/平去/平/平
7b587933bb938d36ef4447dff774d79d	沈满愿	晨风行	梁	7	1	停舻息旅薄河津	平平入上入平平	PPZZZPP	平/平/入/上/入/平/平
7b587933bb938d36ef4447dff774d79d	沈满愿	晨风行	梁	7	2	念君劬劳冒风尘	去平平??平平	ZPP?Z?P	去/平/平/平去/去入/平去/平
7b587933bb938d36ef4447dff774d79d	沈满愿	晨风行	梁	7	3	临路挥袂泪沾巾	?去平去去?平	?ZPZZ?P	平去/去/平/去/去/平去/平
7b587933bb938d36ef4447dff774d79d	沈满愿	晨风行	梁	7	4	飙流劲润逝若飞	平平去去去?平	PPZZZ?P	平/平/去/去/去/平上入/平
7b587933bb938d36ef4447dff774d79d	沈满愿	晨风行	梁	7	5	山高帆急绝音徽	平平平入入平平	PP?ZZPP	平/平/平去/入/入/平/平
7b587933bb938d36ef4447dff774d79d	沈满愿	晨风行	梁	7	6	留子句句独言归	?上??入平平	?Z??ZPP	平去/上/平去/平去/入/平/平
7b587933bb938d36ef4447dff774d79d	沈满愿	晨风行	梁	7	7	中心茕茕将依谁	?平平平?平平	?PPP?PP	平去/平/平/平/平去/平/平
7b587933bb938d36ef4447dff774d79d	沈满愿	晨风行	梁	7	8	风弥叶落永难索	平平入入上平入	??ZZZ?Z	平去/平上/入/入/上/平去/入
7b587933bb938d36ef4447dff774d79d	沈满愿	晨风行	梁	7	9	神往形返情错漠	平上平上平?入	PZPZPZZ	平/上/平/上/平/去入/入
7b587933bb938d36ef4447dff774d79d	沈满愿	晨风行	梁	7	10	循带易缓愁难却	平去?上平平入	PZZZP?Z	平/去/去入/上/平/平去/入
7b587933bb938d36ef4447dff774d79d	沈满愿	晨风行	梁	7	11	心之忧矣颇销铄	平平平上?平入	PP?Z?PZ	平/平/平去/上/平上去/平/入
7b587933c853c0d765b9e935b9e105d6	虞羲	咏霍将军北伐	齊	5	0	拥旄为汉将	上??去?	Z??Z?	上/平去/平去/去/平去
7b587933c853c0d765b9e935b9e105d6	虞羲	咏霍将军北伐	齊	5	1	汗马出长城	?上入平平	?ZZ?P	平去/上/去入/平上去/平
7b587933c853c0d765b9e935b9e105d6	虞羲	咏霍将军北伐	齊	5	2	长城地势险	平平去去上	?PZZZ	平上去/平/去/去/上
7b587933c853c0d765b9e935b9e105d6	虞羲	咏霍将军北伐	齊	5	3	万里与云平	去上?平平	ZZ?PP	去入/上/平上去/平/平
7b587933c853c0d765b9e935b9e105d6	虞羲	咏霍将军北伐	齊	5	4	凉秋八九月	?平入上入	?PZZZ	平去/平/入/上/入
7b587933c853c0d765b9e935b9e105d6	虞羲	咏霍将军北伐	齊	5	5	虏骑入幽并	上?入平?	Z?ZP?	上/平去/入/平/平上去
7b587933c853c0d765b9e935b9e105d6	虞羲	咏霍将军北伐	齊	5	6	飞狐白日晚	平平入入上	PPZZZ	平/平/入/入/上
7b587933c853c0d765b9e935b9e105d6	虞羲	咏霍将军北伐	齊	5	7	瀚海愁云生	去上平平平	ZZPP?	去/上/平/平/平去
7b587933c853c0d765b9e935b9e105d6	虞羲	咏霍将军北伐	齊	5	8	羽书时断绝	上平平?入	ZPPZZ	上去/平/平/上去/入
7b587933c853c0d765b9e935b9e105d6	虞羲	咏霍将军北伐	齊	5	9	刁斗昼夜惊	平?去去平	PZZZP	平/上去/去/去/平
7b587933c853c0d765b9e935b9e105d6	虞羲	咏霍将军北伐	齊	5	10	乘墉挥宝剑	?平平上?	?PPZ?	平去/平/平/上/
7b587933c853c0d765b9e935b9e105d6	虞羲	咏霍将军北伐	齊	5	11	蔽日引高旍	去入?平平	ZZZPP	去/入/上去/平/平
7b587933c853c0d765b9e935b9e105d6	虞羲	咏霍将军北伐	齊	5	12	云屯七萃士	平平入去上	PPZZZ	平/平/入/去/上
7b587933c853c0d765b9e935b9e105d6	虞羲	咏霍将军北伐	齊	5	13	鱼丽六郡兵	平?入去平	P?ZZP	平/平去/入/去/平
7b587933c853c0d765b9e935b9e105d6	虞羲	咏霍将军北伐	齊	5	14	胡笳关下思	平平平??	PPPZ?	平/平/平/上去/平去
7b587933c853c0d765b9e935b9e105d6	虞羲	咏霍将军北伐	齊	5	15	羌笛陇头鸣	平入上平平	PZZPP	平/入/上/平/平
7b587933c853c0d765b9e935b9e105d6	虞羲	咏霍将军北伐	齊	5	16	骨都先自詟	入平?去入	ZP?ZZ	入/平/平去/去/入
7b587933c853c0d765b9e935b9e105d6	虞羲	咏霍将军北伐	齊	5	17	日逐次亡精	入入去平?	ZZZP?	入/入/去/平/平去
7b587933c853c0d765b9e935b9e105d6	虞羲	咏霍将军北伐	齊	5	18	玉门罢斥候	入平??去	ZP?ZZ	入/平/平上/去入/去
7b587933c853c0d765b9e935b9e105d6	虞羲	咏霍将军北伐	齊	5	19	甲第始修营	入去上平平	ZZZPP	入/去/上/平/平
7b587933c853c0d765b9e935b9e105d6	虞羲	咏霍将军北伐	齊	5	20	位登万庾积	去平去上入	ZPZZZ	去/平/去入/上/去入
7b587933c853c0d765b9e935b9e105d6	虞羲	咏霍将军北伐	齊	5	21	功立百行成	平入入?平	PZZ?P	平/入/入/平去/平
7b587933c853c0d765b9e935b9e105d6	虞羲	咏霍将军北伐	齊	5	22	天长地自久	平?去去上	P?ZZZ	平/平上去/去/去/上
7b587933c853c0d765b9e935b9e105d6	虞羲	咏霍将军北伐	齊	5	23	人道有亏盈	平上上平平	PZZPP	平/上/上/平/平
7b587933c853c0d765b9e935b9e105d6	虞羲	咏霍将军北伐	齊	5	24	未穷激楚乐	去平?上?	ZPZZZ	去/平/去入/上去/去入
7b587933c853c0d765b9e935b9e105d6	虞羲	咏霍将军北伐	齊	5	25	已见高台倾	上去平平平	ZZPPP	上去/去/平/平/平
7b587933c853c0d765b9e935b9e105d6	虞羲	咏霍将军北伐	齊	5	26	当令麟阁上	??平入?	??PZZ	平去/平去/平/入/上去
7b587933c853c0d765b9e935b9e105d6	虞羲	咏霍将军北伐	齊	5	27	千载有雄名	平?上平平	PZZPP	平/上去/上/平/平
7b587933caff75307617e4d31c84eb45	萧综	悲落叶	梁	5	0	联翩下重叠	?平??入	?PZ?Z	/平/上去/平上去/入
7b587933caff75307617e4d31c84eb45	萧综	悲落叶	梁	5	1	重叠落且飞	?入入?平	?ZZ?P	平上去/入/入/平上/平
7b587933caff75307617e4d31c84eb45	萧综	悲落叶	梁	5	2	从横去不归	???入平	??Z?P	平去/平去/上去/平上入/平
7b587933caff75307617e4d31c84eb45	萧综	悲落叶	梁	7	3	长枝交荫昔何密	?平平去入平入	?PPZZ?Z	平上去/平/平/去/入/平上/入
7b587933caff75307617e4d31c84eb45	萧综	悲落叶	梁	7	4	黄鸟关关动相失	平上平平上?入	PZPPZ?Z	平/上/平/平/上/平去/入
7b587933caff75307617e4d31c84eb45	萧综	悲落叶	梁	5	5	夕蕊杂凝露	入上入?去	ZZZ?Z	入/上/入/平去/去
7b587933caff75307617e4d31c84eb45	萧综	悲落叶	梁	5	6	朝花翻乱日	平平平去入	PPPZZ	平/平/平/去/入
7b587933caff75307617e4d31c84eb45	萧综	悲落叶	梁	7	7	春风春日此时同	平平平入上平?	P?PZZP?	平/平去/平/入/上/平/平去
7b587933caff75307617e4d31c84eb45	萧综	悲落叶	梁	7	8	一霜两霜犹可当	入平上平平上?	ZPZP?Z?	入/平/上去/平/平去/上/平去
7b587933caff75307617e4d31c84eb45	萧综	悲落叶	梁	7	9	五晨六旦已飒黄	上平入去上入平	ZPZZZZP	上/平/入/去/上去/入/平
7b587933caff75307617e4d31c84eb45	萧综	悲落叶	梁	5	10	乍逐惊风举	去入平平上	ZZP?Z	去/入/平/平去/上
7b587933caff75307617e4d31c84eb45	萧综	悲落叶	梁	5	11	高下任飘扬	平??平平	PZ?PP	平/上去/平去/平/平
7b587933caff75307617e4d31c84eb45	萧综	悲落叶	梁	5	12	落叶何时还	入入平平平	ZZ?PP	入/入/平上/平/平
7b587933caff75307617e4d31c84eb45	萧综	悲落叶	梁	5	13	夙昔共根本	入入?平上	ZZ?PZ	入/入/平去/平/上
7b587933caff75307617e4d31c84eb45	萧综	悲落叶	梁	5	14	无复一相关	平入入?平	PZZ?P	平/去入/入/平去/平
7b587933caff75307617e4d31c84eb45	萧综	悲落叶	梁	5	15	各随灰土去	入平平上?	ZPPZZ	入/平/平/上/上去
7b587933caff75307617e4d31c84eb45	萧综	悲落叶	梁	5	16	高枝难重攀	平平平?平	PP??P	平/平/平去/平上去/平
7b587933caff7530a28caa44fa545542	萧综	听钟鸣	梁	5	0	历历听钟鸣	入入?平平	ZZ?PP	入/入/平上去/平/平
7b587933caff7530a28caa44fa545542	萧综	听钟鸣	梁	5	1	当知在帝城	?平?去平	?PZZP	平去/平/上去/去/平
7b587933caff7530a28caa44fa545542	萧综	听钟鸣	梁	5	2	西树隐落月	平?上入入	PZZZZ	平/上去/上去/入/入
7b587933caff7530a28caa44fa545542	萧综	听钟鸣	梁	5	3	东窗见晓星	平?去上平	P?ZZP	平//去/上/平
7b587933caff7530a28caa44fa545542	萧综	听钟鸣	梁	7	4	雾露朏朏未分明	去去上上去?平	ZZZZZ?P	去/去/上/上/去/平去/平
7b587933caff7530a28caa44fa545542	萧综	听钟鸣	梁	7	5	乌啼哑哑已流声	平平??上平平	PPZZZPP	平/平/上去入/上去入/上去/平/平
7b587933caff7530a28caa44fa545542	萧综	听钟鸣	梁	5	6	客思郁纵横	入平入??	Z?Z??	入/平去/入/平去/平去
7b587933caff7530a28caa44fa545542	萧综	听钟鸣	梁	7	7	翩翩孤雁何所栖	平平平去平上?	PPPZ?Z?	平/平/平/去/平上/上/平去
7b587933caff7530a28caa44fa545542	萧综	听钟鸣	梁	7	8	依依别鹤半夜啼	平平入入去去平	PPZZZZP	平/平/去入/入/去/去/平
7b587933caff7530a28caa44fa545542	萧综	听钟鸣	梁	5	9	今岁行已暮	平去?上去	PZ?ZZ	平/去/平去/上去/去
7b587933caff7530a28caa44fa545542	萧综	听钟鸣	梁	5	10	雨雪向凄凄	?入?平平	ZZZPP	上去/入/上去/平/平
7b587933caff7530a28caa44fa545542	萧综	听钟鸣	梁	5	11	飞蓬旦夕起	平平去入上	PPZZZ	平/平/去/入/上
7b587933caff7530a28caa44fa545542	萧综	听钟鸣	梁	5	12	杨柳尚翻低	平上?平平	PZ?PP	平/上/平去/平/平
7b587933caff7530a28caa44fa545542	萧综	听钟鸣	梁	5	13	愁思无所托	平?平上入	P?PZZ	平/平去/平/上/入
7b587933caff7530a28caa44fa545542	萧综	听钟鸣	梁	5	14	强作听钟歌	平入?平平	PZ?PP	平/去入/平上去/平/平
7b587933d049baffe956da0cfc6d00f2	刘孝先	春宵诗	梁	5	0	夜楼明月弦	去平平入平	ZPPZ?	去/平/平/入/平去
7b587933d049baffe956da0cfc6d00f2	刘孝先	春宵诗	梁	5	1	露下百花鲜	去?入平?	ZZZP?	去/上去/入/平/平上去
7b587933d049baffe956da0cfc6d00f2	刘孝先	春宵诗	梁	5	2	情多意不设	平平去入入	PPZ?Z	平/平/去/平上入/入
7b587933d049baffe956da0cfc6d00f2	刘孝先	春宵诗	梁	5	3	啼罢未归眠	平?去平平	P?ZPP	平/平上/去/平/平
7b587933d049baffe956da0cfc6d00f2	刘孝先	春宵诗	梁	5	4	敦煌定若远	?平去??	?PZ?Z	平去/平/去/平上入/上去
7b587933d049baffe956da0cfc6d00f2	刘孝先	春宵诗	梁	5	5	一信动经年	入去上?平	ZZZ?P	入/去/上/平去/平
7b587933d4b5215acb4b3729c44a4000	王台卿	陌上桑四首	梁	5	0	郁郁陌上桑	入入入?平	ZZZZP	入/入/入/上去/平
7b587933d4b5215acb4b3729c44a4000	王台卿	陌上桑四首	梁	5	1	盈盈道傍女	平平上?上	PPZ?Z	平/平/上/平去/上去
7b587933d4b5215acb4b3729c44a4000	王台卿	陌上桑四首	梁	5	2	送君上河梁	去平?平平	ZPZPP	去/平/上去/平/平
7b587933d4b5215acb4b3729c44a4000	王台卿	陌上桑四首	梁	5	3	拭泪不能语	入去入平?	ZZ??Z	入/去/平上入/平上去/上去
7b587933d4b5215acb4b3729c44a4000	王台卿	陌上桑四首	梁	5	4	郁郁陌上桑	入入入?平	ZZZZP	入/入/入/上去/平
7b587933d4b5215acb4b3729c44a4000	王台卿	陌上桑四首	梁	5	5	遥遥山下蹊	平平平?平	PPPZP	平/平/平/上去/平
7b587933d4b5215acb4b3729c44a4000	王台卿	陌上桑四首	梁	5	6	君去戍万里	平?去去上	PZZZZ	平/上去/去/去入/上
7b587933d4b5215acb4b3729c44a4000	王台卿	陌上桑四首	梁	5	7	妾来守空闺	入平??平	ZPZ?P	入/平/上去/平去/平
7b587933d4b5215acb4b3729c44a4000	王台卿	陌上桑四首	梁	5	8	郁郁陌上桑	入入入?平	ZZZZP	入/入/入/上去/平
7b587933d4b5215acb4b3729c44a4000	王台卿	陌上桑四首	梁	5	9	皎皎云间月	上上平平入	ZZP?Z	上/上/平//入
7b587933d4b5215acb4b3729c44a4000	王台卿	陌上桑四首	梁	5	10	非无巧笑姿	平平?去平	PPZZP	平/平/上去/去/平
7b587933d4b5215acb4b3729c44a4000	王台卿	陌上桑四首	梁	5	11	皓齿为谁发	?上?平入	?Z?PZ	/上/平去/平/入
7b587933d4b5215acb4b3729c44a4000	王台卿	陌上桑四首	梁	5	12	郁郁陌上桑	入入入?平	ZZZZP	入/入/入/上去/平
7b587933d4b5215acb4b3729c44a4000	王台卿	陌上桑四首	梁	5	13	袅袅机头丝	上上?平平	ZZ?PP	上/上/平上/平/平
7b587933d4b5215acb4b3729c44a4000	王台卿	陌上桑四首	梁	5	14	君行亦宜返	平?入平上	P?ZPZ	平/平去/入/平/上
7b587933d4b5215acb4b3729c44a4000	王台卿	陌上桑四首	梁	5	15	今夕是何时	平入上平平	PZZ?P	平/入/上/平上/平
7b587933d6059db77e083b54d1925b98	吴均	山中杂诗	梁	5	0	山际见来烟	平去去平平	PZZP?	平/去/去/平/平去
7b587933d6059db77e083b54d1925b98	吴均	山中杂诗	梁	5	1	竹中窥落日	入?平入入	Z?PZZ	入/平去/平/入/入
7b587933d6059db77e083b54d1925b98	吴均	山中杂诗	梁	5	2	鸟向檐上飞	上?平?平	ZZPZP	上/上去/平/上去/平
7b587933d6059db77e083b54d1925b98	吴均	山中杂诗	梁	5	3	云从窗里出	平??上入	P??ZZ	平/平去//上/去入
7b587933d6059db7dd5d355b73c6056c	吴均	胡无人行	梁	5	0	剑头利如芒	?平去平平	?PZ?P	/平/去/平去/平
7b587933d6059db7dd5d355b73c6056c	吴均	胡无人行	梁	5	1	恒持照眼光	平平去上平	PPZZ?	平/平/去/上/平去
7b587933d6059db7dd5d355b73c6056c	吴均	胡无人行	梁	5	2	铁骑追骁虏	入?平平上	Z?PPZ	入/平去/平/平/上
7b587933d6059db7dd5d355b73c6056c	吴均	胡无人行	梁	5	3	金羁讨黠羌	平平上入平	PPZZP	平/平/上/入/平
7b587933d6059db7dd5d355b73c6056c	吴均	胡无人行	梁	5	4	高秋八九月	平平入上入	PPZZZ	平/平/入/上/入
7b587933d6059db7dd5d355b73c6056c	吴均	胡无人行	梁	5	5	胡地早风霜	平去上平平	PZZ?P	平/去/上/平去/平
7b587933d6059db7dd5d355b73c6056c	吴均	胡无人行	梁	5	6	男儿不惜死	平平入入上	PP?ZZ	平/平/平上入/入/上
7b587933d6059db7dd5d355b73c6056c	吴均	胡无人行	梁	5	7	破胆与君尝	去??平平	Z??PP	去/平上/平上去/平/平
7b587933d6059db769e104cb75532486	吴均	答柳恽	梁	5	0	清晨发陇西	平平入上平	PPZZP	平/平/入/上/平
7b587933d6059db769e104cb75532486	吴均	答柳恽	梁	5	1	日暮飞狐谷	入去平平入	ZZPPZ	入/去/平/平/入
7b587933d6059db769e104cb75532486	吴均	答柳恽	梁	5	2	秋月照层岭	平入去平?	PZZP?	平/入/去/平/平上
7b587933d6059db769e104cb75532486	吴均	答柳恽	梁	5	3	寒风扫高木	平平?平入	P?ZPZ	平/平去/上去/平/入
7b587933d6059db769e104cb75532486	吴均	答柳恽	梁	5	4	雾露夜侵衣	去去去平?	ZZZP?	去/去/去/平/平去
7b587933d6059db769e104cb75532486	吴均	答柳恽	梁	5	5	关山晓催轴	平平上平入	PPZPZ	平/平/上/平/入
7b587933d6059db769e104cb75532486	吴均	答柳恽	梁	5	6	君去欲何之	平?入平平	PZZ?P	平/上去/入/平上/平
7b587933d6059db769e104cb75532486	吴均	答柳恽	梁	5	7	参差间原陆	??平平入	???PZ	平去/平去//平/入
7b587933d6059db769e104cb75532486	吴均	答柳恽	梁	5	8	一见终无缘	入去平平?	ZZPP?	入/去/平/平/平去
7b587933d6059db769e104cb75532486	吴均	答柳恽	梁	5	9	怀悲空满目	平平?上入	PP?ZZ	平/平/平去/上/入
7b587933d6059db77853238e4a3b99cd	吴均	咏宝剑	梁	5	0	我有一宝剑	上上入上?	ZZZZ?	上/上/入/上/
7b587933d6059db77853238e4a3b99cd	吴均	咏宝剑	梁	5	1	出自昆吾溪	入去平平平	ZZPPP	去入/去/平/平/平
7b587933d6059db77853238e4a3b99cd	吴均	咏宝剑	梁	5	2	照人如照水	去平平去上	ZP?ZZ	去/平/平去/去/上
7b587933d6059db77853238e4a3b99cd	吴均	咏宝剑	梁	5	3	切玉如切泥	?入平?平	ZZ?Z?	去入/入/平去/去入/平去
7b587933d6059db77853238e4a3b99cd	吴均	咏宝剑	梁	5	4	锷边霜凛凛	入平平??	ZPP??	入/平/平/平上/平上
7b587933d6059db77853238e4a3b99cd	吴均	咏宝剑	梁	5	5	匣上风凄凄	入?平平平	ZZ?PP	入/上去/平去/平/平
7b587933d6059db77853238e4a3b99cd	吴均	咏宝剑	梁	5	6	寄语张公子	去??平上	ZZ?PZ	去/上去/平去/平/上
7b587933d6059db77853238e4a3b99cd	吴均	咏宝剑	梁	5	7	何当来见携	平?平去平	??PZP	平上/平去/平/去/平
7b587933d6059db7ab72c89b3f05fecf	吴均	赠王桂阳	梁	5	0	松生数寸时	平平?去平	??ZZP	平去/平去/上去入/去/平
7b587933d6059db7ab72c89b3f05fecf	吴均	赠王桂阳	梁	5	1	遂为草所没	去?上上入	Z?ZZZ	去/平去/上/上/入
7b587933d6059db7ab72c89b3f05fecf	吴均	赠王桂阳	梁	5	2	未见笼云心	去去?平平	ZZ?PP	去/去/平上/平/平
7b587933d6059db7ab72c89b3f05fecf	吴均	赠王桂阳	梁	5	3	谁知负霜骨	平平上平入	PPZPZ	平/平/上/平/入
7b587933d6059db7ab72c89b3f05fecf	吴均	赠王桂阳	梁	5	4	弱干可摧残	入?上平平	Z?ZPP	入/平去/上/平/平
7b587933d6059db7ab72c89b3f05fecf	吴均	赠王桂阳	梁	5	5	纤茎易陵忽	平平?平入	PPZPZ	平/平/去入/平/入
7b587933d6059db7ab72c89b3f05fecf	吴均	赠王桂阳	梁	5	6	何当数千尺	平??平入	??ZPZ	平上/平去/上去入/平/入
7b587933d6059db7ab72c89b3f05fecf	吴均	赠王桂阳	梁	5	7	为君覆明月	?平?平入	?PZPZ	平去/平/去入/平/入
7b587933d6059db755a2e45bd2c63c6d	吴均	战城南	梁	5	0	躞蹀青骊马	入入平平上	ZZPPZ	入/入/平/平/上
7b587933d6059db755a2e45bd2c63c6d	吴均	战城南	梁	5	1	往战城南畿	上去平平平	ZZPPP	上/去/平/平/平
7b587933d6059db755a2e45bd2c63c6d	吴均	战城南	梁	5	2	五历鱼丽阵	上入平?去	ZZP?Z	上/入/平/平去/去
7b587933d6059db755a2e45bd2c63c6d	吴均	战城南	梁	5	3	三入九重围	平入上??	?ZZ??	平去/入/上/平上去/平去
7b587933d6059db755a2e45bd2c63c6d	吴均	战城南	梁	5	4	名慑武安将	平入上平?	PZZP?	平/入/上/平/平去
7b587933d6059db755a2e45bd2c63c6d	吴均	战城南	梁	5	5	血污秦王衣	入?平平?	Z?P??	入//平/平去/平去
7b587933d6059db755a2e45bd2c63c6d	吴均	战城南	梁	5	6	为君意气重	?平去去?	?PZZ?	平去/平/去/去/平上去
7b587933d6059db755a2e45bd2c63c6d	吴均	战城南	梁	5	7	无功终不归	平平平入平	PPP?P	平/平/平/平上入/平
7b587933d6059db744747983658d2c9f	吴均	梅花落	梁	5	0	终冬十二月	平平入去入	PPZZZ	平/平/入/去/入
7b587933d6059db744747983658d2c9f	吴均	梅花落	梁	5	1	寒风西北吹	平平平入?	P?PZ?	平/平去/平/入/平去
7b587933d6059db744747983658d2c9f	吴均	梅花落	梁	5	2	独有梅花落	入上平平入	ZZPPZ	入/上/平/平/入
7b587933d6059db744747983658d2c9f	吴均	梅花落	梁	5	3	飘荡不一枝	平?入入平	P??ZP	平/平上去/平上入/入/平
7b587933d6059db744747983658d2c9f	吴均	梅花落	梁	5	4	流连逐霜彩	平平入平上	PPZPZ	平/平/入/平/上
7b587933d6059db744747983658d2c9f	吴均	梅花落	梁	5	5	散漫下冰澌	?去?平去	ZZZPZ	上去/去/上去/平/去
7b587933d6059db744747983658d2c9f	吴均	梅花落	梁	5	6	何当与春日	平??平入	???PZ	平上/平去/平上去/平/入
7b587933d6059db744747983658d2c9f	吴均	梅花落	梁	5	7	共映芙蓉池	?去平平平	?ZPPP	平去/上去/平/平/平
7b587933d6059db7500a37a17a411c6d	吴均	同柳吴兴何山送刘馀杭	梁	5	0	王孙重离别	平平?平入	?P??Z	平去/平/平上去/平去/去入
7b587933d6059db7500a37a17a411c6d	吴均	同柳吴兴何山送刘馀杭	梁	5	1	置酒峰之畿	去上平平平	ZZPPP	去/上/平/平/平
7b587933d6059db7500a37a17a411c6d	吴均	同柳吴兴何山送刘馀杭	梁	5	2	逶迤川上草	平?平?上	P?PZZ	平//平/上去/上
7b587933d6059db7500a37a17a411c6d	吴均	同柳吴兴何山送刘馀杭	梁	5	3	参差涧里薇	??去上平	??ZZP	平去/平去/去/上/平
7b587933d6059db7500a37a17a411c6d	吴均	同柳吴兴何山送刘馀杭	梁	5	4	轻云纫远岫	?平平?去	?PPZZ	平去/平/平/上去/去
7b587933d6059db7500a37a17a411c6d	吴均	同柳吴兴何山送刘馀杭	梁	5	5	细雨沐山衣	去上入平?	ZZZP?	去/上去/入/平/平去
7b587933d6059db7500a37a17a411c6d	吴均	同柳吴兴何山送刘馀杭	梁	5	6	檐端水禽息	平平上平入	PPZPZ	平/平/上/平/入
7b587933d6059db7500a37a17a411c6d	吴均	同柳吴兴何山送刘馀杭	梁	5	7	窗上野萤飞	??上平平	?ZZPP	/上去/上/平/平
7b587933d6059db7500a37a17a411c6d	吴均	同柳吴兴何山送刘馀杭	梁	5	8	君随绿波远	平平入平?	PPZPZ	平/平/入/平/上去
7b587933d6059db7500a37a17a411c6d	吴均	同柳吴兴何山送刘馀杭	梁	5	9	我逐清风归	上入平平平	ZZP?P	上/入/平/平去/平
7b587933d6059db72481d7c43bad822b	吴均	行路难	梁	7	0	洞庭水上一株桐	?平上?入平平	?PZZZPP	平去/平/上/上去/入/平/平
7b587933d6059db72481d7c43bad822b	吴均	行路难	梁	7	1	经霜触浪困严风	?平入?去平平	?PZ?ZP?	平去/平/入/平去/去/平/平去
7b587933d6059db72481d7c43bad822b	吴均	行路难	梁	7	2	昔时抽心耀白日	入平平平去入入	ZPPPZZZ	入/平/平/平/去/入/入
7b587933d6059db72481d7c43bad822b	吴均	行路难	梁	7	3	今旦卧死黄沙中	平去去上平平?	PZZZP??	平/去/去/上/平/平去/平去
7b587933d6059db72481d7c43bad822b	吴均	行路难	梁	7	4	洛阳名工见咨嗟	入平平平去平平	ZPPPZPP	入/平/平/平/去/平/平
7b587933d6059db72481d7c43bad822b	吴均	行路难	梁	7	5	一剪一刻作琵琶	入上入入入平平	ZZZZZPP	入/上/入/入/去入/平/平
7b587933d6059db72481d7c43bad822b	吴均	行路难	梁	7	6	白璧规心学明月	入入平平入平入	ZZPPZPZ	入/入/平/平/入/平/入
7b587933d6059db72481d7c43bad822b	吴均	行路难	梁	7	7	珊瑚映面作风花	平平去去入平平	PPZZZ?P	平/平/上去/去/去入/平去/平
7b587933d6059db72481d7c43bad822b	吴均	行路难	梁	7	8	帝王见赏不见忘	去平去上入去去	Z?ZZ?ZZ	去/平去/去/上/平上入/去/去
7b587933d6059db72481d7c43bad822b	吴均	行路难	梁	7	9	提携把握登建章	平平上入平去平	PPZZPZP	平/平/上/入/平/去/平
7b587933d6059db72481d7c43bad822b	吴均	行路难	梁	7	10	掩抑摧藏张女弹	上入平??上?	ZZP??Z?	上/入/平/平去/平去/上去/平去
7b587933d6059db72481d7c43bad822b	吴均	行路难	梁	7	11	殷勤促柱楚明光	平平入上上平平	PPZZZP?	平/平/入/上/上去/平/平去
7b587933d6059db72481d7c43bad822b	吴均	行路难	梁	7	12	年年月月对君子	平平入入去平上	PPZZZPZ	平/平/入/入/去/平/上
7b587933d6059db72481d7c43bad822b	吴均	行路难	梁	7	13	遥遥夜夜宿未央	平平去去?去平	PPZZZZP	平/平/去/去/去入/去/平
7b587933d6059db72481d7c43bad822b	吴均	行路难	梁	7	14	未央采女弃鸣篪	去平上上去平平	ZPZZZPP	去/平/上/上去/去/平/平
7b587933d6059db72481d7c43bad822b	吴均	行路难	梁	7	15	争先拂拭生光仪	平?入入平平平	P?ZZ??P	平/平去/入/入/平去/平去/平
7b587933d6059db72481d7c43bad822b	吴均	行路难	梁	7	16	茱萸锦衣玉作匣	平平上?入入入	PPZ?ZZZ	平/平/上/平去/入/去入/入
7b587933d6059db72481d7c43bad822b	吴均	行路难	梁	7	17	安念昔日枯树枝	平去入入平?平	PZZZPZP	平/去/入/入/平/上去/平
7b587933d6059db72481d7c43bad822b	吴均	行路难	梁	7	18	不学衡山南岭桂	入入平平平?去	?ZPPP?Z	平上入/入/平/平/平/平上/去
7b587933d6059db72481d7c43bad822b	吴均	行路难	梁	7	19	至今千载犹未知	去平平?平去平	ZPPZ?ZP	去/平/平/上去/平去/去/平
7b587933d6059db752d264b914f9edbb	吴均	咏雪诗	梁	5	0	微风摇庭树	平平?平?	P??PZ	平/平去/平去/平/上去
7b587933d6059db752d264b914f9edbb	吴均	咏雪诗	梁	5	1	细雪下帘隙	去入?平入	ZZZPZ	去/入/上去/平/入
7b587933d6059db752d264b914f9edbb	吴均	咏雪诗	梁	5	2	萦空如雾转	平?平去?	P??ZZ	平/平去/平去/去/上去
7b587933d6059db752d264b914f9edbb	吴均	咏雪诗	梁	5	3	凝阶似花积	?平上平入	?PZPZ	平去/平/上/平/去入
7b587933d6059db752d264b914f9edbb	吴均	咏雪诗	梁	5	4	不见杨柳春	入去平上平	?ZPZP	平上入/去/平/上/平
7b587933d6059db752d264b914f9edbb	吴均	咏雪诗	梁	5	5	徒看桂枝白	平?去平入	P?ZPZ	平/平去/去/平/入
7b587933d6059db752d264b914f9edbb	吴均	咏雪诗	梁	5	6	零泪无人道	?去平平上	?ZPPZ	平去/去/平/平/上
7b587933d6059db752d264b914f9edbb	吴均	咏雪诗	梁	5	7	相思空何益	平平?平入	????Z	平去/平去/平去/平上/入
7b587933d6059db7027fa49f8752e27a	吴均	小垂手	梁	5	0	舞女出西秦	上上入平平	ZZZPP	上/上去/去入/平/平
7b587933d6059db7027fa49f8752e27a	吴均	小垂手	梁	5	1	蹑影舞阳春	入上上平平	ZZZPP	入/上/上/平/平
7b587933d6059db7027fa49f8752e27a	吴均	小垂手	梁	5	2	且复小垂手	?入上平上	?ZZPZ	平上/去入/上/平/上
7b587933d6059db7027fa49f8752e27a	吴均	小垂手	梁	5	3	广袖拂红尘	上去入平平	ZZZPP	上/去/入/平/平
7b587933d6059db7027fa49f8752e27a	吴均	小垂手	梁	5	4	折腰应两袖	?平?上去	?P?ZZ	平入/平/平去/上去/去
7b587933d6059db7027fa49f8752e27a	吴均	小垂手	梁	5	5	顿足转双巾	去入?平平	ZZZPP	去/去入/上去/平/平
7b587933d6059db7027fa49f8752e27a	吴均	小垂手	梁	5	6	蛾眉与曼脸	?平???	?P???	平上/平/平上去/平去/平上
7b587933d6059db7027fa49f8752e27a	吴均	小垂手	梁	5	7	见此空愁人	去上?平平	ZZ?PP	去/上/平去/平/平
7b587933d6059db77aa0a39b57b01275	吴均	咏少年诗	梁	5	0	董生唯巧笑	上平??去	Z??ZZ	上/平去/平上/上去/去
7b587933d6059db77aa0a39b57b01275	吴均	咏少年诗	梁	5	1	子都信美目	上平去上入	ZPZZZ	上/平/去/上/入
7b587933d6059db77aa0a39b57b01275	吴均	咏少年诗	梁	5	2	百万市一言	入去上入平	ZZZZP	入/去入/上/入/平
7b587933d6059db77aa0a39b57b01275	吴均	咏少年诗	梁	5	3	千金买相逐	平平上?入	PPZ?Z	平/平/上/平去/入
7b587933d6059db77aa0a39b57b01275	吴均	咏少年诗	梁	5	4	不道参差菜	入上??去	?Z??Z	平上入/上/平去/平去/去
7b587933d6059db77aa0a39b57b01275	吴均	咏少年诗	梁	5	5	谁论窈窕淑	平?上上入	P?ZZZ	平/平去/上/上/入
7b587933d6059db77aa0a39b57b01275	吴均	咏少年诗	梁	5	6	愿言捧绣被	去平上去?	ZPZZZ	去/平/上/去/上去
7b587933d6059db77aa0a39b57b01275	吴均	咏少年诗	梁	5	7	来就越人宿	平去入平?	PZZPZ	平/去/入/平/去入
7b587933d6059db7ee754c582917f17a	吴均	采莲曲	梁	5	0	江风当夏清	平平??平	P??ZP	平/平去/平去/上去/平
7b587933d6059db7ee754c582917f17a	吴均	采莲曲	梁	5	1	桂楫逐流萦	去入入平平	ZZZPP	去/入/入/平/平
7b587933d6059db7ee754c582917f17a	吴均	采莲曲	梁	5	2	初疑京兆剑	平平平上?	PPPZ?	平/平/平/上/
7b587933d6059db7ee754c582917f17a	吴均	采莲曲	梁	5	3	复似汉冠名	入上去?平	ZZZ?P	去入/上/去/平去/平
7b587933d6059db7ee754c582917f17a	吴均	采莲曲	梁	5	4	荷香带风远	?平去平?	?PZ?Z	平上/平/去/平去/上去
7b587933d6059db7ee754c582917f17a	吴均	采莲曲	梁	5	5	莲影向根生	?上?平平	?ZZP?	平上/上/上去/平/平去
7b587933d6059db7ee754c582917f17a	吴均	采莲曲	梁	5	6	叶卷珠难溜	入?平平去	Z?P?Z	入/平上去/平/平去/去
7b587933d6059db7ee754c582917f17a	吴均	采莲曲	梁	5	7	花舒红易倾	平平平?平	PPPZP	平/平/平/去入/平
7b587933d6059db7ee754c582917f17a	吴均	采莲曲	梁	5	8	日暮凫舟满	入去平平上	ZZPPZ	入/去/平/平/上
7b587933d6059db7ee754c582917f17a	吴均	采莲曲	梁	5	9	归来度锦城	平平?上平	PPZZP	平/平/去入/上/平
7b587933d6059db7d8c8d8b917f446fa	吴均	拟古四首	梁	5	0	袅袅陌上桑	上上入?平	ZZZZP	上/上/入/上去/平
7b587933d6059db7d8c8d8b917f446fa	吴均	拟古四首	梁	5	1	荫陌复垂塘	去入入平平	ZZZPP	去/入/去入/平/平
7b587933d6059db7d8c8d8b917f446fa	吴均	拟古四首	梁	5	2	长条映白日	?平去入入	?PZZZ	平上去/平/上去/入/入
7b587933d6059db7d8c8d8b917f446fa	吴均	拟古四首	梁	5	3	细叶隐鹂黄	去入上平平	ZZZPP	去/入/上去/平/平
7b587933d6059db7d8c8d8b917f446fa	吴均	拟古四首	梁	5	4	蚕饥妾复思	?平入入?	?PZZ?	平上/平/入/去入/平去
7b587933d6059db7d8c8d8b917f446fa	吴均	拟古四首	梁	5	5	拭泪且提筐	入去?平平	ZZ?PP	入/去/平上/平/平
7b587933d6059db7d8c8d8b917f446fa	吴均	拟古四首	梁	5	6	故人宁知此	去平?平上	ZP?PZ	去/平/平上去/平/上
7b587933d6059db7d8c8d8b917f446fa	吴均	拟古四首	梁	5	7	离恨煎人肠	平去?平平	?Z?PP	平去/去/平去/平/平
7b587933d6059db7d8c8d8b917f446fa	吴均	拟古四首	梁	5	8	咸阳春草芳	平平平上平	PPPZP	平/平/平/上/平
7b587933d6059db7d8c8d8b917f446fa	吴均	拟古四首	梁	5	9	秦帝卷衣裳	平去?平平	PZ??P	平/去/平上去/平去/平
7b587933d6059db7d8c8d8b917f446fa	吴均	拟古四首	梁	5	10	玉检茱萸匣	入上平平入	ZZPPZ	入/上/平/平/入
7b587933d6059db7d8c8d8b917f446fa	吴均	拟古四首	梁	5	11	金泥苏合香	平平平入平	P?PZP	平/平去/平/入/平
7b587933d6059db7d8c8d8b917f446fa	吴均	拟古四首	梁	5	12	初芳薰复帐	平平?入去	PP?ZZ	平/平/平去/去入/去
7b587933d6059db7d8c8d8b917f446fa	吴均	拟古四首	梁	5	13	馀辉耀玉床	平平去入平	PPZZP	平/平/去/入/平
7b587933d6059db7d8c8d8b917f446fa	吴均	拟古四首	梁	5	14	当须晏朝罢	?平去平?	?PZP?	平去/平/去/平/平上
7b587933d6059db7d8c8d8b917f446fa	吴均	拟古四首	梁	5	15	持此赠华阳	平上去?平	PZZ?P	平/上/去/平去/平
7b587933d6059db7d8c8d8b917f446fa	吴均	拟古四首	梁	5	16	锦带杂花钿	上去入平?	ZZZP?	上/去/入/平/平去
7b587933d6059db7d8c8d8b917f446fa	吴均	拟古四首	梁	5	17	罗衣垂绿川	平平平入平	P?PZP	平/平去/平/入/平
7b587933d6059db7d8c8d8b917f446fa	吴均	拟古四首	梁	5	18	问子今何去	去上平平?	ZZP?Z	去/上/平/平上/上去
7b587933d6059db7d8c8d8b917f446fa	吴均	拟古四首	梁	5	19	出采江南莲	入上平平?	ZZPP?	去入/上/平/平/平上
7b587933d6059db7d8c8d8b917f446fa	吴均	拟古四首	梁	5	20	辽西三千里	平平平平上	PP?PZ	平/平/平去/平/上
7b587933d6059db7d8c8d8b917f446fa	吴均	拟古四首	梁	5	21	欲寄无因缘	入去平平?	ZZPP?	入/去/平/平/平去
7b587933d6059db7d8c8d8b917f446fa	吴均	拟古四首	梁	5	22	愿君早旋返	去平上?上	ZPZ?Z	去/平/上/平去/上
7b587933d6059db7d8c8d8b917f446fa	吴均	拟古四首	梁	5	23	及此荷花鲜	入上?平?	ZZ?P?	入/上/平上/平/平上去
7b587933d6059db7d8c8d8b917f446fa	吴均	拟古四首	梁	5	24	艳裔阳之春	去去平平平	ZZPPP	去/去/平/平/平
7b587933d6059db7d8c8d8b917f446fa	吴均	拟古四首	梁	5	25	携手清洛滨	平上平入平	PZPZP	平/上/平/入/平
7b587933d6059db7d8c8d8b917f446fa	吴均	拟古四首	梁	5	26	鸡鸣上林苑	平平?平上	PPZPZ	平/平/上去/平/上
7b587933d6059db7d8c8d8b917f446fa	吴均	拟古四首	梁	5	27	薄暮小平津	入去上平平	ZZZPP	入/去/上/平/平
7b587933d6059db7d8c8d8b917f446fa	吴均	拟古四首	梁	5	28	长裾藻白日	?平上入入	?PZZZ	平上去/平/上/入/入
7b587933d6059db7d8c8d8b917f446fa	吴均	拟古四首	梁	5	29	广袖带芳尘	上去去平平	ZZZPP	上/去/去/平/平
7b587933d6059db7d8c8d8b917f446fa	吴均	拟古四首	梁	5	30	故交一如此	去平入平上	ZPZ?Z	去/平/入/平去/上
7b587933d6059db7d8c8d8b917f446fa	吴均	拟古四首	梁	5	31	新知讵忆人	平平?入平	PPZZP	平/平/上去/入/平
7b587933d6059db765321c0b01c7371c	吴均	赠周散骑兴嗣诗二首	梁	5	0	子云好饮酒	上平??上	ZPZZZ	上/平/上去/上去/上
7b587933d6059db765321c0b01c7371c	吴均	赠周散骑兴嗣诗二首	梁	5	1	家在成都县	平?平平?	PZPP?	平/上去/平/平/平去
7b587933d6059db765321c0b01c7371c	吴均	赠周散骑兴嗣诗二首	梁	5	2	制赋已百篇	去去上入平	ZZZZP	去/去/上去/入/平
7b587933d6059db765321c0b01c7371c	吴均	赠周散骑兴嗣诗二首	梁	5	3	弹琴复千转	?平入平?	?PZPZ	平去/平/去入/平/上去
7b587933d6059db765321c0b01c7371c	吴均	赠周散骑兴嗣诗二首	梁	5	4	敬通不富豪	去平入去平	ZP?ZP	去/平/平上入/去/平
7b587933d6059db765321c0b01c7371c	吴均	赠周散骑兴嗣诗二首	梁	5	5	相如本贫贱	?平上平去	??ZPZ	平去/平去/上/平/去
7b587933d6059db765321c0b01c7371c	吴均	赠周散骑兴嗣诗二首	梁	5	6	共作失职人	?入入入平	?ZZZP	平去/去入/入/入/平
7b587933d6059db765321c0b01c7371c	吴均	赠周散骑兴嗣诗二首	梁	5	7	包山一相见	平平入平去	PPZ?Z	平/平/入/平去/去
7b587933d6059db765321c0b01c7371c	吴均	赠周散骑兴嗣诗二首	梁	5	8	昔贤当路者	入平?去上	ZP?ZZ	入/平/平去/去/上
7b587933d6059db765321c0b01c7371c	吴均	赠周散骑兴嗣诗二首	梁	5	9	声名振华夏	平平???	PP??Z	平/平/平去/平去/上去
7b587933d6059db765321c0b01c7371c	吴均	赠周散骑兴嗣诗二首	梁	5	10	朱轮玳瑁牛	平平??平	PP?ZP	平/平//去入/平
7b587933d6059db765321c0b01c7371c	吴均	赠周散骑兴嗣诗二首	梁	5	11	紫鞚连钱马	上去平?上	ZZP?Z	上/去/平/平上/上
7b587933d6059db765321c0b01c7371c	吴均	赠周散骑兴嗣诗二首	梁	5	12	朝花舞风去	平平上平?	PPZ?Z	平/平/上/平去/上去
7b587933d6059db765321c0b01c7371c	吴均	赠周散骑兴嗣诗二首	梁	5	13	夜月窥窗下	去入平??	ZZP?Z	去/入/平//上去
7b587933d6059db765321c0b01c7371c	吴均	赠周散骑兴嗣诗二首	梁	5	14	想君贵易朋	上平去?平	ZPZZP	上/平/去/去入/平
7b587933d6059db765321c0b01c7371c	吴均	赠周散骑兴嗣诗二首	梁	5	15	居然应见舍	平平?去?	PP?ZZ	平/平/平去/去/上去
7b587933d6059db7725b7b3b8eccb769	吴均	酬别江主簿屯骑诗	梁	5	0	有客告将离	上入???	ZZZ??	上/入/去入/平去/平去
7b587933d6059db7725b7b3b8eccb769	吴均	酬别江主簿屯骑诗	梁	5	1	赠言重兰蕙	去平?平去	ZP?PZ	去/平/平上去/平/去
7b587933d6059db7725b7b3b8eccb769	吴均	酬别江主簿屯骑诗	梁	5	2	泛舟当泛济	?平???	?P??Z	平去入/平/平去/平去入/上去
7b587933d6059db7725b7b3b8eccb769	吴均	酬别江主簿屯骑诗	梁	5	3	结交当结桂	入平?入去	ZP?ZZ	入/平/平去/入/去
7b587933d6059db7725b7b3b8eccb769	吴均	酬别江主簿屯骑诗	梁	5	4	济水有清源	?上上平平	ZZZPP	上去/上/上/平/平
7b587933d6059db7725b7b3b8eccb769	吴均	酬别江主簿屯骑诗	梁	5	5	桂树多芳根	去?平平平	ZZPPP	去/上去/平/平/平
7b587933d6059db7725b7b3b8eccb769	吴均	酬别江主簿屯骑诗	梁	5	6	毛公与朱亥	?平?平上	?P?PZ	平去/平/平上去/平/上
7b587933d6059db7725b7b3b8eccb769	吴均	酬别江主簿屯骑诗	梁	5	7	俱在信陵门	平?去平平	PZZPP	平/上去/去/平/平
7b587933d6059db7725b7b3b8eccb769	吴均	酬别江主簿屯骑诗	梁	5	8	赵瑟凤凰柱	上入去平上	ZZZPZ	上/入/去/平/上
7b587933d6059db7725b7b3b8eccb769	吴均	酬别江主簿屯骑诗	梁	5	9	吴醥金罍樽	平上平平平	PZPPP	平/上/平/平/平
7b587933d6059db7725b7b3b8eccb769	吴均	酬别江主簿屯骑诗	梁	5	10	我有北山志	上上入平去	ZZZPZ	上/上/入/平/去
7b587933d6059db7725b7b3b8eccb769	吴均	酬别江主簿屯骑诗	梁	5	11	留连为报恩	?平?去平	?P?ZP	平去/平/平去/去/平
7b587933d6059db7725b7b3b8eccb769	吴均	酬别江主簿屯骑诗	梁	5	12	夫君皆逸翮	平平平入入	PPPZZ	平/平/平/入/入
7b587933d6059db7725b7b3b8eccb769	吴均	酬别江主簿屯骑诗	梁	5	13	抟景复凌鶱	?上入平平	?ZZPP	平上/上/去入/平/平
7b587933d6059db7725b7b3b8eccb769	吴均	酬别江主簿屯骑诗	梁	5	14	白云间海树	入平平上?	ZP?ZZ	入/平//上/上去
7b587933d6059db7725b7b3b8eccb769	吴均	酬别江主簿屯骑诗	梁	5	15	秋日暗平原	平入去平平	PZZPP	平/入/去/平/平
7b587933d6059db7725b7b3b8eccb769	吴均	酬别江主簿屯骑诗	梁	5	16	寒虫鸣趯趯	平?平入入	P?PZZ	平/平上去/平/入/入
7b587933d6059db7725b7b3b8eccb769	吴均	酬别江主簿屯骑诗	梁	5	17	落叶飞翻翻	入入平平平	ZZPPP	入/入/平/平/平
7b587933d6059db7725b7b3b8eccb769	吴均	酬别江主簿屯骑诗	梁	5	18	何用赠分首	平去去??	?ZZ?Z	平上/去/去/平去/上去
7b587933d6059db7725b7b3b8eccb769	吴均	酬别江主簿屯骑诗	梁	5	19	自有北堂萱	去上入平平	ZZZPP	去/上/入/平/平
7b587933d6059db7d43f75b19c115af4	吴均	赠杜容成诗	梁	5	0	一燕海上来	入?上?平	Z?ZZP	入/平去/上/上去/平
7b587933d6059db7d43f75b19c115af4	吴均	赠杜容成诗	梁	5	1	一燕高堂息	入?平平入	Z?PPZ	入/平去/平/平/入
7b587933d6059db7d43f75b19c115af4	吴均	赠杜容成诗	梁	5	2	一朝相逢遇	入平平平去	ZP?PZ	入/平/平去/平/去
7b587933d6059db7d43f75b19c115af4	吴均	赠杜容成诗	梁	5	3	依然旧相识	平平去??	PPZ?Z	平/平/去/平去/去入
7b587933d6059db7d43f75b19c115af4	吴均	赠杜容成诗	梁	5	4	问余来何迟	去平平平平	ZPP?P	去/平/平/平上/平
7b587933d6059db7d43f75b19c115af4	吴均	赠杜容成诗	梁	5	5	山川几纡直	平平?平入	PP?PZ	平/平/平上去/平/入
7b587933d6059db7d43f75b19c115af4	吴均	赠杜容成诗	梁	5	6	答言海路长	入平上去?	ZPZZ?	入/平/上/去/平上去
7b587933d6059db7d43f75b19c115af4	吴均	赠杜容成诗	梁	5	7	风驶飞无力	平?平平入	?ZPPZ	平去/上去/平/平/入
7b587933d6059db7d43f75b19c115af4	吴均	赠杜容成诗	梁	5	8	昔别缝罗衣	入入?平平	ZZ?P?	入/去入/平去/平/平去
7b587933d6059db7d43f75b19c115af4	吴均	赠杜容成诗	梁	5	9	春风初入帏	平平平入平	P?PZP	平/平去/平/入/平
7b587933d6059db7d43f75b19c115af4	吴均	赠杜容成诗	梁	5	10	今来夏欲晚	平平?入上	PPZZZ	平/平/上去/入/上
7b587933d6059db7d43f75b19c115af4	吴均	赠杜容成诗	梁	5	11	桑扈薄树飞	平上入?平	PZZZP	平/上/入/上去/平
7b587933d6059db78fabb14dbf9e8c3e	吴均	登二妃庙诗	梁	5	0	朝云乱入目	平平去入入	PPZZZ	平/平/去/入/入
7b587933d6059db78fabb14dbf9e8c3e	吴均	登二妃庙诗	梁	5	1	帝女湘川宿	去上平平?	ZZPPZ	去/上去/平/平/去入
7b587933d6059db78fabb14dbf9e8c3e	吴均	登二妃庙诗	梁	5	2	折菡巫山下	?上平平?	?ZPPZ	平入/上/平/平/上去
7b587933d6059db78fabb14dbf9e8c3e	吴均	登二妃庙诗	梁	5	3	采荇洞庭腹	上上?平入	ZZ?PZ	上/上/平去/平/入
7b587933d6059db78fabb14dbf9e8c3e	吴均	登二妃庙诗	梁	5	4	故以轻薄好	去上?入?	ZZ?ZZ	去/上/平去/入/上去
7b587933d6059db78fabb14dbf9e8c3e	吴均	登二妃庙诗	梁	5	5	千里命舻舳	平上去平入	PZZPZ	平/上/去/平/入
7b587933d6059db78fabb14dbf9e8c3e	吴均	登二妃庙诗	梁	5	6	何事非相思	平去平平平	?ZP??	平上/去/平/平去/平去
7b587933d6059db78fabb14dbf9e8c3e	吴均	登二妃庙诗	梁	5	7	江上葳蕤竹	平?平平入	PZPPZ	平/上去/平/平/入
7b587933d6059db7c4b2b1724a5cb290	吴均	萍诗	梁	5	0	可怜池里萍	上平平上平	ZPPZP	上/平/平/上/平
7b587933d6059db7c4b2b1724a5cb290	吴均	萍诗	梁	5	1	葐蒀紫复青	平平上入平	PPZZP	平/平/上/去入/平
7b587933d6059db7c4b2b1724a5cb290	吴均	萍诗	梁	5	2	工随浪开合	平平?平入	PP?PZ	平/平/平去/平/入
7b587933d6059db7c4b2b1724a5cb290	吴均	萍诗	梁	5	3	能逐水低平	?入上平平	?ZZPP	平上去/入/上/平/平
7b587933d6059db7c4b2b1724a5cb290	吴均	萍诗	梁	5	4	微根无所缀	平平平上?	PPPZZ	平/平/平/上/去入
7b587933d6059db7c4b2b1724a5cb290	吴均	萍诗	梁	5	5	细叶讵须茎	去入?平平	ZZZPP	去/入/上去/平/平
7b587933d6059db7c4b2b1724a5cb290	吴均	萍诗	梁	5	6	飘荡终难测	平?平平入	P?P?Z	平/平上去/平/平去/入
7b587933d6059db7c4b2b1724a5cb290	吴均	萍诗	梁	5	7	流连如有情	平平平上平	PP?ZP	平/平/平去/上/平
7b587933d6059db7dfadd697d919c715	吴均	送归曲	梁	5	0	送子独南归	去上入平平	ZZZPP	去/上/入/平/平
7b587933d6059db7dfadd697d919c715	吴均	送归曲	梁	5	1	揽衣空闵默	上??上入	Z??ZZ	上/平去/平去/上/入
7b587933d6059db7dfadd697d919c715	吴均	送归曲	梁	5	2	关山昼欲暗	平平去入去	PPZZZ	平/平/去/入/去
7b587933d6059db7dfadd697d919c715	吴均	送归曲	梁	5	3	河冰夜向塞	平平去??	PPZZZ	平/平/去/上去/去入
7b587933d6059db7dfadd697d919c715	吴均	送归曲	梁	5	4	燕至他人乡	?去平平平	?ZPPP	平去/去/平/平/平
7b587933d6059db7dfadd697d919c715	吴均	送归曲	梁	5	5	雁云还谁国	去平平平入	ZPPPZ	去/平/平/平/入
7b587933d6059db7dfadd697d919c715	吴均	送归曲	梁	5	6	寄子两行书	去上上?平	ZZZ?P	去/上/上去/平去/平
7b587933d6059db7dfadd697d919c715	吴均	送归曲	梁	5	7	分明达济北	?平??入	?PZZZ	平去/平/去入/上去/入
7b587933dafe0f9b63c73937c7af82da	江淹	咏美人春游诗	齊	5	0	江南二月春	平平去入平	PPZZP	平/平/去/入/平
7b587933dafe0f9b63c73937c7af82da	江淹	咏美人春游诗	齊	5	1	东风转绿蘋	平平?入平	P?ZZP	平/平去/上去/入/平
7b587933dafe0f9b63c73937c7af82da	江淹	咏美人春游诗	齊	5	2	不知谁家子	入平平平上	?PPPZ	平上入/平/平/平/上
7b587933dafe0f9b63c73937c7af82da	江淹	咏美人春游诗	齊	5	3	看花桃李津	?平平上平	?PPZP	平去/平/平/上/平
7b587933dafe0f9b63c73937c7af82da	江淹	咏美人春游诗	齊	5	4	白雪凝琼貌	入入?平去	ZZ?PZ	入/入/平去/平/去
7b587933dafe0f9b63c73937c7af82da	江淹	咏美人春游诗	齊	5	5	明珠点绛唇	平平上去平	PPZZP	平/平/上/去/平
7b587933dafe0f9b63c73937c7af82da	江淹	咏美人春游诗	齊	5	6	行人咸息驾	?平平入去	?PPZZ	平去/平/平/入/去
7b587933dafe0f9b63c73937c7af82da	江淹	咏美人春游诗	齊	5	7	争拟洛川神	平上入平平	PZZPP	平/上/入/平/平
7b587933dafe0f9b58a800bed115d8cf	江淹	杂体诗三十首	齊	5	0	远与君别者	??平入上	Z?PZZ	上去/平上去/平/去入/上
7b587933dafe0f9b58a800bed115d8cf	江淹	杂体诗三十首	齊	5	1	乃至雁门关	上去去平平	ZZZPP	上/去/去/平/平
7b587933dafe0f9b58a800bed115d8cf	江淹	杂体诗三十首	齊	5	2	黄云蔽千里	平平去平上	PPZPZ	平/平/去/平/上
7b587933dafe0f9b58a800bed115d8cf	江淹	杂体诗三十首	齊	5	3	游子何时还	平上平平平	PZ?PP	平/上/平上/平/平
7b587933dafe0f9b58a800bed115d8cf	江淹	杂体诗三十首	齊	5	4	送君如昨日	去平平入入	ZP?ZZ	去/平/平去/入/入
7b587933dafe0f9b58a800bed115d8cf	江淹	杂体诗三十首	齊	5	5	檐前露已团	平平去上平	PPZZP	平/平/去/上去/平
7b587933dafe0f9b58a800bed115d8cf	江淹	杂体诗三十首	齊	5	6	不惜蕙草晚	入入去上上	?ZZZZ	平上入/入/去/上/上
7b587933dafe0f9b58a800bed115d8cf	江淹	杂体诗三十首	齊	5	7	所悲道里寒	上平上上平	ZPZZP	上/平/上/上/平
7b587933dafe0f9b58a800bed115d8cf	江淹	杂体诗三十首	齊	5	8	君在天一涯	平?平入平	PZPZP	平/上去/平/入/平
7b587933dafe0f9b58a800bed115d8cf	江淹	杂体诗三十首	齊	5	9	妾身长别离	入平?入?	ZP?Z?	入/平/平上去/去入/平去
7b587933dafe0f9b58a800bed115d8cf	江淹	杂体诗三十首	齊	5	10	愿一见颜色	去入去平入	ZZZPZ	去/入/去/平/入
7b587933dafe0f9b58a800bed115d8cf	江淹	杂体诗三十首	齊	5	11	菟丝及水萍	?平入上平	?PZZP	平去/平/入/上/平
7b587933dafe0f9b58a800bed115d8cf	江淹	杂体诗三十首	齊	5	12	所寄终不移	上去平入平	ZZP?P	上/去/平/平上入/平
7b587933dafe0f9b58a800bed115d8cf	江淹	杂体诗三十首	齊	5	13	樽酒送征人	平上去平平	PZZ?P	平/上/去/平上/平
7b587933dafe0f9b58a800bed115d8cf	江淹	杂体诗三十首	齊	5	14	日暮浮云滋	入去平平平	ZZPPP	入/去/平/平/平
7b587933dafe0f9b58a800bed115d8cf	江淹	杂体诗三十首	齊	5	15	握手泪如霰	入上去平去	ZZZ?Z	入/上/去/平去/去
7b587933dafe0f9b58a800bed115d8cf	江淹	杂体诗三十首	齊	5	16	悠悠清水川	平平平上平	PPPZP	平/平/平/上/平
7b587933dafe0f9b58a800bed115d8cf	江淹	杂体诗三十首	齊	5	17	嘉鲂得所荐	平平入上去	PPZZZ	平/平/入/上/去
7b587933dafe0f9b58a800bed115d8cf	江淹	杂体诗三十首	齊	5	18	而我在万里	平上?去上	PZZZZ	平/上/上去/去入/上
7b587933dafe0f9b58a800bed115d8cf	江淹	杂体诗三十首	齊	5	19	结友不相见	入上入平去	ZZ??Z	入/上/平上入/平去/去
7b587933dafe0f9b58a800bed115d8cf	江淹	杂体诗三十首	齊	5	20	袖中有短书	去?上上平	Z?ZZP	去/平去/上/上/平
7b587933dafe0f9b58a800bed115d8cf	江淹	杂体诗三十首	齊	5	21	愿寄双飞燕	去去平平?	ZZPP?	去/去/平/平/平去
7b587933dafe0f9b58a800bed115d8cf	江淹	杂体诗三十首	齊	5	22	纨扇如团月	平?平平入	P??PZ	平/平去/平去/平/入
7b587933dafe0f9b58a800bed115d8cf	江淹	杂体诗三十首	齊	5	23	出自机中素	入去??去	ZZ??Z	去入/去/平上/平去/去
7b587933dafe0f9b58a800bed115d8cf	江淹	杂体诗三十首	齊	5	24	画作秦王女	?入平平上	ZZP?Z	去入/去入/平/平去/上去
7b587933dafe0f9b58a800bed115d8cf	江淹	杂体诗三十首	齊	5	25	乘鸾向烟雾	?平?平去	?PZ?Z	平去/平/上去/平去/去
7b587933dafe0f9b58a800bed115d8cf	江淹	杂体诗三十首	齊	5	26	彩色世所重	上入去上?	ZZZZ?	上/入/去/上/平上去
7b587933dafe0f9b58a800bed115d8cf	江淹	杂体诗三十首	齊	5	27	虽新不代故	平平入去去	PP?ZZ	平/平/平上入/去/去
7b587933dafe0f9b58a800bed115d8cf	江淹	杂体诗三十首	齊	5	28	窃愁凉风至	入平?平去	ZP??Z	入/平/平去/平去/去
7b587933dafe0f9b58a800bed115d8cf	江淹	杂体诗三十首	齊	5	29	吹我玉阶树	?上入平?	?ZZPZ	平去/上/入/平/上去
7b587933dafe0f9b58a800bed115d8cf	江淹	杂体诗三十首	齊	5	30	君子恩未毕	平上平去入	PZPZZ	平/上/平/去/入
7b587933dafe0f9b58a800bed115d8cf	江淹	杂体诗三十首	齊	5	31	零落在中路	?入??去	?ZZ?Z	平去/入/上去/平去/去
7b587933dafe0f9b58a800bed115d8cf	江淹	杂体诗三十首	齊	5	32	置酒坐飞阁	去上上平入	ZZZPZ	去/上/上去/平/入
7b587933dafe0f9b58a800bed115d8cf	江淹	杂体诗三十首	齊	5	33	逍遥临华池	平平??平	PP??P	平/平/平去/平去/平
7b587933dafe0f9b58a800bed115d8cf	江淹	杂体诗三十首	齊	5	34	神飚自远至	平?去?去	P?ZZZ	平//去/上去/去
7b587933dafe0f9b58a800bed115d8cf	江淹	杂体诗三十首	齊	5	35	左右芙蓉披	??平平?	ZZPP?	上去/上去/平/平/平上
7b587933dafe0f9b58a800bed115d8cf	江淹	杂体诗三十首	齊	5	36	绿竹夹清水	入入入平上	ZZZPZ	入/入/入/平/上
7b587933dafe0f9b58a800bed115d8cf	江淹	杂体诗三十首	齊	5	37	秋兰被组崖	平平?上平	PPZZP	平/平/上去/上/平
7b587933dafe0f9b58a800bed115d8cf	江淹	杂体诗三十首	齊	5	38	月出照园中	入入去平?	ZZZP?	入/去入/去/平/平去
7b587933dafe0f9b58a800bed115d8cf	江淹	杂体诗三十首	齊	5	39	冠佩相追随	?去?平平	?Z?PP	平去/去/平去/平/平
7b587933dafe0f9b58a800bed115d8cf	江淹	杂体诗三十首	齊	5	40	客从南楚来	入?平上平	Z?PZP	入/平去/平/上去/平
7b587933dafe0f9b58a800bed115d8cf	江淹	杂体诗三十首	齊	5	41	为我吹参差	?上???	?Z???	平去/上/平去/平去/平去
7b587933dafe0f9b58a800bed115d8cf	江淹	杂体诗三十首	齊	5	42	渊鱼犹伏浦	平平平?上	PP?ZZ	平/平/平去/去入/上
7b587933dafe0f9b58a800bed115d8cf	江淹	杂体诗三十首	齊	5	43	听者未云罢	?上去平?	?ZZP?	平上去/上/去/平/平上
7b587933dafe0f9b58a800bed115d8cf	江淹	杂体诗三十首	齊	5	44	高文一何绮	平平入平上	PPZ?Z	平/平/入/平上/上
7b587933dafe0f9b58a800bed115d8cf	江淹	杂体诗三十首	齊	5	45	小儒安足为	上平平入?	ZPPZ?	上/平/平/去入/平去
7b587933dafe0f9b58a800bed115d8cf	江淹	杂体诗三十首	齊	5	46	肃肃广殿阴	入入上去平	ZZZZP	入/入/上/去/平
7b587933dafe0f9b58a800bed115d8cf	江淹	杂体诗三十首	齊	5	47	雀声愁北林	入平平入平	ZPPZP	入/平/平/入/平
7b587933dafe0f9b58a800bed115d8cf	江淹	杂体诗三十首	齊	5	48	众宾还城邑	?平平平入	?PPPZ	/平/平/平/入
7b587933dafe0f9b58a800bed115d8cf	江淹	杂体诗三十首	齊	5	49	何用慰我心	平去去上平	?ZZZP	平上/去/去/上/平
7b587933dafe0f9b58a800bed115d8cf	江淹	杂体诗三十首	齊	5	50	君王礼英贤	平平上平平	P?ZPP	平/平去/上/平/平
7b587933dafe0f9b58a800bed115d8cf	江淹	杂体诗三十首	齊	5	51	不吝千金璧	入去平平入	?ZPPZ	平上入/去/平/平/入
7b587933dafe0f9b58a800bed115d8cf	江淹	杂体诗三十首	齊	5	52	双阙指驰道	平入上平上	PZZPZ	平/入/上/平/上
7b587933dafe0f9b58a800bed115d8cf	江淹	杂体诗三十首	齊	5	53	朱宫罗第宅	平平平去入	PPPZZ	平/平/平/去/入
7b587933dafe0f9b58a800bed115d8cf	江淹	杂体诗三十首	齊	5	54	从容冰井台	?平平上平	?PPZP	平去/平/平/上/平
7b587933dafe0f9b58a800bed115d8cf	江淹	杂体诗三十首	齊	5	55	清池映华薄	平平去?入	PPZ?Z	平/平/上去/平去/入
7b587933dafe0f9b58a800bed115d8cf	江淹	杂体诗三十首	齊	5	56	凉风荡芳气	?平?平去	???PZ	平去/平去/平上去/平/去
7b587933dafe0f9b58a800bed115d8cf	江淹	杂体诗三十首	齊	5	57	碧树先秋落	入??平入	ZZ?PZ	入/上去/平去/平/入
7b587933dafe0f9b58a800bed115d8cf	江淹	杂体诗三十首	齊	5	58	朝与佳人期	平?平平平	P?PPP	平/平上去/平/平/平
7b587933dafe0f9b58a800bed115d8cf	江淹	杂体诗三十首	齊	5	59	日夕望青阁	入入?平入	ZZ?PZ	入/入/平去/平/入
7b587933dafe0f9b58a800bed115d8cf	江淹	杂体诗三十首	齊	5	60	褰裳摘明珠	平平入平平	PPZPP	平/平/入/平/平
7b587933dafe0f9b58a800bed115d8cf	江淹	杂体诗三十首	齊	5	61	徙倚拾蕙若	上?入去?	ZZZZ?	上/上去/入/去/平上入
7b587933dafe0f9b58a800bed115d8cf	江淹	杂体诗三十首	齊	5	62	眷我二三子	去上去平上	ZZZ?Z	去/上/去/平去/上
7b587933dafe0f9b58a800bed115d8cf	江淹	杂体诗三十首	齊	5	63	辞义丽金雘	平去?平入	PZ?PZ	平/去/平去/平/入
7b587933dafe0f9b58a800bed115d8cf	江淹	杂体诗三十首	齊	5	64	延陵轻宝剑	?平?上?	?P?Z?	平去/平/平去/上/
7b587933dafe0f9b58a800bed115d8cf	江淹	杂体诗三十首	齊	5	65	季布重然诺	去去?平入	ZZ?PZ	去/去/平上去/平/入
7b587933dafe0f9b58a800bed115d8cf	江淹	杂体诗三十首	齊	5	66	处富不忘贫	?去入去平	ZZ?ZP	上去/去/平上入/去/平
7b587933dafe0f9b58a800bed115d8cf	江淹	杂体诗三十首	齊	5	67	有道在葵藿	上上?平入	ZZZPZ	上/上/上去/平/入
7b587933dafe0f9b58a800bed115d8cf	江淹	杂体诗三十首	齊	5	68	苍苍山中桂	??平平去	??P?Z	平上/平上/平/平去/去
7b587933dafe0f9b58a800bed115d8cf	江淹	杂体诗三十首	齊	5	69	团团霜露色	平平平去入	PPPZZ	平/平/平/去/入
7b587933dafe0f9b58a800bed115d8cf	江淹	杂体诗三十首	齊	5	70	霜露一何紧	平去入平上	PZZ?Z	平/去/入/平上/上
7b587933dafe0f9b58a800bed115d8cf	江淹	杂体诗三十首	齊	5	71	桂枝生自直	去平平去入	ZP?ZZ	去/平/平去/去/入
7b587933dafe0f9b58a800bed115d8cf	江淹	杂体诗三十首	齊	5	72	橘柚在南国	入??平入	ZZZPZ	入/去入/上去/平/入
7b587933dafe0f9b58a800bed115d8cf	江淹	杂体诗三十首	齊	5	73	因君为羽翼	平平?上入	PP?ZZ	平/平/平去/上去/入
7b587933dafe0f9b58a800bed115d8cf	江淹	杂体诗三十首	齊	5	74	谬蒙圣主私	去??上平	Z?ZZP	去/平上/去入/上/平
7b587933dafe0f9b58a800bed115d8cf	江淹	杂体诗三十首	齊	5	75	托身文墨职	入平平入入	ZPPZZ	入/平/平/入/入
7b587933dafe0f9b58a800bed115d8cf	江淹	杂体诗三十首	齊	5	76	丹彩既已过	平上去上?	PZZZ?	平/上/去/上去/平去
7b587933dafe0f9b58a800bed115d8cf	江淹	杂体诗三十首	齊	5	77	敢不自雕饰	上入去平入	Z?ZPZ	上/平上入/去/平/入
7b587933dafe0f9b58a800bed115d8cf	江淹	杂体诗三十首	齊	5	78	华月照芳池	?入去平平	?ZZPP	平去/入/去/平/平
7b587933dafe0f9b58a800bed115d8cf	江淹	杂体诗三十首	齊	5	79	列坐金殿侧	?上平去入	?ZPZZ	平入/上去/平/去/入
7b587933dafe0f9b58a800bed115d8cf	江淹	杂体诗三十首	齊	5	80	微臣固受赐	平平去上去	PPZZZ	平/平/去/上/去
7b587933dafe0f9b58a800bed115d8cf	江淹	杂体诗三十首	齊	5	81	鸿恩良未测	?平平去入	?PPZZ	平上/平/平/去/入
7b587933dafe0f9b58a800bed115d8cf	江淹	杂体诗三十首	齊	5	82	伊昔值世乱	平入去去去	PZZZZ	平/入/去/去/去
7b587933dafe0f9b58a800bed115d8cf	江淹	杂体诗三十首	齊	5	83	秣马辞帝京	入上平去平	ZZPZP	入/上/平/去/平
7b587933dafe0f9b58a800bed115d8cf	江淹	杂体诗三十首	齊	5	84	既伤蔓草别	去平?上入	Z??ZZ	去/平去/平去/上/去入
7b587933dafe0f9b58a800bed115d8cf	江淹	杂体诗三十首	齊	5	85	方知枤杜情	平平?上平	PP?ZP	平/平//上/平
7b587933dafe0f9b58a800bed115d8cf	江淹	杂体诗三十首	齊	5	86	崤函荡丘墟	平平?平平	PP?PP	平/平/平上去/平/平
7b587933dafe0f9b58a800bed115d8cf	江淹	杂体诗三十首	齊	5	87	冀阙缅纵横	去入上??	ZZZ??	去/入/上/平去/平去
7b587933dafe0f9b58a800bed115d8cf	江淹	杂体诗三十首	齊	5	88	倚棹泛泾渭	?去?平去	ZZ?PZ	上去/去/平去入/平/去
7b587933dafe0f9b58a800bed115d8cf	江淹	杂体诗三十首	齊	5	89	日暮山河清	入去平平平	ZZPPP	入/去/平/平/平
7b587933dafe0f9b58a800bed115d8cf	江淹	杂体诗三十首	齊	5	90	蟋蟀依素野	入入平去上	ZZPZZ	入/入/平/去/上
7b587933dafe0f9b58a800bed115d8cf	江淹	杂体诗三十首	齊	5	91	严风吹枯茎	平平?平平	P??PP	平/平去/平去/平/平
7b587933dafe0f9b58a800bed115d8cf	江淹	杂体诗三十首	齊	5	92	鹳鹢在幽草	去入?平上	ZZZPZ	去/入/上去/平/上
7b587933dafe0f9b58a800bed115d8cf	江淹	杂体诗三十首	齊	5	93	客子泪子零	入上去上?	ZZZZ?	入/上/去/上/平去
7b587933dafe0f9b58a800bed115d8cf	江淹	杂体诗三十首	齊	5	94	去乡三十载	?平平入?	ZP?ZZ	上去/平/平去/入/上去
7b587933dafe0f9b58a800bed115d8cf	江淹	杂体诗三十首	齊	5	95	幸遭天下平	上平平?平	ZPPZP	上/平/平/上去/平
7b587933dafe0f9b58a800bed115d8cf	江淹	杂体诗三十首	齊	5	96	贤主降嘉赏	平上?平上	PZ?PZ	平/上/平去/平/上
7b587933dafe0f9b58a800bed115d8cf	江淹	杂体诗三十首	齊	5	97	金貂服玄缨	平平入平平	PPZPP	平/平/入/平/平
7b587933dafe0f9b58a800bed115d8cf	江淹	杂体诗三十首	齊	5	98	侍宴出河曲	去?入平入	ZZZPZ	去/上去/去入/平/入
7b587933dafe0f9b58a800bed115d8cf	江淹	杂体诗三十首	齊	5	99	飞盖游邺城	平?平入平	PZPZP	平/去入/平/入/平
7b587933dafe0f9b58a800bed115d8cf	江淹	杂体诗三十首	齊	5	100	朝露竟几何	平去去?平	PZZ??	平/去/去/平上去/平上
7b587933dafe0f9b58a800bed115d8cf	江淹	杂体诗三十首	齊	5	101	忽如水上萍	入平上?平	Z?ZZP	入/平去/上/上去/平
7b587933dafe0f9b58a800bed115d8cf	江淹	杂体诗三十首	齊	5	102	君子笃恩义	平上入平去	PZZPZ	平/上/入/平/去
7b587933dafe0f9b58a800bed115d8cf	江淹	杂体诗三十首	齊	5	103	柯叶终不倾	平入平入平	PZP?P	平/入/平/平上入/平
7b587933dafe0f9b58a800bed115d8cf	江淹	杂体诗三十首	齊	5	104	福履既所绥	入上去上平	ZZZZP	入/上/去/上/平
7b587933dafe0f9b58a800bed115d8cf	江淹	杂体诗三十首	齊	5	105	千载垂令名	平?平?平	PZP?P	平/上去/平/平去/平
7b587933dafe0f9b58a800bed115d8cf	江淹	杂体诗三十首	齊	5	106	曰余不师训	入平入平去	ZP?PZ	入/平/平上入/平/去
7b587933dafe0f9b58a800bed115d8cf	江淹	杂体诗三十首	齊	5	107	潜志去世尘	?去?去平	?ZZZP	平去/去/上去/去/平
7b587933dafe0f9b58a800bed115d8cf	江淹	杂体诗三十首	齊	5	108	远想出宏域	?上入平入	ZZZPZ	上去/上/去入/平/入
7b587933dafe0f9b58a800bed115d8cf	江淹	杂体诗三十首	齊	5	109	高步超常伦	平去平平平	PZPPP	平/去/平/平/平
7b587933dafe0f9b58a800bed115d8cf	江淹	杂体诗三十首	齊	5	110	灵凤振羽仪	平去?上平	PZ?ZP	平/去/平去/上去/平
7b587933dafe0f9b58a800bed115d8cf	江淹	杂体诗三十首	齊	5	111	戢景西海滨	入上平上平	ZZPZP	入/上/平/上/平
7b587933dafe0f9b58a800bed115d8cf	江淹	杂体诗三十首	齊	5	112	朝食琅玕实	平?平平入	PZPPZ	平/去入/平/平/入
7b587933dafe0f9b58a800bed115d8cf	江淹	杂体诗三十首	齊	5	113	夕饮玉池津	入?入平平	ZZZPP	入/上去/入/平/平
7b587933dafe0f9b58a800bed115d8cf	江淹	杂体诗三十首	齊	5	114	处顺故无累	?去去平?	ZZZP?	上去/去/去/平/平上去
7b587933dafe0f9b58a800bed115d8cf	江淹	杂体诗三十首	齊	5	115	养德乃入神	?入上入平	ZZZZP	上去/入/上/入/平
7b587933dafe0f9b58a800bed115d8cf	江淹	杂体诗三十首	齊	5	116	旷哉宇宙惠	去平上去去	ZPZZZ	去/平/上/去/去
7b587933dafe0f9b58a800bed115d8cf	江淹	杂体诗三十首	齊	5	117	云罗更四陈	平平?去?	PP?Z?	平/平/平去/去/平去
7b587933dafe0f9b58a800bed115d8cf	江淹	杂体诗三十首	齊	5	118	哲人贵识义	入平去?去	ZPZZZ	入/平/去/去入/去
7b587933dafe0f9b58a800bed115d8cf	江淹	杂体诗三十首	齊	5	119	大雅明庇身	去上平去平	ZZPZP	去/上/平/去/平
7b587933dafe0f9b58a800bed115d8cf	江淹	杂体诗三十首	齊	5	120	庄生悟无为	平平去平?	P?ZP?	平/平去/去/平/平去
7b587933dafe0f9b58a800bed115d8cf	江淹	杂体诗三十首	齊	5	121	孙登庶知人	平平去平平	PPZPP	平/平/去/平/平
7b587933dafe0f9b58a800bed115d8cf	江淹	杂体诗三十首	齊	5	122	写怀良未远	上平平去?	ZPPZZ	上/平/平/去/上去
7b587933dafe0f9b58a800bed115d8cf	江淹	杂体诗三十首	齊	5	123	感赠以书绅	上去上平平	ZZZPP	上/去/上/平/平
7b587933dafe0f9b58a800bed115d8cf	江淹	杂体诗三十首	齊	5	124	青鸟海上游	平上上?平	PZZZP	平/上/上/上去/平
7b587933dafe0f9b58a800bed115d8cf	江淹	杂体诗三十首	齊	5	125	鷽斯蒿下飞	入平平?平	ZPPZP	入/平/平/上去/平
7b587933dafe0f9b58a800bed115d8cf	江淹	杂体诗三十首	齊	5	126	浮沉不相宜	平平入?平	PP??P	平/平/平上入/平去/平
7b587933dafe0f9b58a800bed115d8cf	江淹	杂体诗三十首	齊	5	127	羽翼各有归	上入入上平	ZZZZP	上去/入/入/上/平
7b587933dafe0f9b58a800bed115d8cf	江淹	杂体诗三十首	齊	5	128	飘飘可终年	平平上平平	PPZPP	平/平/上/平/平
7b587933dafe0f9b58a800bed115d8cf	江淹	杂体诗三十首	齊	5	129	沆瀁安是非	??平上平	?ZPZP	平上/上去/平/上/平
7b587933dafe0f9b58a800bed115d8cf	江淹	杂体诗三十首	齊	5	130	朝云乘变化	平平?去去	PP?ZZ	平/平/平去/去/去
7b587933dafe0f9b58a800bed115d8cf	江淹	杂体诗三十首	齊	5	131	光耀世所希	平去去上平	?ZZZP	平去/去/去/上/平
7b587933dafe0f9b58a800bed115d8cf	江淹	杂体诗三十首	齊	5	132	精卫衔木石	?去平入入	?ZPZZ	平去/去/平/入/入
7b587933dafe0f9b58a800bed115d8cf	江淹	杂体诗三十首	齊	5	133	谁能测幽微	平?入平平	P?ZPP	平/平上去/入/平/平
7b587933dafe0f9b58a800bed115d8cf	江淹	杂体诗三十首	齊	5	134	秋月映帘栊	平入去平平	PZZPP	平/入/上去/平/平
7b587933dafe0f9b58a800bed115d8cf	江淹	杂体诗三十首	齊	5	135	悬光入丹墀	平平入平平	P?ZPP	平/平去/入/平/平
7b587933dafe0f9b58a800bed115d8cf	江淹	杂体诗三十首	齊	5	136	佳人抚鸣琴	平平上平平	PPZPP	平/平/上/平/平
7b587933dafe0f9b58a800bed115d8cf	江淹	杂体诗三十首	齊	5	137	清夜守空帷	平去??平	PZZ?P	平/去/上去/平去/平
7b587933dafe0f9b58a800bed115d8cf	江淹	杂体诗三十首	齊	5	138	兰径少行迹	平去??入	PZZ?Z	平/去/上去/平去/入
7b587933dafe0f9b58a800bed115d8cf	江淹	杂体诗三十首	齊	5	139	玉台生网丝	入平平上平	ZP?ZP	入/平/平去/上/平
7b587933dafe0f9b58a800bed115d8cf	江淹	杂体诗三十首	齊	5	140	庭树发红彩	平?入平上	PZZPZ	平/上去/入/平/上
7b587933dafe0f9b58a800bed115d8cf	江淹	杂体诗三十首	齊	5	141	闺草含碧滋	平上平入平	PZPZP	平/上/平/入/平
7b587933dafe0f9b58a800bed115d8cf	江淹	杂体诗三十首	齊	5	142	延伫整绫绮	?上上平上	?ZZPZ	平去/上/上/平/上
7b587933dafe0f9b58a800bed115d8cf	江淹	杂体诗三十首	齊	5	143	万里赠所思	去上去上?	ZZZZ?	去入/上/去/上/平去
7b587933dafe0f9b58a800bed115d8cf	江淹	杂体诗三十首	齊	5	144	愿垂湛露惠	去平?去去	ZP?ZZ	去/平/平上/去/去
7b587933dafe0f9b58a800bed115d8cf	江淹	杂体诗三十首	齊	5	145	信我皎日期	去上上入平	ZZZZP	去/上/上/入/平
7b587933dafe0f9b58a800bed115d8cf	江淹	杂体诗三十首	齊	5	146	青春速天机	平平入平?	PPZP?	平/平/入/平/平上
7b587933dafe0f9b58a800bed115d8cf	江淹	杂体诗三十首	齊	5	147	素秋驰白日	去平平入入	ZPPZZ	去/平/平/入/入
7b587933dafe0f9b58a800bed115d8cf	江淹	杂体诗三十首	齊	5	148	美人归重泉	上平平?平	ZPP?P	上/平/平/平上去/平
7b587933dafe0f9b58a800bed115d8cf	江淹	杂体诗三十首	齊	5	149	凄怆无终毕	平?平平入	PZPPZ	平/上去/平/平/入
7b587933dafe0f9b58a800bed115d8cf	江淹	杂体诗三十首	齊	5	150	殡宫已肃清	去平上入平	ZPZZP	去/平/上去/入/平
7b587933dafe0f9b58a800bed115d8cf	江淹	杂体诗三十首	齊	5	151	松柏转萧瑟	平入?平入	?ZZPZ	平去/入/上去/平/入
7b587933dafe0f9b58a800bed115d8cf	江淹	杂体诗三十首	齊	5	152	俯仰未能弭	上?去?上	ZZZ?Z	上/上去/去/平上去/上
7b587933dafe0f9b58a800bed115d8cf	江淹	杂体诗三十首	齊	5	153	寻念非但一	平去平?入	PZP?Z	平/去/平/平上去/入
7b587933dafe0f9b58a800bed115d8cf	江淹	杂体诗三十首	齊	5	154	抚衿悼寂寞	上平去入入	ZPZZZ	上/平/去/入/入
7b587933dafe0f9b58a800bed115d8cf	江淹	杂体诗三十首	齊	5	155	恍然若有失	平平?上入	PP?ZZ	平/平/平上入/上/入
7b587933dafe0f9b58a800bed115d8cf	江淹	杂体诗三十首	齊	5	156	明月入绮窗	平入入上?	PZZZ?	平/入/入/上/
7b587933dafe0f9b58a800bed115d8cf	江淹	杂体诗三十首	齊	5	157	仿佛想蕙质	?入上去?	?ZZZZ	平上/入/上/去/去入
7b587933dafe0f9b58a800bed115d8cf	江淹	杂体诗三十首	齊	5	158	销忧非萱草	平平平平上	P?PPZ	平/平去/平/平/上
7b587933dafe0f9b58a800bed115d8cf	江淹	杂体诗三十首	齊	5	159	永怀寄梦寐	上平去?去	ZPZ?Z	上/平/去/平去/去
7b587933dafe0f9b58a800bed115d8cf	江淹	杂体诗三十首	齊	5	160	梦寐复冥冥	?去入平平	?ZZPP	平去/去/去入/平/平
7b587933dafe0f9b58a800bed115d8cf	江淹	杂体诗三十首	齊	5	161	何由觌尔形	平平入上平	?PZZP	平上/平/入/上/平
7b587933dafe0f9b58a800bed115d8cf	江淹	杂体诗三十首	齊	5	162	我惭北海术	上平入上入	ZPZZZ	上/平/入/上/入
7b587933dafe0f9b58a800bed115d8cf	江淹	杂体诗三十首	齊	5	163	尔无帝女灵	上平去上平	ZPZZP	上/平/去/上去/平
7b587933dafe0f9b58a800bed115d8cf	江淹	杂体诗三十首	齊	5	164	驾言出远山	去平入?平	ZPZZP	去/平/去入/上去/平
7b587933dafe0f9b58a800bed115d8cf	江淹	杂体诗三十首	齊	5	165	徘徊泣松铭	平平入平平	PPZ?P	平/平/入/平去/平
7b587933dafe0f9b58a800bed115d8cf	江淹	杂体诗三十首	齊	5	166	雨绝无还云	?入平平平	ZZPPP	上去/入/平/平/平
7b587933dafe0f9b58a800bed115d8cf	江淹	杂体诗三十首	齊	5	167	华落岂留英	?入上?平	?ZZ?P	平去/入/上/平去/平
7b587933dafe0f9b58a800bed115d8cf	江淹	杂体诗三十首	齊	5	168	日月方代序	入入平去上	ZZPZZ	入/入/平/去/上
7b587933dafe0f9b58a800bed115d8cf	江淹	杂体诗三十首	齊	5	169	寝兴何时平	上?平平平	Z??PP	上/平去/平上/平/平
7b587933dafe0f9b58a800bed115d8cf	江淹	杂体诗三十首	齊	5	170	储后降嘉命	平??平去	PZ?PZ	平/上去/平去/平/去
7b587933dafe0f9b58a800bed115d8cf	江淹	杂体诗三十首	齊	5	171	恩纪被微身	平上?平平	PZZPP	平/上/上去/平/平
7b587933dafe0f9b58a800bed115d8cf	江淹	杂体诗三十首	齊	5	172	明发眷桑梓	平入去平上	PZZPZ	平/入/去/平/上
7b587933dafe0f9b58a800bed115d8cf	江淹	杂体诗三十首	齊	5	173	永叹怀密亲	上去平入?	Z?PZ?	上/平去/平/入/平去
7b587933dafe0f9b58a800bed115d8cf	江淹	杂体诗三十首	齊	5	174	流念辞南澨	平去平平去	PZPPZ	平/去/平/平/去
7b587933dafe0f9b58a800bed115d8cf	江淹	杂体诗三十首	齊	5	175	衔怨别西津	平?入平平	P?ZPP	平/平去/去入/平/平
7b587933dafe0f9b58a800bed115d8cf	江淹	杂体诗三十首	齊	5	176	驱马遵淮泗	?上平平去	?ZPPZ	平去/上/平/平/去
7b587933dafe0f9b58a800bed115d8cf	江淹	杂体诗三十首	齊	5	177	旦夕见梁陈	去入去平?	ZZZP?	去/入/去/平/平去
7b587933dafe0f9b58a800bed115d8cf	江淹	杂体诗三十首	齊	5	178	服义追上列	入去平??	ZZPZ?	入/去/平/上去/平入
7b587933dafe0f9b58a800bed115d8cf	江淹	杂体诗三十首	齊	5	179	矫迹厕宫臣	上入去平平	ZZZPP	上/入/去/平/平
7b587933dafe0f9b58a800bed115d8cf	江淹	杂体诗三十首	齊	5	180	朱黻咸髦士	平入平平上	PZPPZ	平/入/平/平/上
7b587933dafe0f9b58a800bed115d8cf	江淹	杂体诗三十首	齊	5	181	长缨皆俊民	?平平去平	?PPZP	平上去/平/平/去/平
7b587933dafe0f9b58a800bed115d8cf	江淹	杂体诗三十首	齊	5	182	契阔承华内	?入平?去	ZZP?Z	去入/入/平/平去/去
7b587933dafe0f9b58a800bed115d8cf	江淹	杂体诗三十首	齊	5	183	绸缪逾岁年	平?平去平	P?PZP	平/平去入/平/去/平
7b587933dafe0f9b58a800bed115d8cf	江淹	杂体诗三十首	齊	5	184	日暮聊总驾	入去平上去	ZZPZZ	入/去/平/上/去
7b587933dafe0f9b58a800bed115d8cf	江淹	杂体诗三十首	齊	5	185	逍遥观洛川	平平?入平	PP?ZP	平/平/平去/入/平
7b587933dafe0f9b58a800bed115d8cf	江淹	杂体诗三十首	齊	5	186	殂殁多拱木	平入平上入	PZPZZ	平/入/平/上/入
7b587933dafe0f9b58a800bed115d8cf	江淹	杂体诗三十首	齊	5	187	宿草凌寒烟	?上平平平	ZZPP?	去入/上/平/平/平去
7b587933dafe0f9b58a800bed115d8cf	江淹	杂体诗三十首	齊	5	188	游子易感慨	平上?上去	PZZZZ	平/上/去入/上/去
7b587933dafe0f9b58a800bed115d8cf	江淹	杂体诗三十首	齊	5	189	踯躅还自怜	入入平去平	ZZPZP	入/入/平/去/平
7b587933dafe0f9b58a800bed115d8cf	江淹	杂体诗三十首	齊	5	190	愿言寄三鸟	去平去平上	ZPZ?Z	去/平/去/平去/上
7b587933dafe0f9b58a800bed115d8cf	江淹	杂体诗三十首	齊	5	191	离思非徒然	?平平平平	??PPP	平去/平去/平/平/平
7b587933dafe0f9b58a800bed115d8cf	江淹	杂体诗三十首	齊	5	192	韩公沦卖药	?平平去入	?PPZZ	/平/平/去/入
7b587933dafe0f9b58a800bed115d8cf	江淹	杂体诗三十首	齊	5	193	梅生隐市门	平平上上平	P?ZZP	平/平去/上去/上/平
7b587933dafe0f9b58a800bed115d8cf	江淹	杂体诗三十首	齊	5	194	百年信荏苒	入平去上上	ZPZZZ	入/平/去/上/上
7b587933dafe0f9b58a800bed115d8cf	江淹	杂体诗三十首	齊	5	195	何为苦心魂	平?上平?	??ZP?	平上/平去/上去/平/
7b587933dafe0f9b58a800bed115d8cf	江淹	杂体诗三十首	齊	5	196	当学卫霍将	?入去入?	?ZZZ?	平去/入/去/入/平去
7b587933dafe0f9b58a800bed115d8cf	江淹	杂体诗三十首	齊	5	197	建功在河源	去平?平平	ZPZPP	去/平/上去/平/平
7b587933dafe0f9b58a800bed115d8cf	江淹	杂体诗三十首	齊	5	198	珪组贤君眄	平上平平?	PZPPZ	平/上/平/平/上去
7b587933dafe0f9b58a800bed115d8cf	江淹	杂体诗三十首	齊	5	199	青紫明主恩	平上平上平	PZPZP	平/上/平/上/平
7b587933dafe0f9b58a800bed115d8cf	江淹	杂体诗三十首	齊	5	200	终军才始达	平平?上?	PP?ZZ	平/平/平去/上/去入
7b587933dafe0f9b58a800bed115d8cf	江淹	杂体诗三十首	齊	5	201	贾谊位方尊	?去去平平	ZZZPP	上去/去/去/平/平
7b587933dafe0f9b58a800bed115d8cf	江淹	杂体诗三十首	齊	5	202	金张服貂冕	平?入平上	P?ZPZ	平/平去/入/平/上
7b587933dafe0f9b58a800bed115d8cf	江淹	杂体诗三十首	齊	5	203	许史乘华轩	上上??平	ZZ??P	上/上/平去/平去/平
7b587933dafe0f9b58a800bed115d8cf	江淹	杂体诗三十首	齊	5	204	王侯贵片议	平平去去去	?PZZZ	平去/平/去/去/去
7b587933dafe0f9b58a800bed115d8cf	江淹	杂体诗三十首	齊	5	205	公卿重一言	平平?入平	PP?ZP	平/平/平上去/入/平
7b587933dafe0f9b58a800bed115d8cf	江淹	杂体诗三十首	齊	5	206	太平多欢娱	去平平平?	ZPPP?	去/平/平/平/平去
7b587933dafe0f9b58a800bed115d8cf	江淹	杂体诗三十首	齊	5	207	飞盖东都门	平?平平平	PZPPP	平/去入/平/平/平
7b587933dafe0f9b58a800bed115d8cf	江淹	杂体诗三十首	齊	5	208	顾念张仲蔚	去去?去?	ZZ?ZZ	去/去/平去/去/去入
7b587933dafe0f9b58a800bed115d8cf	江淹	杂体诗三十首	齊	5	209	蓬蒿满中园	平平上?平	PPZ?P	平/平/上/平去/平
7b587933dafe0f9b58a800bed115d8cf	江淹	杂体诗三十首	齊	5	210	丹霞蔽阳景	平平去平上	PPZPZ	平/平/去/平/上
7b587933dafe0f9b58a800bed115d8cf	江淹	杂体诗三十首	齊	5	211	绿泉涌阴渚	入平上平上	ZPZPZ	入/平/上/平/上
7b587933dafe0f9b58a800bed115d8cf	江淹	杂体诗三十首	齊	5	212	水鹳巢层甍	上去?平平	ZZ?PP	上/去/平去/平/平
7b587933dafe0f9b58a800bed115d8cf	江淹	杂体诗三十首	齊	5	213	山云润柱础	平平去上上	PPZZZ	平/平/去/上/上
7b587933dafe0f9b58a800bed115d8cf	江淹	杂体诗三十首	齊	5	214	有弇兴春节	上??平入	Z??PZ	上/平上/平去/平/入
7b587933dafe0f9b58a800bed115d8cf	江淹	杂体诗三十首	齊	5	215	愁霖贯秋序	平平?平上	PP?PZ	平/平/平去/平/上
7b587933dafe0f9b58a800bed115d8cf	江淹	杂体诗三十首	齊	5	216	燮燮凉叶夺	入入?入入	ZZ?ZZ	入/入/平去/入/入
7b587933dafe0f9b58a800bed115d8cf	江淹	杂体诗三十首	齊	5	217	戾戾飔风举	??平平上	ZZP?Z	去入/去入/平/平去/上
7b587933dafe0f9b58a800bed115d8cf	江淹	杂体诗三十首	齊	5	218	高谈玩四时	平平去去平	PPZZP	平/平/去/去/平
7b587933dafe0f9b58a800bed115d8cf	江淹	杂体诗三十首	齊	5	219	索居慕俦侣	入平去?上	ZPZ?Z	入/平/去/平去/上
7b587933dafe0f9b58a800bed115d8cf	江淹	杂体诗三十首	齊	5	220	青苕日夜黄	平平入去平	PPZZP	平/平/入/去/平
7b587933dafe0f9b58a800bed115d8cf	江淹	杂体诗三十首	齊	5	221	芳蕤成宿楚	平平平?上	PPPZZ	平/平/平/去入/上去
7b587933dafe0f9b58a800bed115d8cf	江淹	杂体诗三十首	齊	5	222	岁暮百虑交	去去入去平	ZZZZP	去/去/入/去/平
7b587933dafe0f9b58a800bed115d8cf	江淹	杂体诗三十首	齊	5	223	无以慰延伫	平上去?上	PZZ?Z	平/上/去/平去/上
7b587933dafe0f9b58a800bed115d8cf	江淹	杂体诗三十首	齊	5	224	皇晋遘阳九	平去去平上	PZZPZ	平/去/去/平/上
7b587933dafe0f9b58a800bed115d8cf	江淹	杂体诗三十首	齊	5	225	天下横氛雾	平??平去	PZ?PZ	平/上去/平去/平/去
7b587933dafe0f9b58a800bed115d8cf	江淹	杂体诗三十首	齊	5	226	秦赵值薄蚀	平上去入入	PZZZZ	平/上/去/入/入
7b587933dafe0f9b58a800bed115d8cf	江淹	杂体诗三十首	齊	5	227	幽并逢虎据	平?平上?	P?PZ?	平/平上去/平/上/平去
7b587933dafe0f9b58a800bed115d8cf	江淹	杂体诗三十首	齊	5	228	伊余荷宠灵	平平?上平	PP?ZP	平/平/平上/上/平
7b587933dafe0f9b58a800bed115d8cf	江淹	杂体诗三十首	齊	5	229	感激狥驰骛	上??平去	ZZ?PZ	上/去入//平/去
7b587933dafe0f9b58a800bed115d8cf	江淹	杂体诗三十首	齊	5	230	虽无六奇术	平平入平入	PPZPZ	平/平/入/平/入
7b587933dafe0f9b58a800bed115d8cf	江淹	杂体诗三十首	齊	5	231	冀与张韩遇	去???去	Z???Z	去/平上去/平去//去
7b587933dafe0f9b58a800bed115d8cf	江淹	杂体诗三十首	齊	5	232	宁戚扣角歌	?入?入平	?ZZZP	平上去/入/上去/入/平
7b587933dafe0f9b58a800bed115d8cf	江淹	杂体诗三十首	齊	5	233	桓公遭乃举	平平平上上	PPPZZ	平/平/平/上/上
7b587933dafe0f9b58a800bed115d8cf	江淹	杂体诗三十首	齊	5	234	荀息冒崄难	平入?上平	PZZZ?	平/入/去入/上/平去
7b587933dafe0f9b58a800bed115d8cf	江淹	杂体诗三十首	齊	5	235	实以忠贞故	入上平平去	ZZPPZ	入/上/平/平/去
7b587933dafe0f9b58a800bed115d8cf	江淹	杂体诗三十首	齊	5	236	空令日月逝	??入入去	??ZZZ	平去/平去/入/入/去
7b587933dafe0f9b58a800bed115d8cf	江淹	杂体诗三十首	齊	5	237	愧无古今度	去平上平?	ZPZPZ	去/平/上/平/去入
7b587933dafe0f9b58a800bed115d8cf	江淹	杂体诗三十首	齊	5	238	饮马出城濠	?上入平平	ZZZPP	上去/上/去入/平/平
7b587933dafe0f9b58a800bed115d8cf	江淹	杂体诗三十首	齊	5	239	北望沙漠路	入?平入去	Z??ZZ	入/平去/平去/入/去
7b587933dafe0f9b58a800bed115d8cf	江淹	杂体诗三十首	齊	5	240	千里何萧条	平上平平平	PZ?PP	平/上/平上/平/平
7b587933dafe0f9b58a800bed115d8cf	江淹	杂体诗三十首	齊	5	241	白日隐寒树	入入上平?	ZZZPZ	入/入/上去/平/上去
7b587933dafe0f9b58a800bed115d8cf	江淹	杂体诗三十首	齊	5	242	投袂既愤懑	平去去上?	PZZZZ	平/去/去/上/上去
7b587933dafe0f9b58a800bed115d8cf	江淹	杂体诗三十首	齊	5	243	抚枕怀百虑	上?平入去	Z?PZZ	上/平上去/平/入/去
7b587933dafe0f9b58a800bed115d8cf	江淹	杂体诗三十首	齊	5	244	功名惜未立	平平入去入	PPZZZ	平/平/入/去/入
7b587933dafe0f9b58a800bed115d8cf	江淹	杂体诗三十首	齊	5	245	玄发已改素	平入上上去	PZZZZ	平/入/上去/上/去
7b587933dafe0f9b58a800bed115d8cf	江淹	杂体诗三十首	齊	5	246	时哉苟有会	平平上上去	PPZZZ	平/平/上/上/去
7b587933dafe0f9b58a800bed115d8cf	江淹	杂体诗三十首	齊	5	247	治乱惟冥数	?去平平?	?ZPPZ	平去/去/平/平/上去入
7b587933dafe0f9b58a800bed115d8cf	江淹	杂体诗三十首	齊	5	248	大厦须异材	去上平去平	ZZP?P	去/上/平/平去/平
7b587933dafe0f9b58a800bed115d8cf	江淹	杂体诗三十首	齊	5	249	廊庙非庸器	平去平平去	PZPPZ	平/去/平/平/去
7b587933dafe0f9b58a800bed115d8cf	江淹	杂体诗三十首	齊	5	250	英俊着世功	平去?去平	PZ?ZP	平/去//去/平
7b587933dafe0f9b58a800bed115d8cf	江淹	杂体诗三十首	齊	5	251	多士济斯位	平上?平去	PZZPZ	平/上/上去/平/去
7b587933dafe0f9b58a800bed115d8cf	江淹	杂体诗三十首	齊	5	252	眷顾成绸缪	去去平平?	ZZPP?	去/去/平/平/平去入
7b587933dafe0f9b58a800bed115d8cf	江淹	杂体诗三十首	齊	5	253	乃与时髦匹	上?平平入	Z?PPZ	上/平上去/平/平/入
7b587933dafe0f9b58a800bed115d8cf	江淹	杂体诗三十首	齊	5	254	姻媾久不亏	平去上入平	PZZ?P	平/去/上/平上入/平
7b587933dafe0f9b58a800bed115d8cf	江淹	杂体诗三十首	齊	5	255	契阔岂但一	?入上?入	ZZZ?Z	去入/入/上/平上去/入
7b587933dafe0f9b58a800bed115d8cf	江淹	杂体诗三十首	齊	5	256	逢厄既已同	平入去上?	PZZZ?	平/入/去/上去/平去
7b587933dafe0f9b58a800bed115d8cf	江淹	杂体诗三十首	齊	5	257	处危非所恤	?平平上入	ZPPZZ	上去/平/平/上/入
7b587933dafe0f9b58a800bed115d8cf	江淹	杂体诗三十首	齊	5	258	常慕先达概	平去???	PZ?Z?	平/去/平去/去入/
7b587933dafe0f9b58a800bed115d8cf	江淹	杂体诗三十首	齊	5	259	观古论得失	?上?入入	?Z?ZZ	平去/上/平去/入/入
7b587933dafe0f9b58a800bed115d8cf	江淹	杂体诗三十首	齊	5	260	马服为赵将	上入?上?	ZZ?Z?	上/入/平去/上/平去
7b587933dafe0f9b58a800bed115d8cf	江淹	杂体诗三十首	齊	5	261	疆场得清谧	平平入平入	PPZPZ	平/平/入/平/入
7b587933dafe0f9b58a800bed115d8cf	江淹	杂体诗三十首	齊	5	262	信陵佩魏印	去平去去去	ZPZZZ	去/平/去/去/去
7b587933dafe0f9b58a800bed115d8cf	江淹	杂体诗三十首	齊	5	263	秦兵不敢出	平平入上入	PP?ZZ	平/平/平上入/上/去入
7b587933dafe0f9b58a800bed115d8cf	江淹	杂体诗三十首	齊	5	264	慨无握中策	去平入?入	ZPZ?Z	去/平/入/平去/入
7b587933dafe0f9b58a800bed115d8cf	江淹	杂体诗三十首	齊	5	265	徒惭素丝质	平平去平?	PPZPZ	平/平/去/平/去入
7b587933dafe0f9b58a800bed115d8cf	江淹	杂体诗三十首	齊	5	266	羁旅去旧京	平上?去平	PZZZP	平/上/上去/去/平
7b587933dafe0f9b58a800bed115d8cf	江淹	杂体诗三十首	齊	5	267	感遇逾琴瑟	上去平平入	ZZPPZ	上/去/平/平/入
7b587933dafe0f9b58a800bed115d8cf	江淹	杂体诗三十首	齊	5	268	自顾非杞梓	去去平上上	ZZPZZ	去/去/平/上/上
7b587933dafe0f9b58a800bed115d8cf	江淹	杂体诗三十首	齊	5	269	勉力在无逸	上入?平入	ZZZPZ	上/入/上去/平/入
7b587933dafe0f9b58a800bed115d8cf	江淹	杂体诗三十首	齊	5	270	更以畏友册	?上去上入	?ZZZZ	平去/上/去/上/入
7b587933dafe0f9b58a800bed115d8cf	江淹	杂体诗三十首	齊	5	271	滥吹乖名实	??平平入	Z?PPZ	上去/平去/平/平/入
7b587933dafe0f9b58a800bed115d8cf	江淹	杂体诗三十首	齊	5	272	崦山多灵草	平平平平上	PPPPZ	平/平/平/平/上
7b587933dafe0f9b58a800bed115d8cf	江淹	杂体诗三十首	齊	5	273	海滨饶奇石	上平?平入	ZP?PZ	上/平/平去/平/入
7b587933dafe0f9b58a800bed115d8cf	江淹	杂体诗三十首	齊	5	274	偃蹇寻青云	上上平平平	ZZPPP	上/上/平/平/平
7b587933dafe0f9b58a800bed115d8cf	江淹	杂体诗三十首	齊	5	275	隐沦驻精魄	上平去?入	ZPZ?Z	上去/平/去/平去/入
7b587933dafe0f9b58a800bed115d8cf	江淹	杂体诗三十首	齊	5	276	道人读丹经	上平入平?	ZPZP?	上/平/入/平/平去
7b587933dafe0f9b58a800bed115d8cf	江淹	杂体诗三十首	齊	5	277	方士炼玉液	平上去入入	PZZZZ	平/上/去/入/入
7b587933dafe0f9b58a800bed115d8cf	江淹	杂体诗三十首	齊	5	278	朱霞入窗牖	平平入?上	PPZ?Z	平/平/入//上
7b587933dafe0f9b58a800bed115d8cf	江淹	杂体诗三十首	齊	5	279	曜灵照空隙	去平去?入	ZPZ?Z	去/平/去/平去/入
7b587933dafe0f9b58a800bed115d8cf	江淹	杂体诗三十首	齊	5	280	傲睨摘木芝	去去入入平	ZZZZP	去/去/入/入/平
7b587933dafe0f9b58a800bed115d8cf	江淹	杂体诗三十首	齊	5	281	陵波采水碧	平平上上入	PPZZZ	平/平/上/上/入
7b587933dafe0f9b58a800bed115d8cf	江淹	杂体诗三十首	齊	5	282	眇然万里游	上平去上平	ZPZZP	上/平/去入/上/平
7b587933dafe0f9b58a800bed115d8cf	江淹	杂体诗三十首	齊	5	283	矫掌望烟客	上上?平入	ZZ??Z	上/上/平去/平去/入
7b587933dafe0f9b58a800bed115d8cf	江淹	杂体诗三十首	齊	5	284	永得安期术	上入平平入	ZZPPZ	上/入/平/平/入
7b587933dafe0f9b58a800bed115d8cf	江淹	杂体诗三十首	齊	5	285	岂愁蒙汜迫	上平?上入	ZP?ZZ	上/平/平上/上/入
7b587933dafe0f9b58a800bed115d8cf	江淹	杂体诗三十首	齊	5	286	太素既已分	去去去上?	ZZZZ?	去/去/去/上去/平去
7b587933dafe0f9b58a800bed115d8cf	江淹	杂体诗三十首	齊	5	287	吹万着形兆	?去?平上	?Z?PZ	平去/去入//平/上
7b587933dafe0f9b58a800bed115d8cf	江淹	杂体诗三十首	齊	5	288	寂动苟有源	入上上上平	ZZZZP	入/上/上/上/平
7b587933dafe0f9b58a800bed115d8cf	江淹	杂体诗三十首	齊	5	289	因谓殇子夭	平去平上?	PZPZ?	平/去/平/上/平上
7b587933dafe0f9b58a800bed115d8cf	江淹	杂体诗三十首	齊	5	290	道丧涉千载	上?入平?	Z?ZPZ	上/平去/入/平/上去
7b587933dafe0f9b58a800bed115d8cf	江淹	杂体诗三十首	齊	5	291	津梁谁能了	平平平??	PPP??	平/平/平/平上去/平上
7b587933dafe0f9b58a800bed115d8cf	江淹	杂体诗三十首	齊	5	292	卓然凌风矫	入平平平上	ZPP?Z	入/平/平/平去/上
7b587933dafe0f9b58a800bed115d8cf	江淹	杂体诗三十首	齊	5	293	静观尺棰义	上?入?去	Z?Z?Z	上/平去/入//去
7b587933dafe0f9b58a800bed115d8cf	江淹	杂体诗三十首	齊	5	294	理足未尝少	上入去平?	ZZZPZ	上/去入/去/平/上去
7b587933dafe0f9b58a800bed115d8cf	江淹	杂体诗三十首	齊	5	295	冏冏秋月明	??平入平	??PZP	//平/入/平
7b587933dafe0f9b58a800bed115d8cf	江淹	杂体诗三十首	齊	5	296	凭轩咏尧老	?平去平上	?PZPZ	平去/平/去/平/上
7b587933dafe0f9b58a800bed115d8cf	江淹	杂体诗三十首	齊	5	297	浪迹无蚩妍	?入平平平	?ZPPP	平去/入/平/平/平
7b587933dafe0f9b58a800bed115d8cf	江淹	杂体诗三十首	齊	5	298	然后君子道	平?平上上	PZPZZ	平/上去/平/上/上
7b587933dafe0f9b58a800bed115d8cf	江淹	杂体诗三十首	齊	5	299	领略归一致	上入平入去	ZZPZZ	上/入/平/入/去
7b587933dafe0f9b58a800bed115d8cf	江淹	杂体诗三十首	齊	5	300	南山有绮皓	平平上上?	PPZZ?	平/平/上/上/
7b587933dafe0f9b58a800bed115d8cf	江淹	杂体诗三十首	齊	5	301	交臂久变化	平去上去去	PZZZZ	平/去/上/去/去
7b587933dafe0f9b58a800bed115d8cf	江淹	杂体诗三十首	齊	5	302	传火乃薪草	?上上平上	?ZZPZ	平去/上/上/平/上
7b587933dafe0f9b58a800bed115d8cf	江淹	杂体诗三十首	齊	5	303	亹亹玄思清	??平?平	??P?P	平上/平上/平/平去/平
7b587933dafe0f9b58a800bed115d8cf	江淹	杂体诗三十首	齊	5	304	胸中去机巧	?????	??Z?Z	/平去/上去/平上/上去
7b587933dafe0f9b58a800bed115d8cf	江淹	杂体诗三十首	齊	5	305	物我俱忘怀	入上平去平	ZZPZP	入/上/平/去/平
7b587933dafe0f9b58a800bed115d8cf	江淹	杂体诗三十首	齊	5	306	可以狎鸥鸟	上上入平上	ZZZPZ	上/上/入/平/上
7b587933dafe0f9b58a800bed115d8cf	江淹	杂体诗三十首	齊	5	307	张子闇内机	?上去去?	?ZZZ?	平去/上/去/去/平上
7b587933dafe0f9b58a800bed115d8cf	江淹	杂体诗三十首	齊	5	308	单生蔽外象	?平去去上	??ZZZ	平上去/平去/去/去/上
7b587933dafe0f9b58a800bed115d8cf	江淹	杂体诗三十首	齊	5	309	一时排冥筌	入平平平平	ZPPPP	入/平/平/平/平
7b587933dafe0f9b58a800bed115d8cf	江淹	杂体诗三十首	齊	5	310	冷然空中赏	?平?平上	?P??Z	平上/平/平去/平去/上
7b587933dafe0f9b58a800bed115d8cf	江淹	杂体诗三十首	齊	5	311	遣此弱丧情	?上入?平	ZZZ?P	上去/上/入/平去/平
7b587933dafe0f9b58a800bed115d8cf	江淹	杂体诗三十首	齊	5	312	资神任独往	平平?入上	PP?ZZ	平/平/平去/入/上
7b587933dafe0f9b58a800bed115d8cf	江淹	杂体诗三十首	齊	5	313	采药白云隈	上入入平?	ZZZP?	上/入/入/平/平去
7b587933dafe0f9b58a800bed115d8cf	江淹	杂体诗三十首	齊	5	314	聊以肆所养	平上去上?	PZZZZ	平/上/去/上/上去
7b587933dafe0f9b58a800bed115d8cf	江淹	杂体诗三十首	齊	5	315	丹葩曜芳蕤	平平去平平	PPZPP	平/平/去/平/平
7b587933dafe0f9b58a800bed115d8cf	江淹	杂体诗三十首	齊	5	316	绿竹阴闲敞	入入平?上	ZZP?Z	入/入/平/平去/上
7b587933dafe0f9b58a800bed115d8cf	江淹	杂体诗三十首	齊	5	317	苕苕寄意胜	平平去去?	PPZZ?	平/平/去/去/平去
7b587933dafe0f9b58a800bed115d8cf	江淹	杂体诗三十首	齊	5	318	不觉凌虚上	入?平平?	?ZPPZ	平上入/去入/平/平/上去
7b587933dafe0f9b58a800bed115d8cf	江淹	杂体诗三十首	齊	5	319	曲棂激鲜飚	入????	Z?Z??	入//去入/平上去/
7b587933dafe0f9b58a800bed115d8cf	江淹	杂体诗三十首	齊	5	320	石室有幽响	入入上平上	ZZZPZ	入/入/上/平/上
7b587933dafe0f9b58a800bed115d8cf	江淹	杂体诗三十首	齊	5	321	去矣从所欲	?上?上入	ZZ?ZZ	上去/上/平去/上/入
7b587933dafe0f9b58a800bed115d8cf	江淹	杂体诗三十首	齊	5	322	得失非外奖	入入平去上	ZZPZZ	入/入/平/去/上
7b587933dafe0f9b58a800bed115d8cf	江淹	杂体诗三十首	齊	5	323	至哉操斤客	去平??入	ZP??Z	去/平/平去/平去/入
7b587933dafe0f9b58a800bed115d8cf	江淹	杂体诗三十首	齊	5	324	重明固已朗	?平去上上	?PZZZ	平上去/平/去/上去/上
7b587933dafe0f9b58a800bed115d8cf	江淹	杂体诗三十首	齊	5	325	五难既洒落	上平去?入	Z?ZZZ	上/平去/去/上去/入
7b587933dafe0f9b58a800bed115d8cf	江淹	杂体诗三十首	齊	5	326	超迹绝尘网	平入入平上	PZZPZ	平/入/入/平/上
7b587933dafe0f9b58a800bed115d8cf	江淹	杂体诗三十首	齊	5	327	晨游任所萃	平平?上去	PP?ZZ	平/平/平去/上/去
7b587933dafe0f9b58a800bed115d8cf	江淹	杂体诗三十首	齊	5	328	悠悠蕴真趣	平平?平?	PP?PZ	平/平/平上/平/上去
7b587933dafe0f9b58a800bed115d8cf	江淹	杂体诗三十首	齊	5	329	云天亦辽亮	平平入平去	PPZPZ	平/平/入/平/去
7b587933dafe0f9b58a800bed115d8cf	江淹	杂体诗三十首	齊	5	330	时与赏心遇	平?上平去	P?ZPZ	平/平上去/上/平/去
7b587933dafe0f9b58a800bed115d8cf	江淹	杂体诗三十首	齊	5	331	青松挺秀萼	平平?去入	P??ZZ	平/平去/平上/去/入
7b587933dafe0f9b58a800bed115d8cf	江淹	杂体诗三十首	齊	5	332	惠色出乔树	去入入平?	ZZZPZ	去/入/去入/平/上去
7b587933dafe0f9b58a800bed115d8cf	江淹	杂体诗三十首	齊	5	333	极眺清波深	入去平平平	ZZPP?	入/去/平/平/平去
7b587933dafe0f9b58a800bed115d8cf	江淹	杂体诗三十首	齊	5	334	缅映石壁素	上去入入去	ZZZZZ	上/上去/入/入/去
7b587933dafe0f9b58a800bed115d8cf	江淹	杂体诗三十首	齊	5	335	莹情无余滓	?平平平上	?PPPZ	平去/平/平/平/上
7b587933dafe0f9b58a800bed115d8cf	江淹	杂体诗三十首	齊	5	336	拂衣释尘务	入?入平去	Z?ZPZ	入/平去/入/平/去
7b587933dafe0f9b58a800bed115d8cf	江淹	杂体诗三十首	齊	5	337	求仁既自我	平平去去上	PPZZZ	平/平/去/去/上
7b587933dafe0f9b58a800bed115d8cf	江淹	杂体诗三十首	齊	5	338	玄风岂外慕	平平上去去	P?ZZZ	平/平去/上/去/去
7b587933dafe0f9b58a800bed115d8cf	江淹	杂体诗三十首	齊	5	339	直置忘所宰	入去去上上	ZZZZZ	入/去/去/上/上
7b587933dafe0f9b58a800bed115d8cf	江淹	杂体诗三十首	齊	5	340	萧散得遗虑	平?入?去	PZZ?Z	平/上去/入/平去/去
7b587933dafe0f9b58a800bed115d8cf	江淹	杂体诗三十首	齊	5	341	信矣劳物化	去上?入去	ZZ?ZZ	去/上/平去/入/去
7b587933dafe0f9b58a800bed115d8cf	江淹	杂体诗三十首	齊	5	342	忧襟未能整	平平去?上	?PZ?Z	平去/平/去/平上去/上
7b587933dafe0f9b58a800bed115d8cf	江淹	杂体诗三十首	齊	5	343	薄言遵郊衢	入平平平平	ZPPPP	入/平/平/平/平
7b587933dafe0f9b58a800bed115d8cf	江淹	杂体诗三十首	齊	5	344	总辔出台省	上去入平上	ZZZPZ	上/去/去入/平/上
7b587933dafe0f9b58a800bed115d8cf	江淹	杂体诗三十首	齊	5	345	凄凄节序高	平平入上平	PPZZP	平/平/入/上/平
7b587933dafe0f9b58a800bed115d8cf	江淹	杂体诗三十首	齊	5	346	寥寥心悟永	??平去上	??PZZ	平入/平入/平/去/上
7b587933dafe0f9b58a800bed115d8cf	江淹	杂体诗三十首	齊	5	347	时菊耀岩阿	平入去平平	PZZPP	平/入/去/平/平
7b587933dafe0f9b58a800bed115d8cf	江淹	杂体诗三十首	齊	5	348	云霞冠秋岭	平平?平?	PP?P?	平/平/平去/平/平上
7b587933dafe0f9b58a800bed115d8cf	江淹	杂体诗三十首	齊	5	349	眷然惜良辰	去平入平平	ZPZPP	去/平/入/平/平
7b587933dafe0f9b58a800bed115d8cf	江淹	杂体诗三十首	齊	5	350	徘徊践落景	平平上入上	PPZZZ	平/平/上/入/上
7b587933dafe0f9b58a800bed115d8cf	江淹	杂体诗三十首	齊	5	351	卷舒虽万绪	?平平去上	?PPZZ	平上去/平/平/去入/上
7b587933dafe0f9b58a800bed115d8cf	江淹	杂体诗三十首	齊	5	352	动复归有静	上入平上上	ZZPZZ	上/去入/平/上/上
7b587933dafe0f9b58a800bed115d8cf	江淹	杂体诗三十首	齊	5	353	曾是迫桑榆	平上入平平	PZZPP	平/上/入/平/平
7b587933dafe0f9b58a800bed115d8cf	江淹	杂体诗三十首	齊	5	354	岁暮从所秉	去去?上上	ZZ?ZZ	去/去/平去/上/上
7b587933dafe0f9b58a800bed115d8cf	江淹	杂体诗三十首	齊	5	355	舟壑不可攀	平入入上平	PZ?ZP	平/入/平上入/上/平
7b587933dafe0f9b58a800bed115d8cf	江淹	杂体诗三十首	齊	5	356	忘怀寄匠郢	去平去去上	ZPZZZ	去/平/去/去/上
7b587933dafe0f9b58a800bed115d8cf	江淹	杂体诗三十首	齊	5	357	种苗在东皋	?平?平平	?PZPP	平上去/平/上去/平/平
7b587933dafe0f9b58a800bed115d8cf	江淹	杂体诗三十首	齊	5	358	苗生满阡陌	平平上平入	P?ZPZ	平/平去/上/平/入
7b587933dafe0f9b58a800bed115d8cf	江淹	杂体诗三十首	齊	5	359	虽有荷锄倦	平上??去	PZ??Z	平/上/平上/平去/去
7b587933dafe0f9b58a800bed115d8cf	江淹	杂体诗三十首	齊	5	360	浊酒聊自适	入上平去入	ZZPZZ	入/上/平/去/入
7b587933dafe0f9b58a800bed115d8cf	江淹	杂体诗三十首	齊	5	361	日暮巾柴车	入去平平平	ZZPPP	入/去/平/平/平
7b587933dafe0f9b58a800bed115d8cf	江淹	杂体诗三十首	齊	5	362	稚子候檐隙	去上去平入	ZZZPZ	去/上/去/平/入
7b587933dafe0f9b58a800bed115d8cf	江淹	杂体诗三十首	齊	5	363	问君亦何为	去平入平?	ZPZ??	去/平/入/平上/平去
7b587933dafe0f9b58a800bed115d8cf	江淹	杂体诗三十首	齊	5	364	百年会有役	入平去上入	ZPZZZ	入/平/去/上/入
7b587933dafe0f9b58a800bed115d8cf	江淹	杂体诗三十首	齊	5	365	但愿桑麻成	?去平平平	?ZPPP	平上去/去/平/平/平
7b587933dafe0f9b58a800bed115d8cf	江淹	杂体诗三十首	齊	5	366	蚕月得纺绩	?入入上入	?ZZZZ	平上/入/入/上/入
7b587933dafe0f9b58a800bed115d8cf	江淹	杂体诗三十首	齊	5	367	素心正如此	去平?平上	ZP??Z	去/平/平去/平去/上
7b587933dafe0f9b58a800bed115d8cf	江淹	杂体诗三十首	齊	5	368	开径望王益	平去?平入	PZ??Z	平/去/平去/平去/入
7b587933dafe0f9b58a800bed115d8cf	江淹	杂体诗三十首	齊	5	369	江海经邅回	平上??平	PZ???	平/上/平去/平上去/平去
7b587933dafe0f9b58a800bed115d8cf	江淹	杂体诗三十首	齊	5	370	山峤备盈缺	平?去平入	P?ZPZ	平/平去/去/平/入
7b587933dafe0f9b58a800bed115d8cf	江淹	杂体诗三十首	齊	5	371	灵境信淹留	平上去??	PZZ??	平/上/去/平去/平去
7b587933dafe0f9b58a800bed115d8cf	江淹	杂体诗三十首	齊	5	372	赏心非徒设	上平平平入	ZPPPZ	上/平/平/平/入
7b587933dafe0f9b58a800bed115d8cf	江淹	杂体诗三十首	齊	5	373	平明登云峰	平平平平平	PPPPP	平/平/平/平/平
7b587933dafe0f9b58a800bed115d8cf	江淹	杂体诗三十首	齊	5	374	杳与庐霍绝	上?平入入	Z?PZZ	上/平上去/平/入/入
7b587933dafe0f9b58a800bed115d8cf	江淹	杂体诗三十首	齊	5	375	碧障长周流	入??平平	Z??PP	入/平去/平上去/平/平
7b587933dafe0f9b58a800bed115d8cf	江淹	杂体诗三十首	齊	5	376	金潭恒澄彻	平?平平入	P?PPZ	平/平上/平/平/入
7b587933dafe0f9b58a800bed115d8cf	江淹	杂体诗三十首	齊	5	377	洞林带晨霞	?平去平平	?PZPP	平去/平/去/平/平
7b587933dafe0f9b58a800bed115d8cf	江淹	杂体诗三十首	齊	5	378	石壁映初晰	入入去平?	ZZZP?	入/入/上去/平/
7b587933dafe0f9b58a800bed115d8cf	江淹	杂体诗三十首	齊	5	379	乳窦既滴沥	上去去入入	ZZZZZ	上/去/去/入/入
7b587933dafe0f9b58a800bed115d8cf	江淹	杂体诗三十首	齊	5	380	丹井复寥深	平上入?平	PZZ??	平/上/去入/平入/平去
7b587933dafe0f9b58a800bed115d8cf	江淹	杂体诗三十首	齊	5	381	嵓崿转奇秀	?入?平去	?ZZPZ	/入/上去/平/去
7b587933dafe0f9b58a800bed115d8cf	江淹	杂体诗三十首	齊	5	382	崟岑还相蔽	平平平?去	PPP?Z	平/平/平/平去/去
7b587933dafe0f9b58a800bed115d8cf	江淹	杂体诗三十首	齊	5	383	赤玉隐瑶溪	入入上平平	ZZZPP	入/入/上去/平/平
7b587933dafe0f9b58a800bed115d8cf	江淹	杂体诗三十首	齊	5	384	云锦被沙汭	平上?平去	PZZ?Z	平/上/上去/平去/去
7b587933dafe0f9b58a800bed115d8cf	江淹	杂体诗三十首	齊	5	385	夜闻猩猩啼	去?平平平	Z?PPP	去/平去/平/平/平
7b587933dafe0f9b58a800bed115d8cf	江淹	杂体诗三十首	齊	5	386	南中气候暖	平?去去上	P?ZZZ	平/平去/去/去/上
7b587933dafe0f9b58a800bed115d8cf	江淹	杂体诗三十首	齊	5	387	朱华凌白雪	平?平入入	P?PZZ	平/平去/平/入/入
7b587933dafe0f9b58a800bed115d8cf	江淹	杂体诗三十首	齊	5	388	身名竟谁辨	平平去平?	PPZPZ	平/平/去/平/上去
7b587933dafe0f9b58a800bed115d8cf	江淹	杂体诗三十首	齊	5	389	国史终磨灭	入上平?入	ZZP?Z	入/上/平/平去/入
7b587933dafe0f9b58a800bed115d8cf	江淹	杂体诗三十首	齊	5	390	且泛桂水潮	??去上平	??ZZP	平上/平去入/去/上/平
7b587933dafe0f9b58a800bed115d8cf	江淹	杂体诗三十首	齊	5	391	映月游海澨	去入平上去	ZZPZZ	上去/入/平/上/去
7b587933dafe0f9b58a800bed115d8cf	江淹	杂体诗三十首	齊	5	392	摄生贵处顺	入平去?去	Z?ZZZ	入/平去/去/上去/去
7b587933dafe0f9b58a800bed115d8cf	江淹	杂体诗三十首	齊	5	393	将为智者说	??去上?	??ZZZ	平去/平去/去/上/去入
7b587933dafe0f9b58a800bed115d8cf	江淹	杂体诗三十首	齊	5	394	太微凝帝宇	去平?去上	ZP?ZZ	去/平/平去/去/上
7b587933dafe0f9b58a800bed115d8cf	江淹	杂体诗三十首	齊	5	395	瑶光正神县	平平?平?	P??P?	平/平去/平去/平/平去
7b587933dafe0f9b58a800bed115d8cf	江淹	杂体诗三十首	齊	5	396	揆日粲书史	上入去平上	ZZZPZ	上/入/去/平/上
7b587933dafe0f9b58a800bed115d8cf	江淹	杂体诗三十首	齊	5	397	相都丽闻见	?平??去	?P??Z	平去/平/平去/平去/去
7b587933dafe0f9b58a800bed115d8cf	江淹	杂体诗三十首	齊	5	398	列汉构仙宫	?去去平平	?ZZPP	平入/去/去/平/平
7b587933dafe0f9b58a800bed115d8cf	江淹	杂体诗三十首	齊	5	399	开天制宝殿	平平去上去	PPZZZ	平/平/去/上/去
7b587933dafe0f9b58a800bed115d8cf	江淹	杂体诗三十首	齊	5	400	桂栋留夏飚	去去???	ZZ?Z?	去/去/平去/上去/
7b587933dafe0f9b58a800bed115d8cf	江淹	杂体诗三十首	齊	5	401	兰橑停冬霰	平?平平去	P?PPZ	平/平上/平/平/去
7b587933dafe0f9b58a800bed115d8cf	江淹	杂体诗三十首	齊	5	402	青林结冥蒙	平平入平?	PPZP?	平/平/入/平/平上
7b587933dafe0f9b58a800bed115d8cf	江淹	杂体诗三十首	齊	5	403	丹巘被葱蒨	平上?平去	PZZPZ	平/上/上去/平/去
7b587933dafe0f9b58a800bed115d8cf	江淹	杂体诗三十首	齊	5	404	山云备卿霭	平平去平?	PPZPZ	平/平/去/平/去入
7b587933dafe0f9b58a800bed115d8cf	江淹	杂体诗三十首	齊	5	405	池卉具灵变	平??平去	PZ?PZ	平/上去/平去/平/去
7b587933dafe0f9b58a800bed115d8cf	江淹	杂体诗三十首	齊	5	406	重阳集清氛	?平入平平	?PZPP	平上去/平/入/平/平
7b587933dafe0f9b58a800bed115d8cf	江淹	杂体诗三十首	齊	5	407	下辇降玄宴	?上?平?	ZZ?PZ	上去/上/平去/平/上去
7b587933dafe0f9b58a800bed115d8cf	江淹	杂体诗三十首	齊	5	408	骛望分寰队	去???去	Z???Z	去/平去/平去/平去/去
7b587933dafe0f9b58a800bed115d8cf	江淹	杂体诗三十首	齊	5	409	矖旷尽都甸	?去上平去	?ZZPZ	平上/去/上/平/去
7b587933dafe0f9b58a800bed115d8cf	江淹	杂体诗三十首	齊	5	410	气生川岳阴	去平平入平	Z?PZP	去/平去/平/入/平
7b587933dafe0f9b58a800bed115d8cf	江淹	杂体诗三十首	齊	5	411	烟灭淮海见	平入平上去	?ZPZZ	平去/入/平/上/去
7b587933dafe0f9b58a800bed115d8cf	江淹	杂体诗三十首	齊	5	412	中坐溢朱组	?上入平上	?ZZPZ	平去/上去/入/平/上
7b587933dafe0f9b58a800bed115d8cf	江淹	杂体诗三十首	齊	5	413	步櫩簉琼弁	去平去平去	ZPZPZ	去/平/去/平/去
7b587933dafe0f9b58a800bed115d8cf	江淹	杂体诗三十首	齊	5	414	礼登伫睿情	上平上去平	ZPZZP	上/平/上/去/平
7b587933dafe0f9b58a800bed115d8cf	江淹	杂体诗三十首	齊	5	415	乐阕延皇眄	?入?平?	ZZ?PZ	去入/入/平去/平/上去
7b587933dafe0f9b58a800bed115d8cf	江淹	杂体诗三十首	齊	5	416	测恩跻逾逸	入平?平入	ZP?PZ	入/平/平去/平/入
7b587933dafe0f9b58a800bed115d8cf	江淹	杂体诗三十首	齊	5	417	㳂牒懵浮贱	平入上平去	PZZPZ	平/入/上/平/去
7b587933dafe0f9b58a800bed115d8cf	江淹	杂体诗三十首	齊	5	418	承荣重兼金	平平??平	PP??P	平/平/平上去/平去/平
7b587933dafe0f9b58a800bed115d8cf	江淹	杂体诗三十首	齊	5	419	巡华过盈瑱	平??平去	P??PZ	平/平去/平去/平/去
7b587933dafe0f9b58a800bed115d8cf	江淹	杂体诗三十首	齊	5	420	敢饰舆人咏	上入?平去	ZZ?PZ	上/入/平去/平/去
7b587933dafe0f9b58a800bed115d8cf	江淹	杂体诗三十首	齊	5	421	方惭渌水荐	平平入上去	PPZZZ	平/平/入/上/去
7b587933dafe0f9b58a800bed115d8cf	江淹	杂体诗三十首	齊	5	422	昨发赤亭渚	入入入平上	ZZZPZ	入/入/入/平/上
7b587933dafe0f9b58a800bed115d8cf	江淹	杂体诗三十首	齊	5	423	今宿浦阳汭	平?上平去	PZZPZ	平/去入/上/平/去
7b587933dafe0f9b58a800bed115d8cf	江淹	杂体诗三十首	齊	5	424	方作云峰异	平入平平去	PZPP?	平/去入/平/平/平去
7b587933dafe0f9b58a800bed115d8cf	江淹	杂体诗三十首	齊	5	425	岂伊千里别	上平平上入	ZPPZZ	上/平/平/上/去入
7b587933dafe0f9b58a800bed115d8cf	江淹	杂体诗三十首	齊	5	426	芳尘未歇席	平平去入入	PPZZZ	平/平/去/入/入
7b587933dafe0f9b58a800bed115d8cf	江淹	杂体诗三十首	齊	5	427	零泪犹在袂	?去平?去	?Z?ZZ	平去/去/平去/上去/去
7b587933dafe0f9b58a800bed115d8cf	江淹	杂体诗三十首	齊	5	428	停舻望极浦	平平?入上	PP?ZZ	平/平/平去/入/上
7b587933dafe0f9b58a800bed115d8cf	江淹	杂体诗三十首	齊	5	429	弭棹阻风雪	上去?平入	ZZZ?Z	上/去/上去/平去/入
7b587933dafe0f9b58a800bed115d8cf	江淹	杂体诗三十首	齊	5	430	风雪既经时	平入去?平	?ZZ?P	平去/入/去/平去/平
7b587933dafe0f9b58a800bed115d8cf	江淹	杂体诗三十首	齊	7	431	夜永起怀旧上述	去上上平去?入	ZZZPZZZ	去/上/上/平/去/上去/入
7b587933dafe0f9b58a800bed115d8cf	江淹	杂体诗三十首	齊	5	432	汛滥畏沃若	去?去入?	ZZZZ?	去/上去/去/入/平上入
7b587933dafe0f9b58a800bed115d8cf	江淹	杂体诗三十首	齊	5	433	人事亦销铄	平去入平入	PZZPZ	平/去/入/平/入
7b587933dafe0f9b58a800bed115d8cf	江淹	杂体诗三十首	齊	5	434	子衿怨勿往	上平?入上	ZP?ZZ	上/平/平去/入/上
7b587933dafe0f9b58a800bed115d8cf	江淹	杂体诗三十首	齊	5	435	谷风诮轻薄	入平去?入	Z?Z?Z	入/平去/去/平去/入
7b587933dafe0f9b58a800bed115d8cf	江淹	杂体诗三十首	齊	5	436	共秉延州信	?上?平去	?Z?PZ	平去/上/平去/平/去
7b587933dafe0f9b58a800bed115d8cf	江淹	杂体诗三十首	齊	5	437	无惭仲路诺	平平去去入	PPZZZ	平/平/去/去/入
7b587933dafe0f9b58a800bed115d8cf	江淹	杂体诗三十首	齊	5	438	灵芝望三秀	平平?平去	PP??Z	平/平/平去/平去/去
7b587933dafe0f9b58a800bed115d8cf	江淹	杂体诗三十首	齊	5	439	孤筠情所托	平平平上入	PPPZZ	平/平/平/上/入
7b587933dafe0f9b58a800bed115d8cf	江淹	杂体诗三十首	齊	5	440	所托已殷勤	上入上平平	ZZZPP	上/入/上去/平/平
7b587933dafe0f9b58a800bed115d8cf	江淹	杂体诗三十首	齊	5	441	祗足搅怀人	平入上平平	PZZPP	平/去入/上/平/平
7b587933dafe0f9b58a800bed115d8cf	江淹	杂体诗三十首	齊	5	442	今行嶀嵊外	平?平去去	P?PZZ	平/平去/平/去/去
7b587933dafe0f9b58a800bed115d8cf	江淹	杂体诗三十首	齊	7	443	行销上述至海滨	?平?入去上平	?PZZZZP	平去/平/上去/入/去/上/平
7b587933dafe0f9b58a800bed115d8cf	江淹	杂体诗三十首	齊	5	444	觌子杳未僝	入上上去?	ZZZZ?	入/上/上/去/平去
7b587933dafe0f9b58a800bed115d8cf	江淹	杂体诗三十首	齊	5	445	欵睇在何辰	上??平平	Z?Z?P	上/平去/上去/平上/平
7b587933dafe0f9b58a800bed115d8cf	江淹	杂体诗三十首	齊	5	446	杂佩虽可赠	入去平上去	ZZPZZ	入/去/平/上/去
7b587933dafe0f9b58a800bed115d8cf	江淹	杂体诗三十首	齊	5	447	疏华谓无陈	??去平?	??ZP?	平去/平去/去/平/平去
7b587933dafe0f9b58a800bed115d8cf	江淹	杂体诗三十首	齊	5	448	无陈心悁劳	平?平平?	P?PP?	平/平去/平/平/平去
7b587933dafe0f9b58a800bed115d8cf	江淹	杂体诗三十首	齊	5	449	旅人岂游遨	上平上平平	ZPZPP	上/平/上/平/平
7b587933dafe0f9b58a800bed115d8cf	江淹	杂体诗三十首	齊	5	450	幸及风雪霁	上入平入去	ZZ?ZZ	上/入/平去/入/去
7b587933dafe0f9b58a800bed115d8cf	江淹	杂体诗三十首	齊	5	451	青春满江皋	平平上平平	PPZPP	平/平/上/平/平
7b587933dafe0f9b58a800bed115d8cf	江淹	杂体诗三十首	齊	5	452	解缆候前侣	?去去平上	ZZZPZ	上去/去/去/平/上
7b587933dafe0f9b58a800bed115d8cf	江淹	杂体诗三十首	齊	5	453	还望方郁陶	平?平入平	P?PZP	平/平去/平/入/平
7b587933dafe0f9b58a800bed115d8cf	江淹	杂体诗三十首	齊	5	454	烟景若离远	平上???	?Z??Z	平去/上/平上入/平去/上去
7b587933dafe0f9b58a800bed115d8cf	江淹	杂体诗三十首	齊	5	455	未响寄琼瑶	去上去平平	ZZZPP	去/上/去/平/平
7b587933dafe0f9b58a800bed115d8cf	江淹	杂体诗三十首	齊	5	456	窈蔼潇湘空	上去?平?	ZZ?P?	上/去//平/平去
7b587933dafe0f9b58a800bed115d8cf	江淹	杂体诗三十首	齊	5	457	翠涧澹无滋	去去?平平	ZZ?PP	去/去/平上去/平/平
7b587933dafe0f9b58a800bed115d8cf	江淹	杂体诗三十首	齊	5	458	寂历百草晦	入入入上去	ZZZZZ	入/入/入/上/去
7b587933dafe0f9b58a800bed115d8cf	江淹	杂体诗三十首	齊	5	459	歘吸鹍鸡悲	?入平平平	?ZPPP	/入/平/平/平
7b587933dafe0f9b58a800bed115d8cf	江淹	杂体诗三十首	齊	5	460	清阴往来远	平平上平?	PPZPZ	平/平/上/平/上去
7b587933dafe0f9b58a800bed115d8cf	江淹	杂体诗三十首	齊	5	461	月华散前墀	入??平平	Z?ZPP	入/平去/上去/平/平
7b587933dafe0f9b58a800bed115d8cf	江淹	杂体诗三十首	齊	5	462	炼药瞩虚幌	去入入平上	ZZZPZ	去/入/入/平/上
7b587933dafe0f9b58a800bed115d8cf	江淹	杂体诗三十首	齊	5	463	汛瑟卧遥帷	去入去平平	ZZZPP	去/入/去/平/平
7b587933dafe0f9b58a800bed115d8cf	江淹	杂体诗三十首	齊	5	464	水碧验未黩	上入去去入	ZZZZZ	上/入/去/去/入
7b587933dafe0f9b58a800bed115d8cf	江淹	杂体诗三十首	齊	5	465	金膏灵讵缁	平平平?平	P?PZP	平/平去/平/上去/平
7b587933dafe0f9b58a800bed115d8cf	江淹	杂体诗三十首	齊	5	466	北渚有帝子	入上上去上	ZZZZZ	入/上/上/去/上
7b587933dafe0f9b58a800bed115d8cf	江淹	杂体诗三十首	齊	5	467	荡瀁不可期	??入上平	?Z?ZP	平上去/上去/平上入/上/平
7b587933dafe0f9b58a800bed115d8cf	江淹	杂体诗三十首	齊	5	468	怅然山中暮	去平平平去	ZPP?Z	去/平/平/平去/去
7b587933dafe0f9b58a800bed115d8cf	江淹	杂体诗三十首	齊	5	469	怀疴属此诗	平?入上平	P?ZZP	平/平去/入/上/平
7b587933dafe0f9b58a800bed115d8cf	江淹	杂体诗三十首	齊	5	470	宫庙礼哀敬	平去上平去	PZZPZ	平/去/上/平/去
7b587933dafe0f9b58a800bed115d8cf	江淹	杂体诗三十首	齊	5	471	枌邑道严玄	平入上平平	PZZPP	平/入/上/平/平
7b587933dafe0f9b58a800bed115d8cf	江淹	杂体诗三十首	齊	5	472	诏徒登季月	去平平去入	ZPPZZ	去/平/平/去/入
7b587933dafe0f9b58a800bed115d8cf	江淹	杂体诗三十首	齊	5	473	戒凤藻行川	去去上?平	ZZZ?P	去/去/上/平去/平
7b587933dafe0f9b58a800bed115d8cf	江淹	杂体诗三十首	齊	5	474	云斾象汉徙	平?上去上	P?ZZZ	平//上/去/上
7b587933dafe0f9b58a800bed115d8cf	江淹	杂体诗三十首	齊	5	475	宸网拟星悬	平上上平平	PZZPP	平/上/上/平/平
7b587933dafe0f9b58a800bed115d8cf	江淹	杂体诗三十首	齊	5	476	朱棹丽寒渚	平去?平上	PZ?PZ	平/去/平去/平/上
7b587933dafe0f9b58a800bed115d8cf	江淹	杂体诗三十首	齊	5	477	金鑁映秋山	平?去平平	P?ZPP	平//上去/平/平
7b587933dafe0f9b58a800bed115d8cf	江淹	杂体诗三十首	齊	5	478	羽卫蔼流景	上去去平上	ZZZPZ	上去/去/去/平/上
7b587933dafe0f9b58a800bed115d8cf	江淹	杂体诗三十首	齊	5	479	彩吹震沉渊	上?去平平	Z?ZPP	上/平去/去/平/平
7b587933dafe0f9b58a800bed115d8cf	江淹	杂体诗三十首	齊	5	480	辨诗测京国	?平入平入	ZPZPZ	上去/平/入/平/入
7b587933dafe0f9b58a800bed115d8cf	江淹	杂体诗三十首	齊	5	481	履籍鉴都鄽	上入?平平	ZZ?PP	上/入/平去/平/平
7b587933dafe0f9b58a800bed115d8cf	江淹	杂体诗三十首	齊	5	482	氓谣响玉律	平平上入入	PPZZZ	平/平/上/入/入
7b587933dafe0f9b58a800bed115d8cf	江淹	杂体诗三十首	齊	5	483	邑颂被丹弦	入??平平	Z?ZP?	入/平去/上去/平/平去
7b587933dafe0f9b58a800bed115d8cf	江淹	杂体诗三十首	齊	5	484	文轸薄桂海	平上入去上	PZZZZ	平/上/入/去/上
7b587933dafe0f9b58a800bed115d8cf	江淹	杂体诗三十首	齊	5	485	声教烛冰天	平?入平平	P?ZPP	平/平去/入/平/平
7b587933dafe0f9b58a800bed115d8cf	江淹	杂体诗三十首	齊	5	486	和惠颁上笏	?去平?入	?ZPZZ	平去/去/平/上去/入
7b587933dafe0f9b58a800bed115d8cf	江淹	杂体诗三十首	齊	5	487	恩渥浃下筵	平入入?平	PZZZP	平/入/入/上去/平
7b587933dafe0f9b58a800bed115d8cf	江淹	杂体诗三十首	齊	5	488	幸侍观洛后	上去?入?	ZZ?ZZ	上/去/平去/入/上去
7b587933dafe0f9b58a800bed115d8cf	江淹	杂体诗三十首	齊	5	489	岂慕巡河前	上去平平平	ZZPPP	上/去/平/平/平
7b587933dafe0f9b58a800bed115d8cf	江淹	杂体诗三十首	齊	5	490	服义方无沬	入去平平去	ZZPPZ	入/去/平/平/去
7b587933dafe0f9b58a800bed115d8cf	江淹	杂体诗三十首	齊	5	491	展歌殊未宣	上平平去平	ZPPZP	上/平/平/去/平
7b587933dafe0f9b58a800bed115d8cf	江淹	杂体诗三十首	齊	5	492	肃舲出郊际	入平入平去	ZPZPZ	入/平/去入/平/去
7b587933dafe0f9b58a800bed115d8cf	江淹	杂体诗三十首	齊	5	493	徙乐逗江阴	上?去平平	ZZZPP	上/去入/去/平/平
7b587933dafe0f9b58a800bed115d8cf	江淹	杂体诗三十首	齊	5	494	翠山方蔼蔼	去平平去去	ZPPZZ	去/平/平/去/去
7b587933dafe0f9b58a800bed115d8cf	江淹	杂体诗三十首	齊	5	495	青浦正沉沉	平上?平平	PZ?PP	平/上/平去/平/平
7b587933dafe0f9b58a800bed115d8cf	江淹	杂体诗三十首	齊	5	496	凉叶照沙屿	?入去平上	?ZZ?Z	平去/入/去/平去/上
7b587933dafe0f9b58a800bed115d8cf	江淹	杂体诗三十首	齊	5	497	秋荣冒水浔	平平?上平	PPZZP	平/平/去入/上/平
7b587933dafe0f9b58a800bed115d8cf	江淹	杂体诗三十首	齊	5	498	风散松架险	平?平去上	?Z?ZZ	平去/上去/平去/去/上
7b587933dafe0f9b58a800bed115d8cf	江淹	杂体诗三十首	齊	5	499	云郁石道深	平入入上平	PZZZ?	平/入/入/上/平去
7b587933dafe0f9b58a800bed115d8cf	江淹	杂体诗三十首	齊	5	500	静默镜绵野	上入去平上	ZZZPZ	上/入/去/平/上
7b587933dafe0f9b58a800bed115d8cf	江淹	杂体诗三十首	齊	5	501	四睇乱层岑	去?去平平	Z?ZPP	去/平去/去/平/平
7b587933dafe0f9b58a800bed115d8cf	江淹	杂体诗三十首	齊	5	502	气清知雁引	去平平去?	ZPPZZ	去/平/平/去/上去
7b587933dafe0f9b58a800bed115d8cf	江淹	杂体诗三十首	齊	5	503	露华识猨首	去??平?	Z?ZPZ	去/平去/去入/平/上去
7b587933dafe0f9b58a800bed115d8cf	江淹	杂体诗三十首	齊	5	504	云装信解黻	平?去?入	P?ZZZ	平/平去/去/上去/入
7b587933dafe0f9b58a800bed115d8cf	江淹	杂体诗三十首	齊	5	505	烟驾可辞金	平去上平平	?ZZPP	平去/去/上/平/平
7b587933dafe0f9b58a800bed115d8cf	江淹	杂体诗三十首	齊	5	506	始觌紫芳心	上入上平平	ZZZPP	上/入/上/平/平
7b587933dafe0f9b58a800bed115d8cf	江淹	杂体诗三十首	齊	5	507	行光自容裔	?平去平去	??ZPZ	平去/平去/去/平/去
7b587933dafe0f9b58a800bed115d8cf	江淹	杂体诗三十首	齊	5	508	无使弱思侵	平?入?平	PZZ?P	平/上去/入/平去/平
7b587933dafe0f9b58a800bed115d8cf	江淹	杂体诗三十首	齊	5	509	豪士枉尺璧	平上上入入	PZZZZ	平/上/上/入/入
7b587933dafe0f9b58a800bed115d8cf	江淹	杂体诗三十首	齊	5	510	宵人重恩光	平平?平平	PP?P?	平/平/平上去/平/平去
7b587933dafe0f9b58a800bed115d8cf	江淹	杂体诗三十首	齊	5	511	狥义非为利	?去平?去	?ZP?Z	/去/平/平去/去
7b587933dafe0f9b58a800bed115d8cf	江淹	杂体诗三十首	齊	5	512	执羁轻去乡	入平??平	ZP?ZP	入/平/平去/上去/平
7b587933dafe0f9b58a800bed115d8cf	江淹	杂体诗三十首	齊	5	513	孟冬郊祀月	去平平上入	ZPPZZ	去/平/平/上/入
7b587933dafe0f9b58a800bed115d8cf	江淹	杂体诗三十首	齊	5	514	杀气起严霜	?去上平平	ZZZPP	去入/去/上/平/平
7b587933dafe0f9b58a800bed115d8cf	江淹	杂体诗三十首	齊	5	515	戎马粟不暖	平上入入上	PZZ?Z	平/上/入/平上入/上
7b587933dafe0f9b58a800bed115d8cf	江淹	杂体诗三十首	齊	5	516	军士冰为浆	平上平?平	PZP?P	平/上/平/平去/平
7b587933dafe0f9b58a800bed115d8cf	江淹	杂体诗三十首	齊	5	517	晨上城皋坂	平?平平上	PZPPZ	平/上去/平/平/上
7b587933dafe0f9b58a800bed115d8cf	江淹	杂体诗三十首	齊	5	518	碛砾皆羊肠	入入平平平	ZZPPP	入/入/平/平/平
7b587933dafe0f9b58a800bed115d8cf	江淹	杂体诗三十首	齊	5	519	寒阴笼白日	平平?入入	PP?ZZ	平/平/平上/入/入
7b587933dafe0f9b58a800bed115d8cf	江淹	杂体诗三十首	齊	5	520	大谷晦苍苍	去入去??	ZZZ??	去/入/去/平上/平上
7b587933dafe0f9b58a800bed115d8cf	江淹	杂体诗三十首	齊	5	521	息徒税征驾	入平去?去	ZPZ?Z	入/平/去/平上/去
7b587933dafe0f9b58a800bed115d8cf	江淹	杂体诗三十首	齊	5	522	倚剑临八荒	???入?	Z??Z?	上去//平去/入/平去
7b587933dafe0f9b58a800bed115d8cf	江淹	杂体诗三十首	齊	5	523	鹪鹏不能飞	平平入平平	PP??P	平/平/平上入/平上去/平
7b587933dafe0f9b58a800bed115d8cf	江淹	杂体诗三十首	齊	5	524	玄武伏川梁	平上?平平	PZZPP	平/上/去入/平/平
7b587933dafe0f9b58a800bed115d8cf	江淹	杂体诗三十首	齊	5	525	铩翮由时至	?入平平去	ZZPPZ	去入/入/平/平/去
7b587933dafe0f9b58a800bed115d8cf	江淹	杂体诗三十首	齊	5	526	感物聊自伤	上入平去平	ZZPZ?	上/入/平/去/平去
7b587933dafe0f9b58a800bed115d8cf	江淹	杂体诗三十首	齊	5	527	竖儒守一经	上平?入?	ZPZZ?	上/平/上去/入/平去
7b587933dafe0f9b58a800bed115d8cf	江淹	杂体诗三十首	齊	5	528	未足识行藏	去入???	ZZZ??	去/去入/去入/平去/平去
7b587933dafe0f9b58a800bed115d8cf	江淹	杂体诗三十首	齊	5	529	西北秋风至	平入平平去	PZP?Z	平/入/平/平去/去
7b587933dafe0f9b58a800bed115d8cf	江淹	杂体诗三十首	齊	5	530	楚客心悠哉	上入平平平	ZZPPP	上去/入/平/平/平
7b587933dafe0f9b58a800bed115d8cf	江淹	杂体诗三十首	齊	5	531	日暮碧云合	入去入平入	ZZZPZ	入/去/入/平/入
7b587933dafe0f9b58a800bed115d8cf	江淹	杂体诗三十首	齊	5	532	佳人殊未来	平平平去平	PPPZP	平/平/平/去/平
7b587933dafe0f9b58a800bed115d8cf	江淹	杂体诗三十首	齊	5	533	露彩方泛艳	去上平?去	ZZP?Z	去/上/平/平去入/去
7b587933dafe0f9b58a800bed115d8cf	江淹	杂体诗三十首	齊	5	534	月华始徘徊	入?上平平	Z?ZPP	入/平去/上/平/平
7b587933dafe0f9b58a800bed115d8cf	江淹	杂体诗三十首	齊	5	535	宝书为君掩	上平?平上	ZP?PZ	上/平/平去/平/上
7b587933dafe0f9b58a800bed115d8cf	江淹	杂体诗三十首	齊	5	536	瑶棽讵能开	平平??平	PPZ?P	平/平/上去/平上去/平
7b587933dafe0f9b58a800bed115d8cf	江淹	杂体诗三十首	齊	5	537	相思巫山渚	平平平平上	??PPZ	平去/平去/平/平/上
7b587933dafe0f9b58a800bed115d8cf	江淹	杂体诗三十首	齊	5	538	怅望阳云台	去?平平平	Z?PPP	去/平去/平/平/平
7b587933dafe0f9b58a800bed115d8cf	江淹	杂体诗三十首	齊	5	539	膏炉绝沉燎	平平入平?	?PZP?	平去/平/入/平/平上去
7b587933dafe0f9b58a800bed115d8cf	江淹	杂体诗三十首	齊	5	540	绮席生浮埃	上入平平平	ZZ?PP	上/入/平去/平/平
7b587933dafe0f9b58a800bed115d8cf	江淹	杂体诗三十首	齊	5	541	桂水日千里	去上入平上	ZZZPZ	去/上/入/平/上
7b587933dafe0f9b58a800bed115d8cf	江淹	杂体诗三十首	齊	5	542	因心平生怀	平平平平平	PPP?P	平/平/平/平去/平
7b587933dafe0f9b041e5c89d44a84ec	江淹	歌（去故乡赋系此歌）	齊	7	0	芳洲之草行欲暮	平平平上?入去	PPPZ?ZZ	平/平/平/上/平去/入/去
7b587933dafe0f9b041e5c89d44a84ec	江淹	歌（去故乡赋系此歌）	齊	7	1	桂水之波不可渡	去上平平入上去	ZZPP?ZZ	去/上/平/平/平上入/上/去
7b587933dafe0f9bc5297ea6aff3e62b	江淹	效阮公诗十五首	齊	5	0	岁暮怀感伤	去去平上平	ZZPZ?	去/去/平/上/平去
7b587933dafe0f9bc5297ea6aff3e62b	江淹	效阮公诗十五首	齊	5	1	中夕弄清琴	?入去平平	?ZZPP	平去/入/去/平/平
7b587933dafe0f9bc5297ea6aff3e62b	江淹	效阮公诗十五首	齊	5	2	戾戾曙风急	??去平入	ZZZ?Z	去入/去入/去/平去/入
7b587933dafe0f9bc5297ea6aff3e62b	江淹	效阮公诗十五首	齊	5	3	团团明月阴	平平平入平	PPPZP	平/平/平/入/平
7b587933dafe0f9bc5297ea6aff3e62b	江淹	效阮公诗十五首	齊	5	4	孤云出北山	平平入入平	PPZZP	平/平/去入/入/平
7b587933dafe0f9bc5297ea6aff3e62b	江淹	效阮公诗十五首	齊	5	5	宿鸟惊东林	?上平平平	ZZPPP	去入/上/平/平/平
7b587933dafe0f9bc5297ea6aff3e62b	江淹	效阮公诗十五首	齊	5	6	谁谓人道广	平去平上上	PZPZZ	平/去/平/上/上
7b587933dafe0f9bc5297ea6aff3e62b	江淹	效阮公诗十五首	齊	5	7	忧慨自相寻	平去去?平	?ZZ?P	平去/去/去/平去/平
7b587933dafe0f9bc5297ea6aff3e62b	江淹	效阮公诗十五首	齊	5	8	宁知霜雪后	?平平入?	?PPZZ	平上去/平/平/入/上去
7b587933dafe0f9bc5297ea6aff3e62b	江淹	效阮公诗十五首	齊	5	9	独见松竹心	入去平入平	ZZ?ZP	入/去/平去/入/平
7b587933dafe0f9bc5297ea6aff3e62b	江淹	效阮公诗十五首	齊	5	10	十年学读书	入平入入平	ZPZZP	入/平/入/入/平
7b587933dafe0f9bc5297ea6aff3e62b	江淹	效阮公诗十五首	齊	5	11	颜华尚美好	平??上?	P??ZZ	平/平去/平去/上/上去
7b587933dafe0f9bc5297ea6aff3e62b	江淹	效阮公诗十五首	齊	5	12	不逐世间人	入入去平平	?ZZ?P	平上入/入/去//平
7b587933dafe0f9bc5297ea6aff3e62b	江淹	效阮公诗十五首	齊	5	13	斗鸡东郊道	?平平平上	ZPPPZ	上去/平/平/平/上
7b587933dafe0f9bc5297ea6aff3e62b	江淹	效阮公诗十五首	齊	5	14	富贵如浮云	去去平平平	ZZ?PP	去/去/平去/平/平
7b587933dafe0f9bc5297ea6aff3e62b	江淹	效阮公诗十五首	齊	5	15	金玉不为宝	平入入?上	PZ??Z	平/入/平上入/平去/上
7b587933dafe0f9bc5297ea6aff3e62b	江淹	效阮公诗十五首	齊	5	16	一旦鹈鴂鸣	入去平入平	ZZPZP	入/去/平/入/平
7b587933dafe0f9bc5297ea6aff3e62b	江淹	效阮公诗十五首	齊	5	17	严霜被劲草	平平?去上	PPZZZ	平/平/上去/去/上
7b587933dafe0f9bc5297ea6aff3e62b	江淹	效阮公诗十五首	齊	5	18	志气多感失	去去平上入	ZZPZZ	去/去/平/上/入
7b587933dafe0f9bc5297ea6aff3e62b	江淹	效阮公诗十五首	齊	5	19	泪下沾怀抱	去??平上	ZZ?PZ	去/上去/平去/平/上
7b587933dafe0f9bc5297ea6aff3e62b	江淹	效阮公诗十五首	齊	5	20	白露淹庭树	入去?平?	ZZ?PZ	入/去/平去/平/上去
7b587933dafe0f9bc5297ea6aff3e62b	江淹	效阮公诗十五首	齊	5	21	秋风吹罗衣	平平?平平	P??P?	平/平去/平去/平/平去
7b587933dafe0f9bc5297ea6aff3e62b	江淹	效阮公诗十五首	齊	5	22	忠信主不合	平去上入入	PZZ?Z	平/去/上/平上入/入
7b587933dafe0f9bc5297ea6aff3e62b	江淹	效阮公诗十五首	齊	5	23	辞意将诉谁	平去?去平	PZ?ZP	平/去/平去/去/平
7b587933dafe0f9bc5297ea6aff3e62b	江淹	效阮公诗十五首	齊	5	24	独坐东轩下	入上平平?	ZZPPZ	入/上去/平/平/上去
7b587933dafe0f9bc5297ea6aff3e62b	江淹	效阮公诗十五首	齊	5	25	鸡鸣夜已晞	平平去上平	PPZZP	平/平/去/上去/平
7b587933dafe0f9bc5297ea6aff3e62b	江淹	效阮公诗十五首	齊	5	26	总驾命宾仆	上去去平?	ZZZPZ	上/去/去/平/去入
7b587933dafe0f9bc5297ea6aff3e62b	江淹	效阮公诗十五首	齊	5	27	遵路起旋归	平去上?平	PZZ?P	平/去/上/平去/平
7b587933dafe0f9bc5297ea6aff3e62b	江淹	效阮公诗十五首	齊	5	28	天命谁能见	平去平?去	PZP?Z	平/去/平/平上去/去
7b587933dafe0f9bc5297ea6aff3e62b	江淹	效阮公诗十五首	齊	5	29	人踪信可疑	平平去上平	PPZZP	平/平/去/上/平
7b587933dafe0f9bc5297ea6aff3e62b	江淹	效阮公诗十五首	齊	5	30	飘飘恍惚中	平平平入?	PPPZ?	平/平/平/入/平去
7b587933dafe0f9bc5297ea6aff3e62b	江淹	效阮公诗十五首	齊	5	31	是非安所之	上平平上平	ZPPZP	上/平/平/上/平
7b587933dafe0f9bc5297ea6aff3e62b	江淹	效阮公诗十五首	齊	5	32	大道常不验	去上平入去	ZZP?Z	去/上/平/平上入/去
7b587933dafe0f9bc5297ea6aff3e62b	江淹	效阮公诗十五首	齊	5	33	金火每如斯	平上?平平	PZZ?P	平/上/上去/平去/平
7b587933dafe0f9bc5297ea6aff3e62b	江淹	效阮公诗十五首	齊	5	34	慷慨少淑貌	上去?入去	ZZZZZ	上/去/上去/入/去
7b587933dafe0f9bc5297ea6aff3e62b	江淹	效阮公诗十五首	齊	5	35	便娟多令辞	?平平?平	?PP?P	平去/平/平/平去/平
7b587933dafe0f9bc5297ea6aff3e62b	江淹	效阮公诗十五首	齊	5	36	宿昔秉心誓	?入上平去	ZZZPZ	去入/入/上/平/去
7b587933dafe0f9bc5297ea6aff3e62b	江淹	效阮公诗十五首	齊	5	37	灵明将见期	平平?去平	PP?ZP	平/平/平去/去/平
7b587933dafe0f9bc5297ea6aff3e62b	江淹	效阮公诗十五首	齊	5	38	愿从丹丘驾	去?平平去	Z?PPZ	去/平去/平/平/去
7b587933dafe0f9bc5297ea6aff3e62b	江淹	效阮公诗十五首	齊	5	39	长弄华池滋	?去?平平	?Z?PP	平上去/去/平去/平/平
7b587933dafe0f9bc5297ea6aff3e62b	江淹	效阮公诗十五首	齊	5	40	阴阳不可知	平平入上平	PP?ZP	平/平/平上入/上/平
7b587933dafe0f9bc5297ea6aff3e62b	江淹	效阮公诗十五首	齊	5	41	鬼神惟杳冥	上平平上平	ZPPZP	上/平/平/上/平
7b587933dafe0f9bc5297ea6aff3e62b	江淹	效阮公诗十五首	齊	5	42	暂试武帝貌	去去上去去	ZZZZZ	去/去/上/去/去
7b587933dafe0f9bc5297ea6aff3e62b	江淹	效阮公诗十五首	齊	5	43	一见李后灵	入去上?平	ZZZZP	入/去/上/上去/平
7b587933dafe0f9bc5297ea6aff3e62b	江淹	效阮公诗十五首	齊	5	44	同情沦异物	?平平去入	?PP?Z	平去/平/平/平去/入
7b587933dafe0f9bc5297ea6aff3e62b	江淹	效阮公诗十五首	齊	5	45	有体入无形	上上入平平	ZZZPP	上/上/入/平/平
7b587933dafe0f9bc5297ea6aff3e62b	江淹	效阮公诗十五首	齊	5	46	贤圣共草昧	平??上去	PZ?ZZ	平/去入/平去/上/去
7b587933dafe0f9bc5297ea6aff3e62b	江淹	效阮公诗十五首	齊	5	47	仁智焉足明	平去平入平	PZPZP	平/去/平/去入/平
7b587933dafe0f9bc5297ea6aff3e62b	江淹	效阮公诗十五首	齊	5	48	变化未有极	去去去上入	ZZZZZ	去/去/去/上/入
7b587933dafe0f9bc5297ea6aff3e62b	江淹	效阮公诗十五首	齊	5	49	恍惚谁能精	平入平??	PZP??	平/入/平/平上去/平去
7b587933dafe0f9bc5297ea6aff3e62b	江淹	效阮公诗十五首	齊	5	50	若木出海外	?入入上去	?ZZZZ	平上入/入/去入/上/去
7b587933dafe0f9bc5297ea6aff3e62b	江淹	效阮公诗十五首	齊	5	51	本自丹水阴	上去平上平	ZZPZP	上/去/平/上/平
7b587933dafe0f9bc5297ea6aff3e62b	江淹	效阮公诗十五首	齊	5	52	群帝共上下	平去???	PZ?ZZ	平/去/平去/上去/上去
7b587933dafe0f9bc5297ea6aff3e62b	江淹	效阮公诗十五首	齊	5	53	鸾鸟相追寻	平上?平平	PZ?PP	平/上/平去/平/平
7b587933dafe0f9bc5297ea6aff3e62b	江淹	效阮公诗十五首	齊	5	54	千龄犹旦夕	平平平去入	PP?ZZ	平/平/平去/去/入
7b587933dafe0f9bc5297ea6aff3e62b	江淹	效阮公诗十五首	齊	5	55	万世更浮沉	去去?平平	ZZ?PP	去入/去/平去/平/平
7b587933dafe0f9bc5297ea6aff3e62b	江淹	效阮公诗十五首	齊	5	56	岂与异乡士	上?去平上	Z??PZ	上/平上去/平去/平/上
7b587933dafe0f9bc5297ea6aff3e62b	江淹	效阮公诗十五首	齊	5	57	瑜瑕论浅深	平平??平	PP???	平/平/平去/平上/平去
7b587933dafe0f9bc5297ea6aff3e62b	江淹	效阮公诗十五首	齊	5	58	夏后乘两龙	???上平	ZZ?ZP	上去/上去/平去/上去/平
7b587933dafe0f9bc5297ea6aff3e62b	江淹	效阮公诗十五首	齊	5	59	高会在帝台	平去?去平	PZZZP	平/去/上去/去/平
7b587933dafe0f9bc5297ea6aff3e62b	江淹	效阮公诗十五首	齊	5	60	荣光河雒出	平平平入入	P?PZZ	平/平去/平/入/去入
7b587933dafe0f9bc5297ea6aff3e62b	江淹	效阮公诗十五首	齊	5	61	白云苍梧来	入平?平平	ZP?PP	入/平/平上/平/平
7b587933dafe0f9bc5297ea6aff3e62b	江淹	效阮公诗十五首	齊	5	62	侍御多贤圣	去?平平?	ZZPPZ	去/上去/平/平/去入
7b587933dafe0f9bc5297ea6aff3e62b	江淹	效阮公诗十五首	齊	5	63	升降有群才	平?上平?	P?ZP?	平/平去/上/平/平去
7b587933dafe0f9bc5297ea6aff3e62b	江淹	效阮公诗十五首	齊	5	64	四时有变化	去平上去去	ZPZZZ	去/平/上/去/去
7b587933dafe0f9bc5297ea6aff3e62b	江淹	效阮公诗十五首	齊	5	65	盛明不徘徊	?平入平平	?P?PP	平去/平/平上入/平/平
7b587933dafe0f9bc5297ea6aff3e62b	江淹	效阮公诗十五首	齊	5	66	高阳邈已远	平平入上?	PPZZZ	平/平/入/上去/上去
7b587933dafe0f9bc5297ea6aff3e62b	江淹	效阮公诗十五首	齊	5	67	伫立谁语哉	上入平?平	ZZPZP	上/入/平/上去/平
7b587933dafe0f9bc5297ea6aff3e62b	江淹	效阮公诗十五首	齊	5	68	昔余登大梁	入平平去平	ZPPZP	入/平/平/去/平
7b587933dafe0f9bc5297ea6aff3e62b	江淹	效阮公诗十五首	齊	5	69	西南望洪河	平平?平平	PP?PP	平/平/平去/平/平
7b587933dafe0f9bc5297ea6aff3e62b	江淹	效阮公诗十五首	齊	5	70	时寒原野旷	平平平上去	PPPZZ	平/平/平/上/去
7b587933dafe0f9bc5297ea6aff3e62b	江淹	效阮公诗十五首	齊	5	71	风急霜露多	平入平去平	?ZPZP	平去/入/平/去/平
7b587933dafe0f9bc5297ea6aff3e62b	江淹	效阮公诗十五首	齊	5	72	仲冬正惨切	去平?上?	ZP?ZZ	去/平/平去/上/去入
7b587933dafe0f9bc5297ea6aff3e62b	江淹	效阮公诗十五首	齊	5	73	日月少精华	入入???	ZZZ??	入/入/上去/平去/平去
7b587933dafe0f9bc5297ea6aff3e62b	江淹	效阮公诗十五首	齊	5	74	落叶纵横起	入入??上	ZZ??Z	入/入/平去/平去/上
7b587933dafe0f9bc5297ea6aff3e62b	江淹	效阮公诗十五首	齊	5	75	飞鸟时相过	平上平??	PZP??	平/上/平/平去/平去
7b587933dafe0f9bc5297ea6aff3e62b	江淹	效阮公诗十五首	齊	5	76	搔首广川阴	平?上平平	PZZPP	平/上去/上/平/平
7b587933dafe0f9bc5297ea6aff3e62b	江淹	效阮公诗十五首	齊	5	77	怀归思如何	平平?平平	PP???	平/平/平去/平去/平上
7b587933dafe0f9bc5297ea6aff3e62b	江淹	效阮公诗十五首	齊	5	78	常愿反初服	平去?平入	PZ?PZ	平/去/平上/平/入
7b587933dafe0f9bc5297ea6aff3e62b	江淹	效阮公诗十五首	齊	5	79	闲步颍水阿	?去上上平	?ZZZP	平去/去/上/上/平
7b587933dafe0f9bc5297ea6aff3e62b	江淹	效阮公诗十五首	齊	5	80	宵月辉西极	平入平平入	PZPPZ	平/入/平/平/入
7b587933dafe0f9bc5297ea6aff3e62b	江淹	效阮公诗十五首	齊	5	81	女圭映东海	上平去平上	ZPZPZ	上去/平/上去/平/上
7b587933dafe0f9bc5297ea6aff3e62b	江淹	效阮公诗十五首	齊	5	82	佳丽多异色	平?平去入	P?P?Z	平/平去/平/平去/入
7b587933dafe0f9bc5297ea6aff3e62b	江淹	效阮公诗十五首	齊	5	83	芬葩有奇采	平平上平上	PPZPZ	平/平/上/平/上
7b587933dafe0f9bc5297ea6aff3e62b	江淹	效阮公诗十五首	齊	5	84	绮缟非无情	上?平平平	ZZPPP	上/上去/平/平/平
7b587933dafe0f9bc5297ea6aff3e62b	江淹	效阮公诗十五首	齊	5	85	光阴命谁待	平平去平上	?PZPZ	平去/平/去/平/上
7b587933dafe0f9bc5297ea6aff3e62b	江淹	效阮公诗十五首	齊	5	86	不与风雨变	入?平上去	???ZZ	平上入/平上去/平去/上去/去
7b587933dafe0f9bc5297ea6aff3e62b	江淹	效阮公诗十五首	齊	5	87	长共山川在	??平平?	??PPZ	平上去/平去/平/平/上去
7b587933dafe0f9bc5297ea6aff3e62b	江淹	效阮公诗十五首	齊	5	88	人道则不然	平上入入平	PZZ?P	平/上/入/平上入/平
7b587933dafe0f9bc5297ea6aff3e62b	江淹	效阮公诗十五首	齊	5	89	消散随风改	平?平平上	PZP?Z	平/上去/平/平去/上
7b587933dafe0f9bc5297ea6aff3e62b	江淹	效阮公诗十五首	齊	5	90	少年学击剑	?平入入?	ZPZZ?	上去/平/入/入/
7b587933dafe0f9bc5297ea6aff3e62b	江淹	效阮公诗十五首	齊	5	91	从师至幽州	?平去平平	?PZPP	平去/平/去/平/平
7b587933dafe0f9bc5297ea6aff3e62b	江淹	效阮公诗十五首	齊	5	92	燕赵兵马地	?上平上去	?ZPZZ	平去/上/平/上/去
7b587933dafe0f9bc5297ea6aff3e62b	江淹	效阮公诗十五首	齊	5	93	唯见古时丘	?去上平平	?ZZPP	平上/去/上/平/平
7b587933dafe0f9bc5297ea6aff3e62b	江淹	效阮公诗十五首	齊	5	94	登城望山水	平平?平上	PP?PZ	平/平/平去/平/上
7b587933dafe0f9bc5297ea6aff3e62b	江淹	效阮公诗十五首	齊	5	95	平原独悠悠	平平入平平	PPZPP	平/平/入/平/平
7b587933dafe0f9bc5297ea6aff3e62b	江淹	效阮公诗十五首	齊	5	96	寒暑有往来	平上上上平	PZZZP	平/上/上/上/平
7b587933dafe0f9bc5297ea6aff3e62b	江淹	效阮公诗十五首	齊	5	97	功名安可留	平平平上?	PPPZ?	平/平/平/上/平去
7b587933dafe0f9bc5297ea6aff3e62b	江淹	效阮公诗十五首	齊	5	98	扰扰当途子	上上?平上	ZZ?PZ	上/上/平去/平/上
7b587933dafe0f9bc5297ea6aff3e62b	江淹	效阮公诗十五首	齊	5	99	毁誉多埃尘	??平平平	Z?PPP	上去/平去/平/平/平
7b587933dafe0f9bc5297ea6aff3e62b	江淹	效阮公诗十五首	齊	5	100	朝生舆马间	平平?上平	P??Z?	平/平去/平去/上/
7b587933dafe0f9bc5297ea6aff3e62b	江淹	效阮公诗十五首	齊	5	101	夕死衢路滨	入上平去平	ZZPZP	入/上/平/去/平
7b587933dafe0f9bc5297ea6aff3e62b	江淹	效阮公诗十五首	齊	5	102	藜藿应见弃	平入?去去	PZ?ZZ	平/入/平去/去/去
7b587933dafe0f9bc5297ea6aff3e62b	江淹	效阮公诗十五首	齊	5	103	势位乃为亲	去去上??	ZZZ??	去/去/上/平去/平去
7b587933dafe0f9bc5297ea6aff3e62b	江淹	效阮公诗十五首	齊	5	104	华屋争结绶	?入平入?	?ZPZZ	平去/入/平/入/上去
7b587933dafe0f9bc5297ea6aff3e62b	江淹	效阮公诗十五首	齊	5	105	朱门竞弹巾	平平去?平	PPZ?P	平/平/去/平去/平
7b587933dafe0f9bc5297ea6aff3e62b	江淹	效阮公诗十五首	齊	5	106	徒羡草木利	平?上入去	P?ZZZ	平/平去/上/入/去
7b587933dafe0f9bc5297ea6aff3e62b	江淹	效阮公诗十五首	齊	5	107	不爱金碧身	入去平入平	?ZPZP	平上入/去/平/入/平
7b587933dafe0f9bc5297ea6aff3e62b	江淹	效阮公诗十五首	齊	5	108	至德所以贵	去入上上去	ZZZZZ	去/入/上/上/去
7b587933dafe0f9bc5297ea6aff3e62b	江淹	效阮公诗十五首	齊	5	109	河上有丈人	平?上上平	PZZZP	平/上去/上/上/平
7b587933dafe0f9bc5297ea6aff3e62b	江淹	效阮公诗十五首	齊	5	110	华树曜北林	??去入平	?ZZZP	平去/上去/去/入/平
7b587933dafe0f9bc5297ea6aff3e62b	江淹	效阮公诗十五首	齊	5	111	芬芳空自宣	平平?去平	PP?ZP	平/平/平去/去/平
7b587933dafe0f9bc5297ea6aff3e62b	江淹	效阮公诗十五首	齊	5	112	秋至白云起	平去入平上	PZZPZ	平/去/入/平/上
7b587933dafe0f9bc5297ea6aff3e62b	江淹	效阮公诗十五首	齊	5	113	蟪蛄号庭前	去平?平平	ZP?PP	去/平/平去/平/平
7b587933dafe0f9bc5297ea6aff3e62b	江淹	效阮公诗十五首	齊	5	114	中心有所思	?平上上?	?PZZ?	平去/平/上/上/平去
7b587933dafe0f9bc5297ea6aff3e62b	江淹	效阮公诗十五首	齊	5	115	虚堂独浩然	平平入?平	PPZZP	平/平/入/上入/平
7b587933dafe0f9bc5297ea6aff3e62b	江淹	效阮公诗十五首	齊	5	116	安坐咏琴瑟	平上去平入	PZZPZ	平/上去/去/平/入
7b587933dafe0f9bc5297ea6aff3e62b	江淹	效阮公诗十五首	齊	5	117	逍遥可永年	平平上上平	PPZZP	平/平/上/上/平
7b587933dafe0f9bc5297ea6aff3e62b	江淹	效阮公诗十五首	齊	5	118	假乘试行游	??去?平	Z?Z?P	上去/平去/去/平去/平
7b587933dafe0f9bc5297ea6aff3e62b	江淹	效阮公诗十五首	齊	5	119	北望高山岑	入?平平平	Z?PPP	入/平去/平/平/平
7b587933dafe0f9bc5297ea6aff3e62b	江淹	效阮公诗十五首	齊	5	120	翩翩征鸟翼	平平?上入	PP?ZZ	平/平/平上/上/入
7b587933dafe0f9bc5297ea6aff3e62b	江淹	效阮公诗十五首	齊	5	121	萧萧松柏阴	平平平入平	PP?ZP	平/平/平去/入/平
7b587933dafe0f9bc5297ea6aff3e62b	江淹	效阮公诗十五首	齊	5	122	感时多辛酸	上平平平平	ZPPPP	上/平/平/平/平
7b587933dafe0f9bc5297ea6aff3e62b	江淹	效阮公诗十五首	齊	5	123	览物更伤心	上入?平平	ZZ??P	上/入/平去/平去/平
7b587933dafe0f9bc5297ea6aff3e62b	江淹	效阮公诗十五首	齊	5	124	性命有定理	去去上去上	ZZZZZ	去/去/上/去/上
7b587933dafe0f9bc5297ea6aff3e62b	江淹	效阮公诗十五首	齊	5	125	祸福不可禁	上入入上?	ZZ?Z?	上/入/平上入/上/平去
7b587933dafe0f9bc5297ea6aff3e62b	江淹	效阮公诗十五首	齊	5	126	唯见云际鹄	?去平去入	?ZPZZ	平上/去/平/去/入
7b587933dafe0f9bc5297ea6aff3e62b	江淹	效阮公诗十五首	齊	5	127	江海自追寻	平上去平平	PZZPP	平/上/去/平/平
7b587933dafe0f9bc5297ea6aff3e62b	江淹	效阮公诗十五首	齊	5	128	夕云映西山	入平去平平	ZPZPP	入/平/上去/平/平
7b587933dafe0f9bc5297ea6aff3e62b	江淹	效阮公诗十五首	齊	5	129	蟋蟀吟桑梓	入入?平上	ZZ?PZ	入/入/平去/平/上
7b587933dafe0f9bc5297ea6aff3e62b	江淹	效阮公诗十五首	齊	5	130	零露被百草	?去?入上	?ZZZZ	平去/去/上去/入/上
7b587933dafe0f9bc5297ea6aff3e62b	江淹	效阮公诗十五首	齊	5	131	秋风吹桃李	平平?平上	P??PZ	平/平去/平去/平/上
7b587933dafe0f9bc5297ea6aff3e62b	江淹	效阮公诗十五首	齊	5	132	君子怀苦心	平上平上平	PZPZP	平/上/平/上去/平
7b587933dafe0f9bc5297ea6aff3e62b	江淹	效阮公诗十五首	齊	5	133	感慨不能止	上去入平上	ZZ??Z	上/去/平上入/平上去/上
7b587933dafe0f9bc5297ea6aff3e62b	江淹	效阮公诗十五首	齊	5	134	驾言远行游	去平??平	ZPZ?P	去/平/上去/平去/平
7b587933dafe0f9bc5297ea6aff3e62b	江淹	效阮公诗十五首	齊	5	135	驱马清河涘	?上平平上	?ZPPZ	平去/上/平/平/上
7b587933dafe0f9bc5297ea6aff3e62b	江淹	效阮公诗十五首	齊	5	136	寒暑更进退	平上?去去	PZ?ZZ	平/上/平去/去/去
7b587933dafe0f9bc5297ea6aff3e62b	江淹	效阮公诗十五首	齊	5	137	金石有终始	平入上平上	PZZPZ	平/入/上/平/上
7b587933dafe0f9bc5297ea6aff3e62b	江淹	效阮公诗十五首	齊	5	138	光色俯仰间	平入上?平	?ZZZ?	平去/入/上/上去/
7b587933dafe0f9bc5297ea6aff3e62b	江淹	效阮公诗十五首	齊	5	139	英艳难久恃	平去平上上	PZ?ZZ	平/去/平去/上/上
7b587933dafe0f9bc5297ea6aff3e62b	江淹	效阮公诗十五首	齊	5	140	至人贵无为	去平去平?	ZPZP?	去/平/去/平/平去
7b587933dafe0f9bc5297ea6aff3e62b	江淹	效阮公诗十五首	齊	5	141	裁魂守寂寥	???入?	??ZZ?	平去//上去/入/平入
7b587933dafe0f9bc5297ea6aff3e62b	江淹	效阮公诗十五首	齊	5	142	唯有驰骛士	?上平去上	?ZPZZ	平上/上/平/去/上
7b587933dafe0f9bc5297ea6aff3e62b	江淹	效阮公诗十五首	齊	5	143	风尘在一朝	平平?入平	?PZZP	平去/平/上去/入/平
7b587933dafe0f9bc5297ea6aff3e62b	江淹	效阮公诗十五首	齊	5	144	舆马相跨跃	?上??入	?Z??Z	平去/上/平去/平上去/入
7b587933dafe0f9bc5297ea6aff3e62b	江淹	效阮公诗十五首	齊	5	145	宾从共矜骄	平??平平	P??PP	平/平去/平去/平/平
7b587933dafe0f9bc5297ea6aff3e62b	江淹	效阮公诗十五首	齊	5	146	天道好盈缺	平上?平入	PZZPZ	平/上/上去/平/入
7b587933dafe0f9bc5297ea6aff3e62b	江淹	效阮公诗十五首	齊	5	147	春华故秋凋	平?去平平	P?ZPP	平/平去/去/平/平
7b587933dafe0f9b2a2eeee9fb2efa9e	江淹	古离别	齊	5	0	远与君别者	??平入上	Z?PZZ	上去/平上去/平/去入/上
7b587933dafe0f9b2a2eeee9fb2efa9e	江淹	古离别	齊	5	1	乃至雁门关	上去去平平	ZZZPP	上/去/去/平/平
7b587933dafe0f9b2a2eeee9fb2efa9e	江淹	古离别	齊	5	2	黄云蔽千里	平平去平上	PPZPZ	平/平/去/平/上
7b587933dafe0f9b2a2eeee9fb2efa9e	江淹	古离别	齊	5	3	游子何时还	平上平平平	PZ?PP	平/上/平上/平/平
7b587933dafe0f9b2a2eeee9fb2efa9e	江淹	古离别	齊	5	4	送君如昨日	去平平入入	ZP?ZZ	去/平/平去/入/入
7b587933dafe0f9b2a2eeee9fb2efa9e	江淹	古离别	齊	5	5	檐前露已团	平平去上平	PPZZP	平/平/去/上去/平
7b587933dafe0f9b2a2eeee9fb2efa9e	江淹	古离别	齊	5	6	不惜蕙草晚	入入去上上	?ZZZZ	平上入/入/去/上/上
7b587933dafe0f9b2a2eeee9fb2efa9e	江淹	古离别	齊	5	7	所悲道里寒	上平上上平	ZPZZP	上/平/上/上/平
7b587933dafe0f9b2a2eeee9fb2efa9e	江淹	古离别	齊	5	8	君在天一涯	平?平入平	PZPZP	平/上去/平/入/平
7b587933dafe0f9b2a2eeee9fb2efa9e	江淹	古离别	齊	5	9	妾身长别离	入平?入?	ZP?Z?	入/平/平上去/去入/平去
7b587933dafe0f9b2a2eeee9fb2efa9e	江淹	古离别	齊	5	10	愿一见颜色	去入去平入	ZZZPZ	去/入/去/平/入
7b587933dafe0f9b2a2eeee9fb2efa9e	江淹	古离别	齊	5	11	不异琼树枝	入去平?平	??PZP	平上入/平去/平/上去/平
7b587933dafe0f9b2a2eeee9fb2efa9e	江淹	古离别	齊	5	12	菟丝及水萍	?平入上平	?PZZP	平去/平/入/上/平
7b587933dafe0f9b2a2eeee9fb2efa9e	江淹	古离别	齊	5	13	所寄终不移	上去平入平	ZZP?P	上/去/平/平上入/平
7b587933dafe0f9ba172eb5622f58e05	江淹	杂三言五首	齊	7	0	曰上妙兮道之精	入?去平上平?	ZZZPZP?	入/上去/去/平/上/平/平去
7b587933dafe0f9ba172eb5622f58e05	江淹	杂三言五首	齊	7	1	道之精兮俗为名	上平?平入?平	ZP?PZ?P	上/平/平去/平/入/平去/平
7b587933dafe0f9ba172eb5622f58e05	江淹	杂三言五首	齊	7	2	名可宗兮圣风立	平上平平?平入	PZPPZ?Z	平/上/平/平/去入/平去/入
7b587933dafe0f9ba172eb5622f58e05	江淹	杂三言五首	齊	7	3	立圣风兮兹教生	入?平平平?平	ZZ?PP??	入/去入/平去/平/平/平去/平去
7b587933dafe0f9ba172eb5622f58e05	江淹	杂三言五首	齊	7	4	写经记兮记图刹	上?去平去平入	Z?ZPZPZ	上/平去/去/平/去/平/入
7b587933dafe0f9ba172eb5622f58e05	江淹	杂三言五首	齊	7	5	画影象兮在丹青	?上上平?平平	ZZZPZPP	去入/上/上/平/上去/平/平
7b587933dafe0f9ba172eb5622f58e05	江淹	杂三言五首	齊	7	6	起净法兮出西海	上去入平入平上	ZZZPZPZ	上/去/入/平/去入/平/上
7b587933dafe0f9ba172eb5622f58e05	江淹	杂三言五首	齊	7	7	流梵音兮至索溟	平?平平去入?	P?PPZZ?	平/平去/平/平/去/入/平上
7b587933dafe0f9ba172eb5622f58e05	江淹	杂三言五首	齊	7	8	网紫宙兮洽万品	上上去平入去上	ZZZPZZZ	上/上/去/平/入/去入/上
7b587933dafe0f9ba172eb5622f58e05	江淹	杂三言五首	齊	7	9	冠璇寓兮济群生	?平去平?平平	?PZPZP?	平去/平/去/平/上去/平/平去
7b587933dafe0f9ba172eb5622f58e05	江淹	杂三言五首	齊	7	10	余汩阻兮至南国	平入?平去平入	PZZPZPZ	平/入/上去/平/去/平/入
7b587933dafe0f9ba172eb5622f58e05	江淹	杂三言五首	齊	7	11	迹已徂兮心未扃	入上平平平去平	ZZPPPZP	入/上去/平/平/平/去/平
7b587933dafe0f9ba172eb5622f58e05	江淹	杂三言五首	齊	5	12	金灯兮江篱	平平平平平	PPPPP	平/平/平/平/平
7b587933dafe0f9ba172eb5622f58e05	江淹	杂三言五首	齊	5	13	环轩兮匝池	平平平?平	PPP?P	平/平/平//平
7b587933dafe0f9ba172eb5622f58e05	江淹	杂三言五首	齊	5	14	相思兮豫章	平平平去平	??PZP	平去/平去/平/去/平
7b587933dafe0f9ba172eb5622f58e05	江淹	杂三言五首	齊	5	15	戴雪兮抱霜	去入平上平	ZZPZP	去/入/平/上/平
7b587933dafe0f9ba172eb5622f58e05	江淹	杂三言五首	齊	7	16	苔藓生兮绕石户	平上平平?入上	PZ?PZZZ	平/上/平去/平/上去/入/上
7b587933dafe0f9ba172eb5622f58e05	江淹	杂三言五首	齊	7	17	莲花舒兮绣池梁	?平平平去平平	?PPPZPP	平上/平/平/平/去/平/平
7b587933dafe0f9ba172eb5622f58e05	江淹	杂三言五首	齊	5	18	百学兮异文	入入平去平	ZZP?P	入/入/平/平去/平
7b587933dafe0f9ba172eb5622f58e05	江淹	杂三言五首	齊	5	19	锦派兮绮分	上去平上?	ZZPZ?	上/去/平/上/平去
7b587933dafe0f9ba172eb5622f58e05	江淹	杂三言五首	齊	5	20	兹道兮可传	平上平上?	PZPZ?	平/上/平/上/平去
7b587933dafe0f9ba172eb5622f58e05	江淹	杂三言五首	齊	5	21	可传兮皓然	上?平?平	Z?P?P	上/平去/平//平
7b587933dafe0f9ba172eb5622f58e05	江淹	杂三言五首	齊	7	22	挟兹心兮赴绝国	入平平平去入入	ZPPPZZZ	入/平/平/平/去/入/入
7b587933dafe0f9ba172eb5622f58e05	江淹	杂三言五首	齊	7	23	怀此书兮坐空山	平上平平上?平	PZPPZ?P	平/上/平/平/上去/平去/平
7b587933dafe0f9ba172eb5622f58e05	江淹	杂三言五首	齊	7	24	水散漫兮涵素壑	上?去平?去入	ZZZP?ZZ	上/上去/去/平/平上/去/入
7b587933dafe0f9ba172eb5622f58e05	江淹	杂三言五首	齊	7	25	海外阴兮气昙昙	上去平平去平平	ZZPPZPP	上/去/平/平/去/平/平
7b587933dafe0f9ba172eb5622f58e05	江淹	杂三言五首	齊	7	26	江上月兮光灼灼	平?入平平入入	PZZP?ZZ	平/上去/入/平/平去/入/入
7b587933dafe0f9ba172eb5622f58e05	江淹	杂三言五首	齊	7	27	东南出兮是一山	平平入平上入平	PPZPZZP	平/平/去入/平/上/入/平
7b587933dafe0f9ba172eb5622f58e05	江淹	杂三言五首	齊	7	28	西北来兮乃双鹤	平入平平上平入	PZPPZPZ	平/入/平/平/上/平/入
7b587933dafe0f9ba172eb5622f58e05	江淹	杂三言五首	齊	7	29	池中莲兮十色红	平??平入入平	P??PZZP	平/平去/平上/平/入/入/平
7b587933dafe0f9ba172eb5622f58e05	江淹	杂三言五首	齊	7	30	窗前树兮万叶落	?平?平去入入	?PZPZZZ	/平/上去/平/去入/入/入
7b587933dafe0f9ba172eb5622f58e05	江淹	杂三言五首	齊	7	31	四壁深兮乃泬㵳	去入平平上入?	ZZ?PZZ?	去/入/平去/平/上/入/
7b587933dafe0f9ba172eb5622f58e05	江淹	杂三言五首	齊	7	32	左右虚兮如寂寞	??平平平入入	ZZPP?ZZ	上去/上去/平/平/平去/入/入
7b587933dafe0f9ba172eb5622f58e05	江淹	杂三言五首	齊	5	33	寂寞兮山室	入入平平入	ZZPPZ	入/入/平/平/入
7b587933dafe0f9ba172eb5622f58e05	江淹	杂三言五首	齊	5	34	德经兮道袠	入?平上入	Z?PZZ	入/平去/平/上/入
7b587933dafe0f9ba172eb5622f58e05	江淹	杂三言五首	齊	5	35	荡魂兮刷气	??平入去	??PZZ	平上去//平/入/去
7b587933dafe0f9ba172eb5622f58e05	江淹	杂三言五首	齊	5	36	掩忧兮静疾	上平平上入	Z?PZZ	上/平去/平/上/入
7b587933dafe0f9ba172eb5622f58e05	江淹	杂三言五首	齊	5	37	讲业兮齐卫	上入平?去	ZZP?Z	上/入/平/平去/去
7b587933dafe0f9ba172eb5622f58e05	江淹	杂三言五首	齊	5	38	论精兮汴泗	??平去去	??PZZ	平去/平去/平/去/去
7b587933dafe0f9ba172eb5622f58e05	江淹	杂三言五首	齊	7	39	子之说兮义已秘	上平?平去上去	ZPZPZZZ	上/平/去入/平/去/上去/去
7b587933dafe0f9ba172eb5622f58e05	江淹	杂三言五首	齊	5	40	月出兮铜峰	入入平平平	ZZPPP	入/去入/平/平/平
7b587933dafe0f9ba172eb5622f58e05	江淹	杂三言五首	齊	5	41	竹色兮拂户	入入平入上	ZZPZZ	入/入/平/入/上
7b587933dafe0f9ba172eb5622f58e05	江淹	杂三言五首	齊	5	42	水气兮绕窗	上去平??	ZZPZ?	上/去/平/上去/
7b587933dafe0f9ba172eb5622f58e05	江淹	杂三言五首	齊	5	43	北山兮黛柏	入平平去入	ZPPZZ	入/平/平/去/入
7b587933dafe0f9ba172eb5622f58e05	江淹	杂三言五首	齊	5	44	南江兮頳石	平平平?入	PPP?Z	平/平/平//入
7b587933dafe0f9ba172eb5622f58e05	江淹	杂三言五首	齊	5	45	頳峰兮若虹	?平平??	?PP??	/平/平/平上入/平去
7b587933dafe0f9ba172eb5622f58e05	江淹	杂三言五首	齊	5	46	黛树兮如昼	去?平平去	ZZP?Z	去/上去/平/平去/去
7b587933dafe0f9ba172eb5622f58e05	江淹	杂三言五首	齊	5	47	暮云兮十里	去平平入上	ZPPZZ	去/平/平/入/上
7b587933dafe0f9ba172eb5622f58e05	江淹	杂三言五首	齊	5	48	朝霞兮千尺	平平平平入	PPPPZ	平/平/平/平/入
7b587933dafe0f9ba172eb5622f58e05	江淹	杂三言五首	齊	5	49	千尺兮绵绵	平入平平平	PZPPP	平/入/平/平/平
7b587933dafe0f9ba172eb5622f58e05	江淹	杂三言五首	齊	5	50	青气兮往旋	平去平上?	PZPZ?	平/去/平/上/平去
7b587933dafe0f9ba172eb5622f58e05	江淹	杂三言五首	齊	7	51	百谷多兮泻乱波	入入平平?去平	ZZPPZZP	入/入/平/平/上去/去/平
7b587933dafe0f9ba172eb5622f58e05	江淹	杂三言五首	齊	7	52	杂磵饶兮鹜丛泉	入??平?平平	Z??PZPP	入//平去/平/去入/平/平
7b587933dafe0f9ba172eb5622f58e05	江淹	杂三言五首	齊	7	53	竟长洲兮匝东岛	去?平平?平上	Z?PP?PZ	去/平上去/平/平//平/上
7b587933dafe0f9ba172eb5622f58e05	江淹	杂三言五首	齊	7	54	萦曲屿兮绕西山	平入上平?平平	PZZPZPP	平/入/上/平/上去/平/平
7b587933dafe0f9ba172eb5622f58e05	江淹	杂三言五首	齊	7	55	山峦岏兮水环合	平平平平上平入	PPPPZPZ	平/平/平/平/上/平/入
7b587933dafe0f9ba172eb5622f58e05	江淹	杂三言五首	齊	7	56	水环合兮石重沓	上平入平入?入	ZPZPZ?Z	上/平/入/平/入/平上去/入
7b587933dafe0f9ba172eb5622f58e05	江淹	杂三言五首	齊	7	57	林中电兮雨冥冥	平平去平?平平	P?ZPZPP	平/平去/去/平/上去/平/平
7b587933dafe0f9ba172eb5622f58e05	江淹	杂三言五首	齊	7	58	江上风兮木飒飒	平?平平入入入	PZ?PZZZ	平/上去/平去/平/入/入/入
7b587933dafe0f9ba172eb5622f58e05	江淹	杂三言五首	齊	7	59	盟清冷兮适潺湲	?平?平入平平	?P?PZPP	平去/平/平上/平/入/平/平
7b587933dafe0f9ba172eb5622f58e05	江淹	杂三言五首	齊	7	60	白云起兮吊石莲	入平上平?入?	ZPZPZZ?	入/平/上/平/去入/入/平上
7b587933dafe0f9ba172eb5622f58e05	江淹	杂三言五首	齊	7	61	客子思兮心断绝	入上?平平?入	ZZ?PPZZ	入/上/平去/平/平/上去/入
7b587933dafe0f9ba172eb5622f58e05	江淹	杂三言五首	齊	7	62	心断绝兮愁无闲	平?入平平平?	PZZPPP?	平/上去/入/平/平/平/平去
7b587933dafe0f9ba172eb5622f58e05	江淹	杂三言五首	齊	7	63	步东池兮夜未艾	去平平平去去去	ZPPPZZZ	去/平/平/平/去/去/去
7b587933dafe0f9ba172eb5622f58e05	江淹	杂三言五首	齊	7	64	卧西窗兮月向山	去平?平入?平	ZP?PZZP	去/平//平/入/上去/平
7b587933dafe0f9ba172eb5622f58e05	江淹	杂三言五首	齊	5	65	伯鸾兮已远	入平平上?	ZPPZZ	入/平/平/上去/上去
7b587933dafe0f9ba172eb5622f58e05	江淹	杂三言五首	齊	5	66	名山兮不返	平平平入上	PPP?Z	平/平/平/平上入/上
7b587933dafe0f9ba172eb5622f58e05	江淹	杂三言五首	齊	5	67	浅霞兮驳云	?平平入平	?PPZP	平上/平/平/入/平
7b587933dafe0f9ba172eb5622f58e05	江淹	杂三言五首	齊	5	68	一合兮一分	入入平入?	ZZPZ?	入/入/平/入/平去
7b587933dafe0f9ba172eb5622f58e05	江淹	杂三言五首	齊	5	69	映壑兮为饰	去入平?入	ZZP?Z	上去/入/平/平去/入
7b587933dafe0f9ba172eb5622f58e05	江淹	杂三言五首	齊	5	70	缀涧兮成文	?去平平平	ZZPPP	去入/去/平/平/平
7b587933dafe0f9ba172eb5622f58e05	江淹	杂三言五首	齊	5	71	碧色兮婉转	入入平上?	ZZPZZ	入/入/平/上/上去
7b587933dafe0f9ba172eb5622f58e05	江淹	杂三言五首	齊	5	72	丹秀兮芬蒀	平去平平平	PZPPP	平/去/平/平/平
7b587933dafe0f9ba172eb5622f58e05	江淹	杂三言五首	齊	5	73	群猨兮聒山	平平平入平	PPPZP	平/平/平/入/平
7b587933dafe0f9ba172eb5622f58e05	江淹	杂三言五首	齊	5	74	大林兮蔽天	去平平去平	ZPPZP	去/平/平/去/平
7b587933dafe0f9ba172eb5622f58e05	江淹	杂三言五首	齊	5	75	枫岫兮筠岭	平去平平?	PZPP?	平/去/平/平/平上
7b587933dafe0f9ba172eb5622f58e05	江淹	杂三言五首	齊	5	76	兰畹兮芝田	平上平平平	PZPPP	平/上/平/平/平
7b587933dafe0f9ba172eb5622f58e05	江淹	杂三言五首	齊	5	77	紫蒲兮光水	上平平平上	ZPP?Z	上/平/平/平去/上
7b587933dafe0f9ba172eb5622f58e05	江淹	杂三言五首	齊	5	78	红荷兮艳泉	平?平去平	P?PZP	平/平上/平/去/平
7b587933dafe0f9ba172eb5622f58e05	江淹	杂三言五首	齊	5	79	香枝兮嫩叶	平平平去入	PPPZZ	平/平/平/去/入
7b587933dafe0f9ba172eb5622f58e05	江淹	杂三言五首	齊	5	80	翡累兮翠叠	去?平去入	Z?PZZ	去/平上去/平/去/入
7b587933dafe0f9ba172eb5622f58e05	江淹	杂三言五首	齊	7	81	愿山与川之可涉	去平?平平上入	ZP?PPZZ	去/平/平上去/平/平/上/入
7b587933dafe0f9ba172eb56890c64f1	江淹	杂三言五首	齊	7	0	曰上妙兮道之精	入?去平上平?	ZZZPZP?	入/上去/去/平/上/平/平去
7b587933dafe0f9ba172eb56890c64f1	江淹	杂三言五首	齊	7	1	道之精兮俗为名	上平?平入?平	ZP?PZ?P	上/平/平去/平/入/平去/平
7b587933dafe0f9ba172eb56890c64f1	江淹	杂三言五首	齊	7	2	名可宗兮圣风立	平上平平?平入	PZPPZ?Z	平/上/平/平/去入/平去/入
7b587933dafe0f9ba172eb56890c64f1	江淹	杂三言五首	齊	7	3	立圣风兮兹教生	入?平平平?平	ZZ?PP??	入/去入/平去/平/平/平去/平去
7b587933dafe0f9ba172eb56890c64f1	江淹	杂三言五首	齊	7	4	写经记兮记图刹	上?去平去平入	Z?ZPZPZ	上/平去/去/平/去/平/入
7b587933dafe0f9ba172eb56890c64f1	江淹	杂三言五首	齊	7	5	画影象兮在丹青	?上上平?平平	ZZZPZPP	去入/上/上/平/上去/平/平
7b587933dafe0f9ba172eb56890c64f1	江淹	杂三言五首	齊	7	6	起净法兮出西海	上去入平入平上	ZZZPZPZ	上/去/入/平/去入/平/上
7b587933dafe0f9ba172eb56890c64f1	江淹	杂三言五首	齊	7	7	流梵音兮至索溟	平?平平去入?	P?PPZZ?	平/平去/平/平/去/入/平上
7b587933dafe0f9ba172eb56890c64f1	江淹	杂三言五首	齊	7	8	网紫宙兮洽万品	上上去平入去上	ZZZPZZZ	上/上/去/平/入/去入/上
7b587933dafe0f9ba172eb56890c64f1	江淹	杂三言五首	齊	7	9	冠璇寓兮济群生	?平去平?平平	?PZPZP?	平去/平/去/平/上去/平/平去
7b587933dafe0f9ba172eb56890c64f1	江淹	杂三言五首	齊	7	10	余汩阻兮至南国	平入?平去平入	PZZPZPZ	平/入/上去/平/去/平/入
7b587933dafe0f9ba172eb56890c64f1	江淹	杂三言五首	齊	7	11	迹已徂兮心未扃	入上平平平去平	ZZPPPZP	入/上去/平/平/平/去/平
7b587933dafe0f9ba172eb56890c64f1	江淹	杂三言五首	齊	5	12	金灯兮江篱	平平平平平	PPPPP	平/平/平/平/平
7b587933dafe0f9ba172eb56890c64f1	江淹	杂三言五首	齊	5	13	环轩兮匝池	平平平?平	PPP?P	平/平/平//平
7b587933dafe0f9ba172eb56890c64f1	江淹	杂三言五首	齊	5	14	相思兮豫章	平平平去平	??PZP	平去/平去/平/去/平
7b587933dafe0f9ba172eb56890c64f1	江淹	杂三言五首	齊	5	15	戴雪兮抱霜	去入平上平	ZZPZP	去/入/平/上/平
7b587933dafe0f9ba172eb56890c64f1	江淹	杂三言五首	齊	7	16	苔藓生兮绕石户	平上平平?入上	PZ?PZZZ	平/上/平去/平/上去/入/上
7b587933dafe0f9ba172eb56890c64f1	江淹	杂三言五首	齊	7	17	莲花舒兮绣池梁	?平平平去平平	?PPPZPP	平上/平/平/平/去/平/平
7b587933dafe0f9ba172eb56890c64f1	江淹	杂三言五首	齊	5	18	百学兮异文	入入平去平	ZZP?P	入/入/平/平去/平
7b587933dafe0f9ba172eb56890c64f1	江淹	杂三言五首	齊	5	19	锦派兮绮分	上去平上?	ZZPZ?	上/去/平/上/平去
7b587933dafe0f9ba172eb56890c64f1	江淹	杂三言五首	齊	5	20	兹道兮可传	平上平上?	PZPZ?	平/上/平/上/平去
7b587933dafe0f9ba172eb56890c64f1	江淹	杂三言五首	齊	5	21	可传兮皓然	上?平?平	Z?P?P	上/平去/平//平
7b587933dafe0f9ba172eb56890c64f1	江淹	杂三言五首	齊	7	22	挟兹心兮赴绝国	入平平平去入入	ZPPPZZZ	入/平/平/平/去/入/入
7b587933dafe0f9ba172eb56890c64f1	江淹	杂三言五首	齊	7	23	怀此书兮坐空山	平上平平上?平	PZPPZ?P	平/上/平/平/上去/平去/平
7b587933dafe0f9ba172eb56890c64f1	江淹	杂三言五首	齊	7	24	水散漫兮涵素壑	上?去平?去入	ZZZP?ZZ	上/上去/去/平/平上/去/入
7b587933dafe0f9ba172eb56890c64f1	江淹	杂三言五首	齊	7	25	海外阴兮气昙昙	上去平平去平平	ZZPPZPP	上/去/平/平/去/平/平
7b587933dafe0f9ba172eb56890c64f1	江淹	杂三言五首	齊	7	26	江上月兮光灼灼	平?入平平入入	PZZP?ZZ	平/上去/入/平/平去/入/入
7b587933dafe0f9ba172eb56890c64f1	江淹	杂三言五首	齊	7	27	东南出兮是一山	平平入平上入平	PPZPZZP	平/平/去入/平/上/入/平
7b587933dafe0f9ba172eb56890c64f1	江淹	杂三言五首	齊	7	28	西北来兮乃双鹤	平入平平上平入	PZPPZPZ	平/入/平/平/上/平/入
7b587933dafe0f9ba172eb56890c64f1	江淹	杂三言五首	齊	7	29	池中莲兮十色红	平??平入入平	P??PZZP	平/平去/平上/平/入/入/平
7b587933dafe0f9ba172eb56890c64f1	江淹	杂三言五首	齊	7	30	窗前树兮万叶落	?平?平去入入	?PZPZZZ	/平/上去/平/去入/入/入
7b587933dafe0f9ba172eb56890c64f1	江淹	杂三言五首	齊	7	31	四壁深兮乃泬㵳	去入平平上入?	ZZ?PZZ?	去/入/平去/平/上/入/
7b587933dafe0f9ba172eb56890c64f1	江淹	杂三言五首	齊	7	32	左右虚兮如寂寞	??平平平入入	ZZPP?ZZ	上去/上去/平/平/平去/入/入
7b587933dafe0f9ba172eb56890c64f1	江淹	杂三言五首	齊	5	33	寂寞兮山室	入入平平入	ZZPPZ	入/入/平/平/入
7b587933dafe0f9ba172eb56890c64f1	江淹	杂三言五首	齊	5	34	德经兮道袠	入?平上入	Z?PZZ	入/平去/平/上/入
7b587933dafe0f9ba172eb56890c64f1	江淹	杂三言五首	齊	5	35	荡魂兮刷气	??平入去	??PZZ	平上去//平/入/去
7b587933dafe0f9ba172eb56890c64f1	江淹	杂三言五首	齊	5	36	掩忧兮静疾	上平平上入	Z?PZZ	上/平去/平/上/入
7b587933dafe0f9ba172eb56890c64f1	江淹	杂三言五首	齊	5	37	讲业兮齐卫	上入平?去	ZZP?Z	上/入/平/平去/去
7b587933dafe0f9ba172eb56890c64f1	江淹	杂三言五首	齊	5	38	论精兮汴泗	??平去去	??PZZ	平去/平去/平/去/去
7b587933dafe0f9ba172eb56890c64f1	江淹	杂三言五首	齊	7	39	子之说兮义已秘	上平?平去上去	ZPZPZZZ	上/平/去入/平/去/上去/去
7b587933dafe0f9ba172eb56890c64f1	江淹	杂三言五首	齊	5	40	月出兮铜峰	入入平平平	ZZPPP	入/去入/平/平/平
7b587933dafe0f9ba172eb56890c64f1	江淹	杂三言五首	齊	5	41	竹色兮拂户	入入平入上	ZZPZZ	入/入/平/入/上
7b587933dafe0f9ba172eb56890c64f1	江淹	杂三言五首	齊	5	42	水气兮绕窗	上去平??	ZZPZ?	上/去/平/上去/
7b587933dafe0f9ba172eb56890c64f1	江淹	杂三言五首	齊	5	43	北山兮黛柏	入平平去入	ZPPZZ	入/平/平/去/入
7b587933dafe0f9ba172eb56890c64f1	江淹	杂三言五首	齊	5	44	南江兮頳石	平平平?入	PPP?Z	平/平/平//入
7b587933dafe0f9ba172eb56890c64f1	江淹	杂三言五首	齊	5	45	頳峰兮若虹	?平平??	?PP??	/平/平/平上入/平去
7b587933dafe0f9ba172eb56890c64f1	江淹	杂三言五首	齊	5	46	黛树兮如昼	去?平平去	ZZP?Z	去/上去/平/平去/去
7b587933dafe0f9ba172eb56890c64f1	江淹	杂三言五首	齊	5	47	暮云兮十里	去平平入上	ZPPZZ	去/平/平/入/上
7b587933dafe0f9ba172eb56890c64f1	江淹	杂三言五首	齊	5	48	朝霞兮千尺	平平平平入	PPPPZ	平/平/平/平/入
7b587933dafe0f9ba172eb56890c64f1	江淹	杂三言五首	齊	5	49	千尺兮绵绵	平入平平平	PZPPP	平/入/平/平/平
7b587933dafe0f9ba172eb56890c64f1	江淹	杂三言五首	齊	5	50	青气兮往旋	平去平上?	PZPZ?	平/去/平/上/平去
7b587933dafe0f9ba172eb56890c64f1	江淹	杂三言五首	齊	7	51	百谷多兮泻乱波	入入平平?去平	ZZPPZZP	入/入/平/平/上去/去/平
7b587933dafe0f9ba172eb56890c64f1	江淹	杂三言五首	齊	7	52	杂磵饶兮鹜丛泉	入??平?平平	Z??PZPP	入//平去/平/去入/平/平
7b587933dafe0f9ba172eb56890c64f1	江淹	杂三言五首	齊	7	53	竟长洲兮匝东岛	去?平平?平上	Z?PP?PZ	去/平上去/平/平//平/上
7b587933dafe0f9ba172eb56890c64f1	江淹	杂三言五首	齊	7	54	萦曲屿兮绕西山	平入上平?平平	PZZPZPP	平/入/上/平/上去/平/平
7b587933dafe0f9ba172eb56890c64f1	江淹	杂三言五首	齊	7	55	山峦岏兮水环合	平平平平上平入	PPPPZPZ	平/平/平/平/上/平/入
7b587933dafe0f9ba172eb56890c64f1	江淹	杂三言五首	齊	7	56	水环合兮石重沓	上平入平入?入	ZPZPZ?Z	上/平/入/平/入/平上去/入
7b587933dafe0f9ba172eb56890c64f1	江淹	杂三言五首	齊	7	57	林中电兮雨冥冥	平平去平?平平	P?ZPZPP	平/平去/去/平/上去/平/平
7b587933dafe0f9ba172eb56890c64f1	江淹	杂三言五首	齊	7	58	江上风兮木飒飒	平?平平入入入	PZ?PZZZ	平/上去/平去/平/入/入/入
7b587933dafe0f9ba172eb56890c64f1	江淹	杂三言五首	齊	7	59	盟清冷兮适潺湲	?平?平入平平	?P?PZPP	平去/平/平上/平/入/平/平
7b587933dafe0f9ba172eb56890c64f1	江淹	杂三言五首	齊	7	60	白云起兮吊石莲	入平上平?入?	ZPZPZZ?	入/平/上/平/去入/入/平上
7b587933dafe0f9ba172eb56890c64f1	江淹	杂三言五首	齊	7	61	客子思兮心断绝	入上?平平?入	ZZ?PPZZ	入/上/平去/平/平/上去/入
7b587933dafe0f9ba172eb56890c64f1	江淹	杂三言五首	齊	7	62	心断绝兮愁无闲	平?入平平平?	PZZPPP?	平/上去/入/平/平/平/平去
7b587933dafe0f9ba172eb56890c64f1	江淹	杂三言五首	齊	7	63	步东池兮夜未艾	去平平平去去去	ZPPPZZZ	去/平/平/平/去/去/去
7b587933dafe0f9ba172eb56890c64f1	江淹	杂三言五首	齊	7	64	卧西窗兮月向山	去平?平入?平	ZP?PZZP	去/平//平/入/上去/平
7b587933dafe0f9ba172eb56890c64f1	江淹	杂三言五首	齊	5	65	伯鸾兮已远	入平平上?	ZPPZZ	入/平/平/上去/上去
7b587933dafe0f9ba172eb56890c64f1	江淹	杂三言五首	齊	5	66	名山兮不返	平平平入上	PPP?Z	平/平/平/平上入/上
7b587933dafe0f9ba172eb56890c64f1	江淹	杂三言五首	齊	5	67	浅霞兮驳云	?平平入平	?PPZP	平上/平/平/入/平
7b587933dafe0f9ba172eb56890c64f1	江淹	杂三言五首	齊	5	68	一合兮一分	入入平入?	ZZPZ?	入/入/平/入/平去
7b587933dafe0f9ba172eb56890c64f1	江淹	杂三言五首	齊	5	69	映壑兮为饰	去入平?入	ZZP?Z	上去/入/平/平去/入
7b587933dafe0f9ba172eb56890c64f1	江淹	杂三言五首	齊	5	70	缀涧兮成文	?去平平平	ZZPPP	去入/去/平/平/平
7b587933dafe0f9ba172eb56890c64f1	江淹	杂三言五首	齊	5	71	碧色兮婉转	入入平上?	ZZPZZ	入/入/平/上/上去
7b587933dafe0f9ba172eb56890c64f1	江淹	杂三言五首	齊	5	72	丹秀兮芬蒀	平去平平平	PZPPP	平/去/平/平/平
7b587933dafe0f9ba172eb56890c64f1	江淹	杂三言五首	齊	5	73	群猨兮聒山	平平平入平	PPPZP	平/平/平/入/平
7b587933dafe0f9ba172eb56890c64f1	江淹	杂三言五首	齊	5	74	大林兮蔽天	去平平去平	ZPPZP	去/平/平/去/平
7b587933dafe0f9ba172eb56890c64f1	江淹	杂三言五首	齊	5	75	枫岫兮筠岭	平去平平?	PZPP?	平/去/平/平/平上
7b587933dafe0f9ba172eb56890c64f1	江淹	杂三言五首	齊	5	76	兰畹兮芝田	平上平平平	PZPPP	平/上/平/平/平
7b587933dafe0f9ba172eb56890c64f1	江淹	杂三言五首	齊	5	77	紫蒲兮光水	上平平平上	ZPP?Z	上/平/平/平去/上
7b587933dafe0f9ba172eb56890c64f1	江淹	杂三言五首	齊	5	78	红荷兮艳泉	平?平去平	P?PZP	平/平上/平/去/平
7b587933dafe0f9ba172eb56890c64f1	江淹	杂三言五首	齊	5	79	香枝兮嫩叶	平平平去入	PPPZZ	平/平/平/去/入
7b587933dafe0f9ba172eb56890c64f1	江淹	杂三言五首	齊	5	80	翡累兮翠叠	去?平去入	Z?PZZ	去/平上去/平/去/入
7b587933dafe0f9ba172eb56890c64f1	江淹	杂三言五首	齊	7	81	愿山与川之可涉	去平?平平上入	ZP?PPZZ	去/平/平上去/平/平/上/入
7b587933dafe0f9b06b032b7b48a0aab	江淹	悼室人诗十首	齊	5	0	佳人永暮矣	平平上去上	PPZZZ	平/平/上/去/上
7b587933dafe0f9b06b032b7b48a0aab	江淹	悼室人诗十首	齊	5	1	隐忧遂历兹	上平去入平	Z?ZZP	上去/平去/去/入/平
7b587933dafe0f9b06b032b7b48a0aab	江淹	悼室人诗十首	齊	5	2	宝烛夜无华	上入去平?	ZZZP?	上/入/去/平/平去
7b587933dafe0f9b06b032b7b48a0aab	江淹	悼室人诗十首	齊	5	3	金镜昼恒微	平去去平平	PZZPP	平/去/去/平/平
7b587933dafe0f9b06b032b7b48a0aab	江淹	悼室人诗十首	齊	5	4	桐叶生绿水	平入平入上	PZ?ZZ	平/入/平去/入/上
7b587933dafe0f9b06b032b7b48a0aab	江淹	悼室人诗十首	齊	5	5	雾天流碧滋	去平平入平	ZPPZP	去/平/平/入/平
7b587933dafe0f9b06b032b7b48a0aab	江淹	悼室人诗十首	齊	5	6	蕙弱芳未空	去入平去?	ZZPZ?	去/入/平/去/平去
7b587933dafe0f9b06b032b7b48a0aab	江淹	悼室人诗十首	齊	5	7	兰深鸟思时	平平上?平	P?Z?P	平/平去/上/平去/平
7b587933dafe0f9b06b032b7b48a0aab	江淹	悼室人诗十首	齊	5	8	湘醽徒有酌	平平平上入	PPPZZ	平/平/平/上/入
7b587933dafe0f9b06b032b7b48a0aab	江淹	悼室人诗十首	齊	5	9	意塞不能持	去?入平平	ZZ??P	去/去入/平上入/平上去/平
7b587933dafe0f9b06b032b7b48a0aab	江淹	悼室人诗十首	齊	5	10	适见叶萧条	入去入平平	ZZZPP	入/去/入/平/平
7b587933dafe0f9b06b032b7b48a0aab	江淹	悼室人诗十首	齊	5	11	已复花庵郁	上入平?入	ZZP?Z	上去/去入/平/平入/入
7b587933dafe0f9b06b032b7b48a0aab	江淹	悼室人诗十首	齊	5	12	帐里春风荡	去上平平?	ZZP??	去/上/平/平去/平上去
7b587933dafe0f9b06b032b7b48a0aab	江淹	悼室人诗十首	齊	5	13	檐前还燕拂	平平平?入	PPP?Z	平/平/平/平去/入
7b587933dafe0f9b06b032b7b48a0aab	江淹	悼室人诗十首	齊	5	14	垂涕视去景	平???上	PZZZZ	平/上去/上去/上去/上
7b587933dafe0f9b06b032b7b48a0aab	江淹	悼室人诗十首	齊	5	15	摧心向徂物	平平?平入	PPZPZ	平/平/上去/平/入
7b587933dafe0f9b06b032b7b48a0aab	江淹	悼室人诗十首	齊	5	16	今悲辄流涕	平平入平?	PPZPZ	平/平/入/平/上去
7b587933dafe0f9b06b032b7b48a0aab	江淹	悼室人诗十首	齊	5	17	昔欢常飘忽	入平平平入	ZPPPZ	入/平/平/平/入
7b587933dafe0f9b06b032b7b48a0aab	江淹	悼室人诗十首	齊	5	18	幽情一不弭	平平入入上	PPZ?Z	平/平/入/平上入/上
7b587933dafe0f9b06b032b7b48a0aab	江淹	悼室人诗十首	齊	5	19	守叹谁能慰	?去平?去	Z?P?Z	上去/平去/平/平上去/去
7b587933dafe0f9b06b032b7b48a0aab	江淹	悼室人诗十首	齊	5	20	夏云多杂色	?平平入入	ZPPZZ	上去/平/平/入/入
7b587933dafe0f9b06b032b7b48a0aab	江淹	悼室人诗十首	齊	5	21	红光铄蕤鲜	平平入平?	P?ZP?	平/平去/入/平/平上去
7b587933dafe0f9b06b032b7b48a0aab	江淹	悼室人诗十首	齊	5	22	苒弱屏风草	上入?平上	ZZ??Z	上/入/平上/平去/上
7b587933dafe0f9b06b032b7b48a0aab	江淹	悼室人诗十首	齊	5	23	潭拖曲池莲	?去入平?	?ZZP?	平上/去/入/平/平上
7b587933dafe0f9b06b032b7b48a0aab	江淹	悼室人诗十首	齊	5	24	黛叶鉴深水	去入?平上	ZZ??Z	去/入/平去/平去/上
7b587933dafe0f9b06b032b7b48a0aab	江淹	悼室人诗十首	齊	5	25	丹华香碧烟	平?平入平	P?PZ?	平/平去/平/入/平去
7b587933dafe0f9b06b032b7b48a0aab	江淹	悼室人诗十首	齊	5	26	临彩方自吊	?上平去?	?ZPZZ	平去/上/平/去/去入
7b587933dafe0f9b06b032b7b48a0aab	江淹	悼室人诗十首	齊	5	27	揽气以伤然	上去上平平	ZZZ?P	上/去/上/平去/平
7b587933dafe0f9b06b032b7b48a0aab	江淹	悼室人诗十首	齊	5	28	命知悲不绝	去平平入入	ZPP?Z	去/平/平/平上入/入
7b587933dafe0f9b06b032b7b48a0aab	江淹	悼室人诗十首	齊	5	29	恒如注海泉	平平去上平	P?ZZP	平/平去/去/上/平
7b587933dafe0f9b06b032b7b48a0aab	江淹	悼室人诗十首	齊	5	30	驾言出游衍	去平入平?	ZPZPZ	去/平/去入/平/上去
7b587933dafe0f9b06b032b7b48a0aab	江淹	悼室人诗十首	齊	5	31	冀以涤心胸	去上入平?	ZZZP?	去/上/入/平/
7b587933dafe0f9b06b032b7b48a0aab	江淹	悼室人诗十首	齊	5	32	复值烟雨散	入去平??	ZZ?ZZ	去入/去/平去/上去/上去
7b587933dafe0f9b06b032b7b48a0aab	江淹	悼室人诗十首	齊	5	33	清阴带山浓	平平去平平	PPZPP	平/平/去/平/平
7b587933dafe0f9b06b032b7b48a0aab	江淹	悼室人诗十首	齊	5	34	素沙匝广岸	去平?上去	Z??ZZ	去/平去//上/去
7b587933dafe0f9b06b032b7b48a0aab	江淹	悼室人诗十首	齊	5	35	雄虹冠尖峰	平??平平	P??PP	平/平去/平去/平/平
7b587933dafe0f9b06b032b7b48a0aab	江淹	悼室人诗十首	齊	5	36	出风舞森桂	入平上平去	Z?ZPZ	去入/平去/上/平/去
7b587933dafe0f9b06b032b7b48a0aab	江淹	悼室人诗十首	齊	5	37	落日暧圆松	入入去平平	ZZZP?	入/入/去/平/平去
7b587933dafe0f9b06b032b7b48a0aab	江淹	悼室人诗十首	齊	5	38	还结生不念	平入平入去	PZ??Z	平/入/平去/平上入/去
7b587933dafe0f9b06b032b7b48a0aab	江淹	悼室人诗十首	齊	5	39	楚客独无容	上入入平平	ZZZPP	上去/入/入/平/平
7b587933dafe0f9b06b032b7b48a0aab	江淹	悼室人诗十首	齊	5	40	秋至捣罗纨	平去?平平	PZ?PP	平/去//平/平
7b587933dafe0f9b06b032b7b48a0aab	江淹	悼室人诗十首	齊	5	41	泪满未能开	去上去?平	ZZZ?P	去/上/去/平上去/平
7b587933dafe0f9b06b032b7b48a0aab	江淹	悼室人诗十首	齊	5	42	风光肃入户	平平入入上	??ZZZ	平去/平去/入/入/上
7b587933dafe0f9b06b032b7b48a0aab	江淹	悼室人诗十首	齊	5	43	月华为谁来	入??平平	Z??PP	入/平去/平去/平/平
7b587933dafe0f9b06b032b7b48a0aab	江淹	悼室人诗十首	齊	5	44	结眉向珠网	入平?平上	ZPZPZ	入/平/上去/平/上
7b587933dafe0f9b06b032b7b48a0aab	江淹	悼室人诗十首	齊	5	45	沥思视青苔	入??平平	Z?ZPP	入/平去/上去/平/平
7b587933dafe0f9b06b032b7b48a0aab	江淹	悼室人诗十首	齊	5	46	鬂局将成葆	?入?平上	?Z?PZ	/入/平去/平/上
7b587933dafe0f9b06b032b7b48a0aab	江淹	悼室人诗十首	齊	5	47	带减不须摧	去上入平平	ZZ?PP	去/上/平上入/平/平
7b587933dafe0f9b06b032b7b48a0aab	江淹	悼室人诗十首	齊	5	48	我心若涵烟	上平??平	ZP???	上/平/平上入/平上/平去
7b587933dafe0f9b06b032b7b48a0aab	江淹	悼室人诗十首	齊	5	49	葐蒀满中怀	平平上?平	PPZ?P	平/平/上/平去/平
7b587933dafe0f9b06b032b7b48a0aab	江淹	悼室人诗十首	齊	5	50	窗尘岁时阻	?平去平?	?PZPZ	/平/去/平/上去
7b587933dafe0f9b06b032b7b48a0aab	江淹	悼室人诗十首	齊	5	51	闺芜日夜深	平平入去平	PPZZ?	平/平/入/去/平去
7b587933dafe0f9b06b032b7b48a0aab	江淹	悼室人诗十首	齊	5	52	流黄夕不织	平平入入?	PPZ?Z	平/平/入/平上入/去入
7b587933dafe0f9b06b032b7b48a0aab	江淹	悼室人诗十首	齊	5	53	宁闻梭杼音	??平上平	??PZP	平上去/平去/平/上/平
7b587933dafe0f9b06b032b7b48a0aab	江淹	悼室人诗十首	齊	5	54	凉霭漂虚座	???平去	?Z?PZ	平去/去入/平去/平/去
7b587933dafe0f9b06b032b7b48a0aab	江淹	悼室人诗十首	齊	5	55	清香荡空琴	平平??平	PP??P	平/平/平上去/平去/平
7b587933dafe0f9b06b032b7b48a0aab	江淹	悼室人诗十首	齊	5	56	蜻引知寂寥	平?平入?	PZPZ?	平/上去/平/入/平入
7b587933dafe0f9b06b032b7b48a0aab	江淹	悼室人诗十首	齊	5	57	蛾飞测幽阴	?平入平平	?PZPP	平上/平/入/平/平
7b587933dafe0f9b06b032b7b48a0aab	江淹	悼室人诗十首	齊	5	58	乃抱生死悼	上上平上去	ZZ?ZZ	上/上/平去/上/去
7b587933dafe0f9b06b032b7b48a0aab	江淹	悼室人诗十首	齊	5	59	岂伊离别心	上平平入平	ZP?ZP	上/平/平去/去入/平
7b587933dafe0f9b06b032b7b48a0aab	江淹	悼室人诗十首	齊	5	60	颢颢气薄暮	上上去入去	ZZZZZ	上/上/去/入/去
7b587933dafe0f9b06b032b7b48a0aab	江淹	悼室人诗十首	齊	5	61	蔌蔌清衾单	入入平平?	ZZPP?	入/入/平/平/平上去
7b587933dafe0f9b06b032b7b48a0aab	江淹	悼室人诗十首	齊	5	62	阶前水光裂	平平上平入	PPZ?Z	平/平/上/平去/入
7b587933dafe0f9b06b032b7b48a0aab	江淹	悼室人诗十首	齊	5	63	树上雪花团	??入平平	ZZZPP	上去/上去/入/平/平
7b587933dafe0f9b06b032b7b48a0aab	江淹	悼室人诗十首	齊	5	64	庭鹤哀以立	平入平上入	PZPZZ	平/入/平/上/入
7b587933dafe0f9b06b032b7b48a0aab	江淹	悼室人诗十首	齊	5	65	云鸡肃且寒	平平入?平	PPZ?P	平/平/入/平上/平
7b587933dafe0f9b06b032b7b48a0aab	江淹	悼室人诗十首	齊	5	66	方东有苦泪	平平上上去	PPZZZ	平/平/上/上去/去
7b587933dafe0f9b06b032b7b48a0aab	江淹	悼室人诗十首	齊	5	67	承夜非膏兰	平去平平平	PZP?P	平/去/平/平去/平
7b587933dafe0f9b06b032b7b48a0aab	江淹	悼室人诗十首	齊	5	68	从此永黯削	?上上上入	?ZZ?Z	平去/上/上/平上/入
7b587933dafe0f9b06b032b7b48a0aab	江淹	悼室人诗十首	齊	5	69	萱叶焉能宽	平入平?平	PZP?P	平/入/平/平上去/平
7b587933dafe0f9b06b032b7b48a0aab	江淹	悼室人诗十首	齊	5	70	杼悲情虽滞	上平平平去	ZPPPZ	上/平/平/平/去
7b587933dafe0f9b06b032b7b48a0aab	江淹	悼室人诗十首	齊	5	71	送往意所知	去上去上平	ZZZZP	去/上/去/上/平
7b587933dafe0f9b06b032b7b48a0aab	江淹	悼室人诗十首	齊	5	72	空座几时设	?去?平入	?Z?PZ	平去/去/平上去/平/入
7b587933dafe0f9b06b032b7b48a0aab	江淹	悼室人诗十首	齊	5	73	虚帷无久垂	平平平上平	PPPZP	平/平/平/上/平
7b587933dafe0f9b06b032b7b48a0aab	江淹	悼室人诗十首	齊	5	74	暮气亦何劲	去去入平去	ZZZ?Z	去/去/入/平上/去
7b587933dafe0f9b06b032b7b48a0aab	江淹	悼室人诗十首	齊	5	75	严风照天涯	平平去平平	P?ZPP	平/平去/去/平/平
7b587933dafe0f9b06b032b7b48a0aab	江淹	悼室人诗十首	齊	5	76	梦寐无端际	?去平平去	?ZPPZ	平去/去/平/平/去
7b587933dafe0f9b06b032b7b48a0aab	江淹	悼室人诗十首	齊	5	77	惝恍有分离	?平上??	?PZ??	/平/上/平去/平去
7b587933dafe0f9b06b032b7b48a0aab	江淹	悼室人诗十首	齊	5	78	意念每失乖	去去?入平	ZZZZP	去/去/上去/入/平
7b587933dafe0f9b06b032b7b48a0aab	江淹	悼室人诗十首	齊	5	79	徒见四时亏	平去去平平	PZZPP	平/去/去/平/平
7b587933dafe0f9b06b032b7b48a0aab	江淹	悼室人诗十首	齊	5	80	神女色姱丽	平上入平?	PZZP?	平/上去/入/平/平去
7b587933dafe0f9b06b032b7b48a0aab	江淹	悼室人诗十首	齊	5	81	乃出巫山湄	上入平平平	ZZPPP	上/去入/平/平/平
7b587933dafe0f9b06b032b7b48a0aab	江淹	悼室人诗十首	齊	5	82	逶迤罗袂下	平?平去?	P?PZZ	平//平/去/上去
7b587933dafe0f9b06b032b7b48a0aab	江淹	悼室人诗十首	齊	5	83	鄣日望所思	平入?上?	PZ?Z?	平/入/平去/上/平去
7b587933dafe0f9b06b032b7b48a0aab	江淹	悼室人诗十首	齊	5	84	佳人独不然	平平入入平	PPZ?P	平/平/入/平上入/平
7b587933dafe0f9b06b032b7b48a0aab	江淹	悼室人诗十首	齊	5	85	户牖绝锦綦	上上入上平	ZZZZP	上/上/入/上/平
7b587933dafe0f9b06b032b7b48a0aab	江淹	悼室人诗十首	齊	5	86	感此增婵娟	上上?平平	ZZ?PP	上/上/平去/平/平
7b587933dafe0f9b06b032b7b48a0aab	江淹	悼室人诗十首	齊	5	87	屑屑涕自滋	入入?去平	ZZZZP	入/入/上去/去/平
7b587933dafe0f9b06b032b7b48a0aab	江淹	悼室人诗十首	齊	5	88	清光澹且减	平平??上	P???Z	平/平去/平上去/平上/上
7b587933dafe0f9b06b032b7b48a0aab	江淹	悼室人诗十首	齊	5	89	低意守空帷	平去??平	PZZ?P	平/去/上去/平去/平
7b587933dafe0f9b06b032b7b48a0aab	江淹	悼室人诗十首	齊	5	90	二妃丽潇湘	去???平	Z???P	去/平去/平去//平
7b587933dafe0f9b06b032b7b48a0aab	江淹	悼室人诗十首	齊	5	91	一有乍一无	入上去入平	ZZZZP	入/上/去/入/平
7b587933dafe0f9b06b032b7b48a0aab	江淹	悼室人诗十首	齊	5	92	佳人承云气	平平平平去	PPPPZ	平/平/平/平/去
7b587933dafe0f9b06b032b7b48a0aab	江淹	悼室人诗十首	齊	5	93	无下此幽都	平?上平平	PZZPP	平/上去/上/平/平
7b587933dafe0f9b06b032b7b48a0aab	江淹	悼室人诗十首	齊	5	94	当追帝女迹	?平去上入	?PZZZ	平去/平/去/上去/入
7b587933dafe0f9b06b032b7b48a0aab	江淹	悼室人诗十首	齊	5	95	出入泛灵舆	入入?平?	ZZ?P?	去入/入/平去入/平/平去
7b587933dafe0f9b06b032b7b48a0aab	江淹	悼室人诗十首	齊	5	96	掩映金渊侧	上去平平入	ZZPPZ	上/上去/平/平/入
7b587933dafe0f9b06b032b7b48a0aab	江淹	悼室人诗十首	齊	5	97	游豫碧山隅	平去入平平	PZZPP	平/去/入/平/平
7b587933dafe0f9b06b032b7b48a0aab	江淹	悼室人诗十首	齊	5	98	暧然时将罢	去平平??	ZPP??	去/平/平/平去/平上
7b587933dafe0f9b06b032b7b48a0aab	江淹	悼室人诗十首	齊	5	99	临风返故居	?平上去平	??ZZP	平去/平去/上/去/平
7b587933dcc8c7d297805964e900a5fc	谢燮	早梅诗	陳	5	0	迎春故早发	?平去上入	?PZZZ	平去/平/去/上/入
7b587933dcc8c7d297805964e900a5fc	谢燮	早梅诗	陳	5	1	独自不疑寒	入去入平平	ZZ?PP	入/去/平上入/平/平
7b587933dcc8c7d297805964e900a5fc	谢燮	早梅诗	陳	5	2	畏落众花后	去入?平?	ZZ?PZ	去/入//平/上去
7b587933dcc8c7d297805964e900a5fc	谢燮	早梅诗	陳	5	3	无人别意看	平平入去?	PPZZ?	平/平/去入/去/平去
7b587933e51ecc73e424a1af6fe182ee	萧子显	春别诗四首	梁	7	0	翻莺度燕双比翼	平平??平?入	PPZ?P?Z	平/平/去入/平去/平/平上去入/入
7b587933e51ecc73e424a1af6fe182ee	萧子显	春别诗四首	梁	7	1	杨柳千条共一色	平上平平?入入	PZPP?ZZ	平/上/平/平/平去/入/入
7b587933e51ecc73e424a1af6fe182ee	萧子显	春别诗四首	梁	7	2	但看陌上携手归	??入?平上平	??ZZPZP	平上去/平去/入/上去/平/上/平
7b587933e51ecc73e424a1af6fe182ee	萧子显	春别诗四首	梁	7	3	谁能对此空相忆	平?去上??入	P?ZZ??Z	平/平上去/去/上/平去/平去/入
7b587933e51ecc73e424a1af6fe182ee	萧子显	春别诗四首	梁	7	4	幽宫积草自芳菲	平平入上去平?	PPZZZP?	平/平/去入/上/去/平/平上去
7b587933e51ecc73e424a1af6fe182ee	萧子显	春别诗四首	梁	7	5	黄鸟芳树情相依	平上平?平?平	PZPZP?P	平/上/平/上去/平/平去/平
7b587933e51ecc73e424a1af6fe182ee	萧子显	春别诗四首	梁	7	6	争风竞日常闻响	平平去入平?上	P?ZZP?Z	平/平去/去/入/平/平去/上
7b587933e51ecc73e424a1af6fe182ee	萧子显	春别诗四首	梁	7	7	重花叠叶不通飞	?平入入入平平	?PZZ?PP	平上去/平/入/入/平上入/平/平
7b587933e51ecc73e424a1af6fe182ee	萧子显	春别诗四首	梁	7	8	当知此时动妾思	?平上平上入?	?PZPZZ?	平去/平/上/平/上/入/平去
7b587933e51ecc73e424a1af6fe182ee	萧子显	春别诗四首	梁	7	9	惭使罗袂拂君衣	平?平去入平?	PZPZZP?	平/上去/平/去/入/平/平去
7b587933e51ecc73e424a1af6fe182ee	萧子显	春别诗四首	梁	7	10	江东大道日华春	平平去上入?平	PPZZZ?P	平/平/去/上/入/平去/平
7b587933e51ecc73e424a1af6fe182ee	萧子显	春别诗四首	梁	7	11	垂杨挂柳扫清尘	平平去上?平平	PPZZZPP	平/平/去/上/上去/平/平
7b587933e51ecc73e424a1af6fe182ee	萧子显	春别诗四首	梁	7	12	淇水昨送泪沾巾	平上入去去?平	PZZZZ?P	平/上/入/去/去/平去/平
7b587933e51ecc73e424a1af6fe182ee	萧子显	春别诗四首	梁	7	13	红妆宿昔已应新	平平?入上?平	PPZZZ?P	平/平/去入/入/上去/平去/平
7b587933e51ecc73e424a1af6fe182ee	萧子显	春别诗四首	梁	7	14	衔悲揽涕别心知	平平上?入平平	PPZZZPP	平/平/上/上去/去入/平/平
7b587933e51ecc73e424a1af6fe182ee	萧子显	春别诗四首	梁	7	15	桃花李花任风吹	平平上平?平?	PPZP???	平/平/上/平/平去/平去/平去
7b587933e51ecc73e424a1af6fe182ee	萧子显	春别诗四首	梁	7	16	本知人心不似树	上平平平入上?	ZPPP?ZZ	上/平/平/平/平上入/上/上去
7b587933e51ecc73e424a1af6fe182ee	萧子显	春别诗四首	梁	7	17	何意人别似花离	平去平入上平?	?ZPZZP?	平上/去/平/去入/上/平/平去
7b587933e51ecc735b0fd3ef3bf0ebbc	萧子显	日出东南隅行	梁	5	0	大明上迢迢	去平?平平	ZPZPP	去/平/上去/平/平
7b587933e51ecc735b0fd3ef3bf0ebbc	萧子显	日出东南隅行	梁	5	1	阳城射凌霄	平平?平平	PPZPP	平/平/去入/平/平
7b587933e51ecc735b0fd3ef3bf0ebbc	萧子显	日出东南隅行	梁	5	2	光照窗中妇	平去??上	?Z??Z	平去/去//平去/上
7b587933e51ecc735b0fd3ef3bf0ebbc	萧子显	日出东南隅行	梁	5	3	绝世同阿娇	入去?平?	ZZ?P?	入/去/平去/平/平上
7b587933e51ecc735b0fd3ef3bf0ebbc	萧子显	日出东南隅行	梁	5	4	明镜盘龙刻	平去平平入	PZPPZ	平/去/平/平/入
7b587933e51ecc735b0fd3ef3bf0ebbc	萧子显	日出东南隅行	梁	5	5	簪羽凤凰雕	平上去平平	PZZPP	平/上去/去/平/平
7b587933e51ecc735b0fd3ef3bf0ebbc	萧子显	日出东南隅行	梁	5	6	逶迤梁家髻	平?平平去	P?PPZ	平//平/平/去
7b587933e51ecc735b0fd3ef3bf0ebbc	萧子显	日出东南隅行	梁	5	7	冉弱楚宫腰	?入上平平	?ZZPP	平上/入/上去/平/平
7b587933e51ecc735b0fd3ef3bf0ebbc	萧子显	日出东南隅行	梁	5	8	轻纨杂重锦	?平入?上	?PZ?Z	平去/平/入/平上去/上
7b587933e51ecc735b0fd3ef3bf0ebbc	萧子显	日出东南隅行	梁	5	9	薄縠间飞绡	入入平平平	ZZ?PP	入/入//平/平
7b587933e51ecc735b0fd3ef3bf0ebbc	萧子显	日出东南隅行	梁	5	10	三六前年暮	平入平平去	?ZPPZ	平去/入/平/平/去
7b587933e51ecc735b0fd3ef3bf0ebbc	萧子显	日出东南隅行	梁	5	11	四五今年朝	去上平平平	ZZPPP	去/上/平/平/平
7b587933e51ecc735b0fd3ef3bf0ebbc	萧子显	日出东南隅行	梁	5	12	蚕园拾芳茧	?平入平上	?PZPZ	平上/平/入/平/上
7b587933e51ecc735b0fd3ef3bf0ebbc	萧子显	日出东南隅行	梁	5	13	桑陌采柔条	平入上平平	PZZPP	平/入/上/平/平
7b587933e51ecc735b0fd3ef3bf0ebbc	萧子显	日出东南隅行	梁	5	14	出入东城里	入入平平上	ZZPPZ	去入/入/平/平/上
7b587933e51ecc735b0fd3ef3bf0ebbc	萧子显	日出东南隅行	梁	5	15	上下洛西桥	??入平平	ZZZPP	上去/上去/入/平/平
7b587933e51ecc735b0fd3ef3bf0ebbc	萧子显	日出东南隅行	梁	5	16	忽逢车马客	入平平上入	ZPPZZ	入/平/平/上/入
7b587933e51ecc735b0fd3ef3bf0ebbc	萧子显	日出东南隅行	梁	5	17	飞盖动襜轺	平?上?平	PZZ?P	平/去入/上/平去/平
7b587933e51ecc735b0fd3ef3bf0ebbc	萧子显	日出东南隅行	梁	5	18	单衣鼠毛织	?平上??	??Z?Z	平上去/平去/上/平去/去入
7b587933e51ecc735b0fd3ef3bf0ebbc	萧子显	日出东南隅行	梁	5	19	宝剑羊头销	上?平平平	Z?PPP	上//平/平/平
7b587933e51ecc735b0fd3ef3bf0ebbc	萧子显	日出东南隅行	梁	5	20	丈夫疲应对	上平平?去	ZPP?Z	上/平/平/平去/去
7b587933e51ecc735b0fd3ef3bf0ebbc	萧子显	日出东南隅行	梁	5	21	御者辍衔镳	?上?平平	ZZZPP	上去/上/去入/平/平
7b587933e51ecc735b0fd3ef3bf0ebbc	萧子显	日出东南隅行	梁	5	22	柱间徒脉脉	上平平入入	Z?PZZ	上//平/入/入
7b587933e51ecc735b0fd3ef3bf0ebbc	萧子显	日出东南隅行	梁	5	23	垣上几翘翘	平????	PZ???	平/上去/平上去/平去/平去
7b587933e51ecc735b0fd3ef3bf0ebbc	萧子显	日出东南隅行	梁	5	24	女本西家宿	上上平平?	ZZPPZ	上去/上/平/平/去入
7b587933e51ecc735b0fd3ef3bf0ebbc	萧子显	日出东南隅行	梁	5	25	君自上宫要	平去?平?	PZZP?	平/去/上去/平/平去
7b587933e51ecc735b0fd3ef3bf0ebbc	萧子显	日出东南隅行	梁	5	26	汉马三万疋	去上平去?	ZZ?Z?	去/上/平去/去入/平上
7b587933e51ecc735b0fd3ef3bf0ebbc	萧子显	日出东南隅行	梁	5	27	夫婿仁嫖姚	平?平?平	P?P?P	平//平/平去/平
7b587933e51ecc735b0fd3ef3bf0ebbc	萧子显	日出东南隅行	梁	5	28	鞶囊虎头绶	平平上平?	PPZPZ	平/平/上/平/上去
7b587933e51ecc735b0fd3ef3bf0ebbc	萧子显	日出东南隅行	梁	5	29	左珥凫卢貂	?去平平平	ZZPPP	上去/去/平/平/平
7b587933e51ecc735b0fd3ef3bf0ebbc	萧子显	日出东南隅行	梁	5	30	横吹龙钟管	??平平上	??PPZ	平去/平去/平/平/上
7b587933e51ecc735b0fd3ef3bf0ebbc	萧子显	日出东南隅行	梁	5	31	奏鼓象牙箫	去?上平平	Z?ZPP	去//上/平/平
7b587933e51ecc735b0fd3ef3bf0ebbc	萧子显	日出东南隅行	梁	5	32	十五张内侍	入上?去去	ZZ?ZZ	入/上/平去/去/去
7b587933e51ecc735b0fd3ef3bf0ebbc	萧子显	日出东南隅行	梁	5	33	十作贾登朝	入入?平平	ZZZPP	入/去入/上去/平/平
7b587933e51ecc735b0fd3ef3bf0ebbc	萧子显	日出东南隅行	梁	5	34	皆笑颜郎老	平去平平上	PZPPZ	平/去/平/平/上
7b587933e51ecc735b0fd3ef3bf0ebbc	萧子显	日出东南隅行	梁	5	35	尽讶董公超	上去上平平	ZZZPP	上/去/上/平/平
7b587933e51ecc73279d38b6224462b7	萧子显	代美女篇	梁	5	0	邯郸蹔辍舞	平平去?上	PPZZZ	平/平/去/去入/上
7b587933e51ecc73279d38b6224462b7	萧子显	代美女篇	梁	5	1	巴姬请罢弦	平平??平	PP???	平/平/平上去/平上/平去
7b587933e51ecc73279d38b6224462b7	萧子显	代美女篇	梁	5	2	佳人淇洧出	平平平上入	PPPZZ	平/平/平/上/去入
7b587933e51ecc73279d38b6224462b7	萧子显	代美女篇	梁	5	3	艳赵复倾燕	去上入平?	ZZZP?	去/上/去入/平/平去
7b587933e51ecc73279d38b6224462b7	萧子显	代美女篇	梁	5	4	繁秾既为李	平平去?上	PPZ?Z	平/平/去/平去/上
7b587933e51ecc73279d38b6224462b7	萧子显	代美女篇	梁	5	5	照水亦成莲	去上入平?	ZZZP?	去/上/入/平/平上
7b587933e51ecc73279d38b6224462b7	萧子显	代美女篇	梁	5	6	朝酤成都酒	平?平平上	P?PPZ	平/平上去/平/平/上
7b587933e51ecc73279d38b6224462b7	萧子显	代美女篇	梁	5	7	暝数河间钱	??平平?	?ZP??	平去/上去入/平//平上
7b587933e51ecc73279d38b6224462b7	萧子显	代美女篇	梁	5	8	馀光幸未惜	平平上去入	P?ZZZ	平/平去/上/去/入
7b587933e51ecc73279d38b6224462b7	萧子显	代美女篇	梁	5	9	兰膏空自煎	平平?去?	P??Z?	平/平去/平去/去/平去
7b587933e51ecc737edd742f58106885	萧子显	南征曲	梁	5	0	棹歌来扬女	去平平平上	ZPPPZ	去/平/平/平/上去
7b587933e51ecc737edd742f58106885	萧子显	南征曲	梁	5	1	操舟惊越人	?平平入平	?PPZP	平去/平/平/入/平
7b587933e51ecc737edd742f58106885	萧子显	南征曲	梁	5	2	图蛟怯水伯	平平入上入	PPZZZ	平/平/入/上/入
7b587933e51ecc737edd742f58106885	萧子显	南征曲	梁	5	3	照鹢竦江神	去入上平平	ZZZPP	去/入/上/平/平
7b587933e51ecc7342fe621f2191723d	萧子显	从军行	梁	7	0	左角明王侵汉边	?入平平平去平	ZZP?PZP	上去/入/平/平去/平/去/平
7b587933e51ecc7342fe621f2191723d	萧子显	从军行	梁	7	1	轻薄良家恶少年	?入平平??平	?ZPP?ZP	平去/入/平/平/平去入/上去/平
7b587933e51ecc7342fe621f2191723d	萧子显	从军行	梁	5	2	纵横向沮泽	????入	??Z?Z	平去/平去/上去/平上去/入
7b587933e51ecc7342fe621f2191723d	萧子显	从军行	梁	5	3	凌厉取山田	平去上平平	PZZPP	平/去/上/平/平
7b587933e51ecc7342fe621f2191723d	萧子显	从军行	梁	5	4	黄尘不见景	平平入去上	PP?ZZ	平/平/平上入/去/上
7b587933e51ecc7342fe621f2191723d	萧子显	从军行	梁	5	5	飞蓬恒满天	平平平上平	PPPZP	平/平/平/上/平
7b587933e51ecc7342fe621f2191723d	萧子显	从军行	梁	5	6	邀功封浞野	平平?入上	PP?ZZ	平/平/平去/入/上
7b587933e51ecc7342fe621f2191723d	萧子显	从军行	梁	5	7	窃宠劫祁连	入上入?平	ZZZ?P	入/上/入/平上/平
7b587933e51ecc7342fe621f2191723d	萧子显	从军行	梁	7	8	春风春月将进酒	平平平入?去上	P?PZ?ZZ	平/平去/平/入/平去/去/上
7b587933e51ecc7342fe621f2191723d	萧子显	从军行	梁	7	9	妖姬舞女乱君前	平平上上去平平	PPZZZPP	平/平/上/上去/去/平/平
7b587933e51ecc73dc9b2ae1aace72f3	萧子显	树中草	梁	5	0	幸有青袍色	上上平?入	ZZP?Z	上/上/平/平去/入
7b587933e51ecc73dc9b2ae1aace72f3	萧子显	树中草	梁	5	1	聊因翠幄凋	平平去入平	PPZZP	平/平/去/入/平
7b587933e51ecc73dc9b2ae1aace72f3	萧子显	树中草	梁	5	2	虽间珊瑚蒂	平平平平?	P?PP?	平//平/平/
7b587933e51ecc73dc9b2ae1aace72f3	萧子显	树中草	梁	5	3	非是合欢条	平上入平平	PZZPP	平/上/入/平/平
7b587933e51ecc735b4b133e1df35c0a	萧子显	桃花曲	梁	5	0	但使桃花艳	??平平去	?ZPPZ	平上去/上去/平/平/去
7b587933e51ecc735b4b133e1df35c0a	萧子显	桃花曲	梁	5	1	得间美人簪	入平上平平	Z?ZPP	入//上/平/平
7b587933e51ecc735b4b133e1df35c0a	萧子显	桃花曲	梁	5	2	何须论后实	平平??入	?P?ZZ	平上/平/平去/上去/入
7b587933e51ecc735b4b133e1df35c0a	萧子显	桃花曲	梁	5	3	怨结子瑕心	?入上平平	?ZZPP	平去/入/上/平/平
7b587933e51ecc7362d5d29db114718f	萧子显	奉和昭明太子钟山讲解诗	梁	5	0	嵩岳基旧宇	平入平去上	PZPZZ	平/入/平/去/上
7b587933e51ecc7362d5d29db114718f	萧子显	奉和昭明太子钟山讲解诗	梁	5	1	盘岭跨南京	平??平平	P??PP	平/平上/平上去/平/平
7b587933e51ecc7362d5d29db114718f	萧子显	奉和昭明太子钟山讲解诗	梁	5	2	睿心重禅室	去平??入	ZP??Z	去/平/平上去/平去/入
7b587933e51ecc7362d5d29db114718f	萧子显	奉和昭明太子钟山讲解诗	梁	5	3	游驾陟层城	平去入平平	PZZPP	平/去/入/平/平
7b587933e51ecc7362d5d29db114718f	萧子显	奉和昭明太子钟山讲解诗	梁	5	4	金略徐既动	平入平去上	PZPZZ	平/入/平/去/上
7b587933e51ecc7362d5d29db114718f	萧子显	奉和昭明太子钟山讲解诗	梁	5	5	龙骖跃且鸣	平平入?平	PPZ?P	平/平/入/平上/平
7b587933e51ecc7362d5d29db114718f	萧子显	奉和昭明太子钟山讲解诗	梁	5	6	涂方后尘合	平平?平入	PPZPZ	平/平/上去/平/入
7b587933e51ecc7362d5d29db114718f	萧子显	奉和昭明太子钟山讲解诗	梁	5	7	地迥前笳清	去上平平平	ZZPPP	去/上/平/平/平
7b587933e51ecc7362d5d29db114718f	萧子显	奉和昭明太子钟山讲解诗	梁	5	8	逦迤因台榭	上?平平去	Z?PPZ	上//平/平/去
7b587933e51ecc7362d5d29db114718f	萧子显	奉和昭明太子钟山讲解诗	梁	5	9	参差憩羽旌	??去上平	??ZZP	平去/平去/去/上去/平
7b587933e51ecc7362d5d29db114718f	萧子显	奉和昭明太子钟山讲解诗	梁	5	10	高随阆风极	平平?平入	PP??Z	平/平/平去/平去/入
7b587933e51ecc7362d5d29db114718f	萧子显	奉和昭明太子钟山讲解诗	梁	5	11	势与元天并	去?平平?	Z?PP?	去/平上去/平/平/平上去
7b587933e51ecc7362d5d29db114718f	萧子显	奉和昭明太子钟山讲解诗	梁	5	12	气歇连松远	去入平平?	ZZP?Z	去/入/平/平去/上去
7b587933e51ecc7362d5d29db114718f	萧子显	奉和昭明太子钟山讲解诗	梁	5	13	云升秋野平	平平平上平	PPPZP	平/平/平/上/平
7b587933e51ecc7362d5d29db114718f	萧子显	奉和昭明太子钟山讲解诗	梁	5	14	徘徊临井邑	平平?上入	PP?ZZ	平/平/平去/上/入
7b587933e51ecc7362d5d29db114718f	萧子显	奉和昭明太子钟山讲解诗	梁	5	15	表里见淮瀛	上上去平平	ZZZPP	上/上/去/平/平
7b587933e51ecc7362d5d29db114718f	萧子显	奉和昭明太子钟山讲解诗	梁	5	16	祈果尊常住	平上平平去	PZPPZ	平/上/平/平/去
7b587933e51ecc7362d5d29db114718f	萧子显	奉和昭明太子钟山讲解诗	梁	5	17	渴慧在无生	入去?平平	ZZZP?	入/去/上去/平/平去
7b587933e51ecc7362d5d29db114718f	萧子显	奉和昭明太子钟山讲解诗	梁	5	18	暂留石山轨	去?入平上	Z?ZPZ	去/平去/入/平/上
7b587933e51ecc7362d5d29db114718f	萧子显	奉和昭明太子钟山讲解诗	梁	5	19	欲知芳杜情	入平平上平	ZPPZP	入/平/平/上/平
7b587933e51ecc7362d5d29db114718f	萧子显	奉和昭明太子钟山讲解诗	梁	5	20	鞠躬荷嘉庆	入平?平去	ZP?PZ	入/平/平上/平/去
7b587933e51ecc7362d5d29db114718f	萧子显	奉和昭明太子钟山讲解诗	梁	5	21	瞻道闻颂声	平上??平	PZ??P	平/上/平去/平去/平
7b587933e51ecc73e5b88a8a9ada136c	萧子显	侍宴饯陆倕应令	梁	5	0	储皇饯离送	平平??去	PPZ?Z	平/平/上去/平去/去
7b587933e51ecc73e5b88a8a9ada136c	萧子显	侍宴饯陆倕应令	梁	5	1	广命传羽觞	上去?上平	ZZ?ZP	上/去/平去/上去/平
7b587933e51ecc73e5b88a8a9ada136c	萧子显	侍宴饯陆倕应令	梁	5	2	侍游追曲水	去平平入上	ZPPZZ	去/平/平/入/上
7b587933e51ecc73e5b88a8a9ada136c	萧子显	侍宴饯陆倕应令	梁	5	3	开宴等清漳	平?上平平	PZZPP	平/上去/上/平/平
7b587933e51ecc73e5b88a8a9ada136c	萧子显	侍宴饯陆倕应令	梁	5	4	新泉已激浪	平平上??	PPZZ?	平/平/上去/去入/平去
7b587933e51ecc73e5b88a8a9ada136c	萧子显	侍宴饯陆倕应令	梁	5	5	初卉始含芳	平?上平平	PZZPP	平/上去/上/平/平
7b587933e51ecc73e5b88a8a9ada136c	萧子显	侍宴饯陆倕应令	梁	5	6	雨罢叶增绿	??入?入	Z?Z?Z	上去/平上/入/平去/入
7b587933e51ecc73e5b88a8a9ada136c	萧子显	侍宴饯陆倕应令	梁	5	7	日斜树影长	入平?上?	ZPZZ?	入/平/上去/上/平上去
7b587933e51ecc73314b49fe9f0af8c8	萧子显	春闺思诗	梁	5	0	金羁游侠子	平平平入上	PPPZZ	平/平/平/入/上
7b587933e51ecc73314b49fe9f0af8c8	萧子显	春闺思诗	梁	5	1	绮机离思妾	上??平入	Z???Z	上/平上/平去/平去/入
7b587933e51ecc73314b49fe9f0af8c8	萧子显	春闺思诗	梁	5	2	春度人不归	平?平入平	PZP?P	平/去入/平/平上入/平
7b587933e51ecc73314b49fe9f0af8c8	萧子显	春闺思诗	梁	5	3	望花尽成叶	?平上平入	?PZPZ	平去/平/上/平/入
7b587933e51ecc73fd21f4df970ee8f4	萧子显	咏苑中游人诗	梁	5	0	二月春心动	去入平平上	ZZPPZ	去/入/平/平/上
7b587933e51ecc73fd21f4df970ee8f4	萧子显	咏苑中游人诗	梁	5	1	游望桃花初	平?平平平	P?PPP	平/平去/平/平/平
7b587933e51ecc73fd21f4df970ee8f4	萧子显	咏苑中游人诗	梁	5	2	回身隐日扇	平平上入?	?PZZ?	平去/平/上去/入/平去
7b587933e51ecc73fd21f4df970ee8f4	萧子显	咏苑中游人诗	梁	5	3	却步敛风裾	入去?平平	ZZZ?P	入/去/上去/平去/平
7b587933e51ecc73b8c99ff431444da9	萧子显	燕歌行	梁	7	0	风光迟舞出青蘋	平平平上入平平	??PZZPP	平去/平去/平/上/去入/平/平
7b587933e51ecc73b8c99ff431444da9	萧子显	燕歌行	梁	7	1	兰条翠鸟鸣发春	平平去上平入平	PPZZPZP	平/平/去/上/平/入/平
7b587933e51ecc73b8c99ff431444da9	萧子显	燕歌行	梁	7	2	洛阳梨花落如雪	入平平平入平入	ZPPPZ?Z	入/平/平/平/入/平去/入
7b587933e51ecc73b8c99ff431444da9	萧子显	燕歌行	梁	7	3	河边细草细如茵	平平去上去平平	PPZZZ?P	平/平/去/上/去/平去/平
7b587933e51ecc73b8c99ff431444da9	萧子显	燕歌行	梁	7	4	桐生井底叶交枝	平平上上入平平	P?ZZZPP	平/平去/上/上/入/平/平
7b587933e51ecc73b8c99ff431444da9	萧子显	燕歌行	梁	7	5	今看无端双燕离	平?平平平??	P?PPP??	平/平去/平/平/平/平去/平去
7b587933e51ecc73b8c99ff431444da9	萧子显	燕歌行	梁	7	6	五重飞楼入河汉	上?平平入平去	Z?PPZPZ	上/平上去/平/平/入/平/去
7b587933e51ecc73b8c99ff431444da9	萧子显	燕歌行	梁	7	7	九华阁道暗清池	上?入上去平平	Z?ZZZPP	上/平去/入/上/去/平/平
7b587933e51ecc73b8c99ff431444da9	萧子显	燕歌行	梁	7	8	遥看白马津上吏	平?入上平?去	P?ZZPZZ	平/平去/入/上/平/上去/去
7b587933e51ecc73b8c99ff431444da9	萧子显	燕歌行	梁	7	9	传道黄龙征戍儿	?上平平?去平	?ZPP?ZP	平去/上/平/平/平上/去/平
7b587933e51ecc73b8c99ff431444da9	萧子显	燕歌行	梁	7	10	明月金光徒照妾	平入平平平去入	PZP?PZZ	平/入/平/平去/平/去/入
7b587933e51ecc73b8c99ff431444da9	萧子显	燕歌行	梁	7	11	浮云玉叶君不知	平平入入平入平	PPZZP?P	平/平/入/入/平/平上入/平
7b587933e51ecc73b8c99ff431444da9	萧子显	燕歌行	梁	7	12	思君昔去柳依依	?平入?上平平	?PZZZPP	平去/平/入/上去/上/平/平
7b587933e51ecc73b8c99ff431444da9	萧子显	燕歌行	梁	7	13	至今八月避暑归	去平入入去上平	ZPZZZZP	去/平/入/入/去/上/平
7b587933e51ecc73b8c99ff431444da9	萧子显	燕歌行	梁	7	14	明珠蚕茧勉登机	平平?上上平?	PP?ZZP?	平/平/平上/上/上/平/平上
7b587933e51ecc73b8c99ff431444da9	萧子显	燕歌行	梁	7	15	郁金香花特香衣	入平平平入平?	ZPPPZP?	入/平/平/平/入/平/平去
7b587933e51ecc73b8c99ff431444da9	萧子显	燕歌行	梁	7	16	洛阳城头鸡欲曙	入平平平平入去	ZPPPPZZ	入/平/平/平/平/入/去
7b587933e51ecc73b8c99ff431444da9	萧子显	燕歌行	梁	7	17	丞相府中乌未飞	??上?平去平	??Z?PZP	平去/平去/上/平去/平/去/平
7b587933e51ecc73b8c99ff431444da9	萧子显	燕歌行	梁	7	18	夜梦征人缝狐貉	去?平平?平入	Z??P?PZ	去/平去/平上/平/平去/平/入
7b587933e51ecc73b8c99ff431444da9	萧子显	燕歌行	梁	7	19	私怜织妇裁锦绯	平平?上?上平	PPZZ?ZP	平/平/去入/上/平去/上/平
7b587933e51ecc73b8c99ff431444da9	萧子显	燕歌行	梁	5	20	吴刀郑绵络	平平去平入	PPZPZ	平/平/去/平/入
7b587933e51ecc73b8c99ff431444da9	萧子显	燕歌行	梁	5	21	寒闺夜被薄	平平去?入	PPZZZ	平/平/去/上去/入
7b587933e51ecc73b8c99ff431444da9	萧子显	燕歌行	梁	7	22	芳年海上水中凫	平平上?上平平	PPZZZ?P	平/平/上/上去/上/平去/平
7b587933e51ecc73b8c99ff431444da9	萧子显	燕歌行	梁	7	23	日暮寒夜空城雀	入去平去?平入	ZZPZ?PZ	入/去/平/去/平去/平/入
7b587933e51ecc73499ea93e7300d866	萧子显	乌栖曲应令三首	梁	7	0	握中清酒马脑钟	入?平上上?平	Z?PZZZP	入/平去/平/上/上/上去/平
7b587933e51ecc73499ea93e7300d866	萧子显	乌栖曲应令三首	梁	7	1	裾边杂佩琥珀龙	平平入去上入平	PPZZZZP	平/平/入/去/上/入/平
7b587933e51ecc73499ea93e7300d866	萧子显	乌栖曲应令三首	梁	7	2	欲持寄君心不惜	入平去平平入入	ZPZPP?Z	入/平/去/平/平/平上入/入
7b587933e51ecc73499ea93e7300d866	萧子显	乌栖曲应令三首	梁	7	3	共指三星今何夕	?上平平平平入	?Z?PP?Z	平去/上/平去/平/平/平上/入
7b587933e51ecc73499ea93e7300d866	萧子显	乌栖曲应令三首	梁	7	4	浓黛轻红点花色	平去?平上平入	PZ?PZPZ	平/去/平去/平/上/平/入
7b587933e51ecc73499ea93e7300d866	萧子显	乌栖曲应令三首	梁	7	5	还欲令人不相识	平入?平入??	PZ?P??Z	平/入/平去/平/平上入/平去/去入
7b587933e51ecc73499ea93e7300d866	萧子显	乌栖曲应令三首	梁	7	6	金壶夜水讵能多	平平去上??平	PPZZZ?P	平/平/去/上/上去/平上去/平
7b587933e51ecc73499ea93e7300d866	萧子显	乌栖曲应令三首	梁	7	7	莫持赊用比悬河	入平平去?平平	ZPPZ?PP	入/平/平/去/平上去入/平/平
7b587933e51ecc73499ea93e7300d866	萧子显	乌栖曲应令三首	梁	7	8	芳树归飞聚俦匹	平?平平??入	PZPPZ?Z	平/上去/平/平/上去/平去/入
7b587933e51ecc73499ea93e7300d866	萧子显	乌栖曲应令三首	梁	7	9	犹有残光半山日	平上平平去平入	?ZP?ZPZ	平去/上/平/平去/去/平/入
7b587933e51ecc73499ea93e7300d866	萧子显	乌栖曲应令三首	梁	7	10	莫惮褰裳不相求	入去平平入?平	ZZPP??P	入/去/平/平/平上入/平去/平
7b587933e51ecc73499ea93e7300d866	萧子显	乌栖曲应令三首	梁	7	11	汉皋游女习飞流	去平平上入平平	ZPPZZPP	去/平/平/上去/入/平/平
7b587933f1276b0f5e9bfc45922d3b56	鲍令晖	拟客从远方来	宋	5	0	客从远方来	入??平平	Z?ZPP	入/平去/上去/平/平
7b587933f1276b0f5e9bfc45922d3b56	鲍令晖	拟客从远方来	宋	5	1	赠我漆鸣琴	去上入平平	ZZZPP	去/上/入/平/平
7b587933f1276b0f5e9bfc45922d3b56	鲍令晖	拟客从远方来	宋	5	2	木有相思文	入上平平平	ZZ??P	入/上/平去/平去/平
7b587933f1276b0f5e9bfc45922d3b56	鲍令晖	拟客从远方来	宋	5	3	弦有别离音	平上入?平	?ZZ?P	平去/上/去入/平去/平
7b587933f1276b0f5e9bfc45922d3b56	鲍令晖	拟客从远方来	宋	5	4	终身执此调	平平入上?	PPZZ?	平/平/入/上/平去
7b587933f1276b0f5e9bfc45922d3b56	鲍令晖	拟客从远方来	宋	5	5	岁寒不改心	去平入上平	ZP?ZP	去/平/平上入/上/平
7b587933f1276b0f5e9bfc45922d3b56	鲍令晖	拟客从远方来	宋	5	6	愿作阳春曲	去入平平入	ZZPPZ	去/去入/平/平/入
7b587933f1276b0f5e9bfc45922d3b56	鲍令晖	拟客从远方来	宋	5	7	宫商长相寻	平平??平	PP??P	平/平/平上去/平去/平
7b587933f1276b0fcd1aa89800697a6d	鲍令晖	古意赠今人	宋	5	0	寒乡无异服	平平平去入	PPP?Z	平/平/平/平去/入
7b587933f1276b0fcd1aa89800697a6d	鲍令晖	古意赠今人	宋	5	1	衣毡代文练	?平去平去	?PZPZ	平去/平/去/平/去
7b587933f1276b0fcd1aa89800697a6d	鲍令晖	古意赠今人	宋	5	2	日月望君归	入入?平平	ZZ?PP	入/入/平去/平/平
7b587933f1276b0fcd1aa89800697a6d	鲍令晖	古意赠今人	宋	5	3	年年不解綖	平平入?平	PP?ZP	平/平/平上入/上去/平
7b587933f1276b0fcd1aa89800697a6d	鲍令晖	古意赠今人	宋	5	4	荆扬春早和	平平平上?	PPPZ?	平/平/平/上/平去
7b587933f1276b0fcd1aa89800697a6d	鲍令晖	古意赠今人	宋	5	5	幽冀犹霜霰	平去平平去	PZ?PZ	平/去/平去/平/去
7b587933f1276b0fcd1aa89800697a6d	鲍令晖	古意赠今人	宋	5	6	北寒妾已知	入平入上平	ZPZZP	入/平/入/上去/平
7b587933f1276b0fcd1aa89800697a6d	鲍令晖	古意赠今人	宋	5	7	南心君不见	平平平入去	PPP?Z	平/平/平/平上入/去
7b587933f1276b0fcd1aa89800697a6d	鲍令晖	古意赠今人	宋	5	8	谁为道辛苦	平?上平上	P?ZPZ	平/平去/上/平/上去
7b587933f1276b0fcd1aa89800697a6d	鲍令晖	古意赠今人	宋	5	9	寄情双飞燕	去平平平?	ZPPP?	去/平/平/平/平去
7b587933f1276b0fcd1aa89800697a6d	鲍令晖	古意赠今人	宋	5	10	形迫杼煎丝	平入上?平	PZZ?P	平/入/上/平去/平
7b587933f1276b0fcd1aa89800697a6d	鲍令晖	古意赠今人	宋	5	11	颜落风催电	平入平平去	PZ?PZ	平/入/平去/平/去
7b587933f1276b0fcd1aa89800697a6d	鲍令晖	古意赠今人	宋	5	12	容华一朝尽	平?入平上	P?ZPZ	平/平去/入/平/上
7b587933f1276b0fcd1aa89800697a6d	鲍令晖	古意赠今人	宋	5	13	惟馀心不变	平平平入去	PPP?Z	平/平/平/平上入/去
7b587933f1276b0f596b42ca89828d77	鲍令晖	寄行人诗	宋	5	0	桂吐两三枝	去?上平平	ZZZ?P	去/上去/上去/平去/平
7b587933f1276b0f596b42ca89828d77	鲍令晖	寄行人诗	宋	5	1	兰开四五叶	平平去上入	PPZZZ	平/平/去/上/入
7b587933f1276b0f596b42ca89828d77	鲍令晖	寄行人诗	宋	5	2	是时君不归	上平平入平	ZPP?P	上/平/平/平上入/平
7b587933f1276b0f596b42ca89828d77	鲍令晖	寄行人诗	宋	5	3	春风徒笑妾	平平平去入	P?PZZ	平/平去/平/去/入
7b587933f1e9cfd520dd773970d2de2b	庾肩吾	寻周处士弘让诗	梁	5	0	试逐赤松游	去入入平平	ZZZ?P	去/入/入/平去/平
7b587933f1e9cfd520dd773970d2de2b	庾肩吾	寻周处士弘让诗	梁	5	1	披林对一丘	?平去入平	?PZZP	平上/平/去/入/平
7b587933f1e9cfd520dd773970d2de2b	庾肩吾	寻周处士弘让诗	梁	5	2	梨红大谷晚	平平去入上	PPZZZ	平/平/去/入/上
7b587933f1e9cfd520dd773970d2de2b	庾肩吾	寻周处士弘让诗	梁	5	3	桂白小山秋	去入上平平	ZZZPP	去/入/上/平/平
7b587933f1e9cfd520dd773970d2de2b	庾肩吾	寻周处士弘让诗	梁	5	4	石镜菱花发	入去平平入	ZZPPZ	入/去/平/平/入
7b587933f1e9cfd520dd773970d2de2b	庾肩吾	寻周处士弘让诗	梁	5	5	桐门琴曲愁	平平平入平	PPPZP	平/平/平/入/平
7b587933f1e9cfd520dd773970d2de2b	庾肩吾	寻周处士弘让诗	梁	5	6	泉飞疑度雨	平平平??	PPPZZ	平/平/平/去入/上去
7b587933f1e9cfd520dd773970d2de2b	庾肩吾	寻周处士弘让诗	梁	5	7	云积似重楼	平入上?平	PZZ?P	平/去入/上/平上去/平
7b587933f1e9cfd520dd773970d2de2b	庾肩吾	寻周处士弘让诗	梁	5	8	王孙若不去	平平?入?	?P??Z	平去/平/平上入/平上入/上去
7b587933f1e9cfd520dd773970d2de2b	庾肩吾	寻周处士弘让诗	梁	5	9	山中定可留	平平去上?	P?ZZ?	平/平去/去/上/平去
7b587933f7bd4491f9ab551a990199d2	鲍泉	奉和湘东王春日诗	梁	5	0	新莺始新归	平平上平平	PPZPP	平/平/上/平/平
7b587933f7bd4491f9ab551a990199d2	鲍泉	奉和湘东王春日诗	梁	5	1	新蝶复新飞	平入入平平	PZZPP	平/入/去入/平/平
7b587933f7bd4491f9ab551a990199d2	鲍泉	奉和湘东王春日诗	梁	5	2	新花满新树	平平上平?	PPZPZ	平/平/上/平/上去
7b587933f7bd4491f9ab551a990199d2	鲍泉	奉和湘东王春日诗	梁	5	3	新月丽新辉	平入?平平	PZ?PP	平/入/平去/平/平
7b587933f7bd4491f9ab551a990199d2	鲍泉	奉和湘东王春日诗	梁	5	4	新光新气早	平平平去上	P?PZZ	平/平去/平/去/上
7b587933f7bd4491f9ab551a990199d2	鲍泉	奉和湘东王春日诗	梁	5	5	新望新盈抱	平?平平上	P?PPZ	平/平去/平/平/上
7b587933f7bd4491f9ab551a990199d2	鲍泉	奉和湘东王春日诗	梁	5	6	新水新绿浮	平上平入平	PZPZP	平/上/平/入/平
7b587933f7bd4491f9ab551a990199d2	鲍泉	奉和湘东王春日诗	梁	5	7	新禽新听好	平平平??	PPP?Z	平/平/平/平上去/上去
7b587933f7bd4491f9ab551a990199d2	鲍泉	奉和湘东王春日诗	梁	5	8	新景自新还	平上去平平	PZZPP	平/上/去/平/平
7b587933f7bd4491f9ab551a990199d2	鲍泉	奉和湘东王春日诗	梁	5	9	新叶复新攀	平入入平平	PZZPP	平/入/去入/平/平
7b587933f7bd4491f9ab551a990199d2	鲍泉	奉和湘东王春日诗	梁	5	10	新枝虽可结	平平平上入	PPPZZ	平/平/平/上/入
7b587933f7bd4491f9ab551a990199d2	鲍泉	奉和湘东王春日诗	梁	5	11	新愁讵解颜	平平??平	PPZZP	平/平/上去/上去/平
7b587933f7bd4491f9ab551a990199d2	鲍泉	奉和湘东王春日诗	梁	5	12	新思独氛氲	平?入平平	P?ZPP	平/平去/入/平/平
7b587933f7bd4491f9ab551a990199d2	鲍泉	奉和湘东王春日诗	梁	5	13	新知不可闻	平平入上?	PP?Z?	平/平/平上入/上/平去
7b587933f7bd4491f9ab551a990199d2	鲍泉	奉和湘东王春日诗	梁	5	14	新扇如新月	平?平平入	P??PZ	平/平去/平去/平/入
7b587933f7bd4491f9ab551a990199d2	鲍泉	奉和湘东王春日诗	梁	5	15	新盖学新云	平?入平平	PZZPP	平/去入/入/平/平
7b587933f7bd4491f9ab551a990199d2	鲍泉	奉和湘东王春日诗	梁	5	16	新落连珠泪	平入平平去	PZPPZ	平/入/平/平/去
7b587933f7bd4491f9ab551a990199d2	鲍泉	奉和湘东王春日诗	梁	5	17	新点石榴裙	平上入平?	PZZP?	平/上/入/平/
7b587933f90b57c94a5294fea343f50f	萧纲	咏萤诗	梁	5	0	本将秋草并	上?平上?	Z?PZ?	上/平去/平/上/平上去
7b587933f90b57c94a5294fea343f50f	萧纲	咏萤诗	梁	5	1	今与夕风轻	平?入平?	P?Z??	平/平上去/入/平去/平去
7b587933f90b57c94a5294fea343f50f	萧纲	咏萤诗	梁	5	2	腾空类星陨	平?去平上	P?ZPZ	平/平去/去/平/上
7b587933f90b57c94a5294fea343f50f	萧纲	咏萤诗	梁	5	3	拂树若花生	入??平平	ZZ?P?	入/上去/平上入/平/平去
7b587933f90b57c94a5294fea343f50f	萧纲	咏萤诗	梁	5	4	屏疑神火照	?平平上去	?PPZZ	平上/平/平/上/去
7b587933f90b57c94a5294fea343f50f	萧纲	咏萤诗	梁	5	5	帘似夜珠明	平上去平平	PZZPP	平/上/去/平/平
7b587933f90b57c94a5294fea343f50f	萧纲	咏萤诗	梁	5	6	逢君拾光彩	平平入平上	PPZ?Z	平/平/入/平去/上
7b587933f90b57c94a5294fea343f50f	萧纲	咏萤诗	梁	5	7	不吝此生倾	入去上平平	?ZZ?P	平上入/去/上/平去/平
7b587933f90b57c95a7b573f70529d8a	萧纲	采菱歌	梁	5	0	菱花落复含	平平入入平	PPZZP	平/平/入/去入/平
7b587933f90b57c95a7b573f70529d8a	萧纲	采菱歌	梁	5	1	桑女罢新蚕	平上?平?	PZ?P?	平/上去/平上/平/平上
7b587933f90b57c95a7b573f70529d8a	萧纲	采菱歌	梁	5	2	桂棹浮星艇	去去平平上	ZZPPZ	去/去/平/平/上
7b587933f90b57c95a7b573f70529d8a	萧纲	采菱歌	梁	5	3	徘徊莲叶南	平平?入平	PP?ZP	平/平/平上/入/平
7b587933f90b57c988a9542028fa1f92	萧纲	江南弄三首	梁	7	0	长扬扫地桃花飞	?平?去平平平	?PZZPPP	平上去/平/上去/去/平/平/平
7b587933f90b57c988a9542028fa1f92	萧纲	江南弄三首	梁	7	1	清风吹人光照衣	平平?平平去?	P??P?Z?	平/平去/平去/平/平去/去/平去
7b587933f90b57c988a9542028fa1f92	萧纲	江南弄三首	梁	7	2	金门玉堂临水居	平平入平?上平	PPZP?ZP	平/平/入/平/平去/上/平
7b587933f90b57c988a9542028fa1f92	萧纲	江南弄三首	梁	7	3	一颦一笑千万馀	入平入去平去平	ZPZZPZP	入/平/入/去/平/去入/平
7b587933f90b57c988a9542028fa1f92	萧纲	江南弄三首	梁	7	4	游子去还愿莫疏	平上?平去入?	PZZPZZ?	平/上/上去/平/去/入/平去
7b587933f90b57c988a9542028fa1f92	萧纲	江南弄三首	梁	7	5	桂楫兰桡浮碧水	去入平?平入上	ZZP?PZZ	去/入/平/平去/平/入/上
7b587933f90b57c988a9542028fa1f92	萧纲	江南弄三首	梁	7	6	江花玉面两相似	平平入去上?上	PPZZZ?Z	平/平/入/去/上去/平去/上
7b587933f90b57c988a9542028fa1f92	萧纲	江南弄三首	梁	7	7	莲疏藕折香风起	??上?平平上	??Z?P?Z	平上/平去/上/平入/平/平去/上
7b587933f90b57c9e1a414d4b9dea356	萧纲	和湘东王横吹曲三首·其一·折杨柳	梁	5	0	杨柳乱成丝	平上去平平	PZZPP	平/上/去/平/平
7b587933f90b57c9e1a414d4b9dea356	萧纲	和湘东王横吹曲三首·其一·折杨柳	梁	5	1	攀折上春时	平??平平	P?ZPP	平/平入/上去/平/平
7b587933f90b57c9e1a414d4b9dea356	萧纲	和湘东王横吹曲三首·其一·折杨柳	梁	5	2	叶密鸟飞碍	入入上平去	ZZZPZ	入/入/上/平/去
7b587933f90b57c9e1a414d4b9dea356	萧纲	和湘东王横吹曲三首·其一·折杨柳	梁	5	3	风轻花落迟	平?平入平	??PZP	平去/平去/平/入/平
7b587933f90b57c9e1a414d4b9dea356	萧纲	和湘东王横吹曲三首·其一·折杨柳	梁	5	4	城高短箫发	平平上平入	PPZPZ	平/平/上/平/入
7b587933f90b57c9e1a414d4b9dea356	萧纲	和湘东王横吹曲三首·其一·折杨柳	梁	5	5	林空画角悲	平??入平	P?ZZP	平/平去/去入/入/平
7b587933f90b57c9e1a414d4b9dea356	萧纲	和湘东王横吹曲三首·其一·折杨柳	梁	5	6	曲中无别意	入?平入去	Z?PZZ	入/平去/平/去入/去
7b587933f90b57c9e1a414d4b9dea356	萧纲	和湘东王横吹曲三首·其一·折杨柳	梁	5	7	并是为相思	?上?平平	?Z???	平上去/上/平去/平去/平去
7b587933f90b57c974b91460e7272a7a	萧纲	和湘东王横吹曲三首·其二·洛阳道	梁	5	0	洛阳佳丽所	入平平?上	ZPP?Z	入/平/平/平去/上
7b587933f90b57c974b91460e7272a7a	萧纲	和湘东王横吹曲三首·其二·洛阳道	梁	5	1	大道满春光	去上上平平	ZZZP?	去/上/上/平/平去
7b587933f90b57c974b91460e7272a7a	萧纲	和湘东王横吹曲三首·其二·洛阳道	梁	5	2	游童初挟弹	平平平入?	PPPZ?	平/平/平/入/平去
7b587933f90b57c974b91460e7272a7a	萧纲	和湘东王横吹曲三首·其二·洛阳道	梁	5	3	蚕妾始提筐	?入上平平	?ZZPP	平上/入/上/平/平
7b587933f90b57c974b91460e7272a7a	萧纲	和湘东王横吹曲三首·其二·洛阳道	梁	5	4	金鞍照龙马	平?去平上	P?ZPZ	平//去/平/上
7b587933f90b57c974b91460e7272a7a	萧纲	和湘东王横吹曲三首·其二·洛阳道	梁	5	5	罗袂拂春桑	平去入平平	PZZPP	平/去/入/平/平
7b587933f90b57c974b91460e7272a7a	萧纲	和湘东王横吹曲三首·其二·洛阳道	梁	5	6	玉车争晚入	入平平上入	ZPPZZ	入/平/平/上/入
7b587933f90b57c974b91460e7272a7a	萧纲	和湘东王横吹曲三首·其二·洛阳道	梁	5	7	潘果溢高箱	平上入平平	PZZPP	平/上/入/平/平
7b587933f90b57c9a49f67f863ee3761	萧纲	和湘东王横吹曲三首·其三·紫骝马	梁	5	0	贱妾朝下机	去入平??	ZZPZ?	去/入/平/上去/平上
7b587933f90b57c9a49f67f863ee3761	萧纲	和湘东王横吹曲三首·其三·紫骝马	梁	5	1	正值良人归	?去平平平	?ZPPP	平去/去/平/平/平
7b587933f90b57c9a49f67f863ee3761	萧纲	和湘东王横吹曲三首·其三·紫骝马	梁	5	2	青丝悬玉镫	平平平入去	PPPZZ	平/平/平/入/去
7b587933f90b57c9a49f67f863ee3761	萧纲	和湘东王横吹曲三首·其三·紫骝马	梁	5	3	朱汗染香衣	平??平?	P?ZP?	平/平去/上去/平/平去
7b587933f90b57c9a49f67f863ee3761	萧纲	和湘东王横吹曲三首·其三·紫骝马	梁	5	4	骤急珂弥响	去入平平上	ZZP?Z	去/入/平/平上/上
7b587933f90b57c9a49f67f863ee3761	萧纲	和湘东王横吹曲三首·其三·紫骝马	梁	5	5	𨁏多尘乱飞	平平平去平	PPPZP	平/平/平/去/平
7b587933f90b57c9a49f67f863ee3761	萧纲	和湘东王横吹曲三首·其三·紫骝马	梁	5	6	雕菰幸可荐	平平上上去	PPZZZ	平/平/上/上/去
7b587933f90b57c9a49f67f863ee3761	萧纲	和湘东王横吹曲三首·其三·紫骝马	梁	5	7	故心君莫违	去平平入平	ZPPZP	去/平/平/入/平
7b587933f90b57c93a3c506735a086a0	萧纲	美女篇	梁	5	0	佳丽尽关情	平?上平平	P?ZPP	平/平去/上/平/平
7b587933f90b57c93a3c506735a086a0	萧纲	美女篇	梁	5	1	风流最有名	平平去上平	?PZZP	平去/平/去/上/平
7b587933f90b57c93a3c506735a086a0	萧纲	美女篇	梁	5	2	约黄能效月	?平?去入	ZP?ZZ	去入/平/平上去/去/入
7b587933f90b57c93a3c506735a086a0	萧纲	美女篇	梁	5	3	裁金巧作星	?平?入平	?PZZP	平去/平/上去/去入/平
7b587933f90b57c93a3c506735a086a0	萧纲	美女篇	梁	5	4	粉光胜玉靓	上平?入去	Z??ZZ	上/平去/平去/入/去
7b587933f90b57c93a3c506735a086a0	萧纲	美女篇	梁	5	5	衫薄拟蝉轻	平入上平?	PZZP?	平/入/上/平/平去
7b587933f90b57c93a3c506735a086a0	萧纲	美女篇	梁	5	6	密态随流脸	入去平平?	ZZPP?	入/去/平/平/平上
7b587933f90b57c93a3c506735a086a0	萧纲	美女篇	梁	5	7	娇歌逐软声	?平入上平	?PZZP	平上/平/入/上/平
7b587933f90b57c93a3c506735a086a0	萧纲	美女篇	梁	5	8	朱颜半已醉	平平去上去	PPZZZ	平/平/去/上去/去
7b587933f90b57c93a3c506735a086a0	萧纲	美女篇	梁	5	9	微笑隐香屏	平去上平?	PZZP?	平/去/上去/平/平上
7b587933f90b57c93f3a0f18b2398227	萧纲	咏烟诗	梁	5	0	浮空覆杂影	平??入上	P?ZZZ	平/平去/去入/入/上
7b587933f90b57c93f3a0f18b2398227	萧纲	咏烟诗	梁	5	1	含露密花藤	平去入平平	PZZPP	平/去/入/平/平
7b587933f90b57c93f3a0f18b2398227	萧纲	咏烟诗	梁	5	2	乍如洛霞发	去平入平入	Z?ZPZ	去/平去/入/平/入
7b587933f90b57c93f3a0f18b2398227	萧纲	咏烟诗	梁	5	3	颇似巫云登	?上平平平	?ZPPP	平上去/上/平/平/平
7b587933f90b57c93f3a0f18b2398227	萧纲	咏烟诗	梁	5	4	映光飞百仞	去平平入去	Z?PZZ	上去/平去/平/入/去
7b587933f90b57c93f3a0f18b2398227	萧纲	咏烟诗	梁	5	5	从风散九层	?平?上平	??ZZP	平去/平去/上去/上/平
7b587933f90b57c93f3a0f18b2398227	萧纲	咏烟诗	梁	5	6	欲持翡翠色	入平去去入	ZPZZZ	入/平/去/去/入
7b587933f90b57c93f3a0f18b2398227	萧纲	咏烟诗	梁	5	7	时吐鲸鱼灯	平?平平平	PZPPP	平/上去/平/平/平
7b587933f90b57c9579541fe737265c1	萧纲	拟沈隐侯夜夜曲	梁	5	0	霭霭夜中霜	??去?平	ZZZ?P	去入/去入/去/平去/平
7b587933f90b57c9579541fe737265c1	萧纲	拟沈隐侯夜夜曲	梁	5	1	何关向晓光	平平?上平	?PZZ?	平上/平/上去/上/平去
7b587933f90b57c9579541fe737265c1	萧纲	拟沈隐侯夜夜曲	梁	5	2	枕啼常带粉	?平平去上	?PPZZ	平上去/平/平/去/上
7b587933f90b57c9579541fe737265c1	萧纲	拟沈隐侯夜夜曲	梁	5	3	身眠不着床	平平入?平	PP??P	平/平/平上入//平
7b587933f90b57c9579541fe737265c1	萧纲	拟沈隐侯夜夜曲	梁	5	4	兰膏尽更益	平平上?入	P?Z?Z	平/平去/上/平去/入
7b587933f90b57c9579541fe737265c1	萧纲	拟沈隐侯夜夜曲	梁	5	5	薰炉灭复香	?平入入平	?PZZP	平去/平/入/去入/平
7b587933f90b57c9579541fe737265c1	萧纲	拟沈隐侯夜夜曲	梁	5	6	但问愁多少	?去平平?	?ZPPZ	平上去/去/平/平/上去
7b587933f90b57c9579541fe737265c1	萧纲	拟沈隐侯夜夜曲	梁	5	7	便知夜短长	?平去上?	?PZZ?	平去/平/去/上/平上去
7b587933f90b57c928e14df6674d62e1	萧纲	伤美人诗	梁	5	0	昔闻倡女别	入平?上入	Z??ZZ	入/平去/平去/上去/去入
7b587933f90b57c928e14df6674d62e1	萧纲	伤美人诗	梁	5	1	荡子无归期	?上平平平	?ZPPP	平上去/上/平/平/平
7b587933f90b57c928e14df6674d62e1	萧纲	伤美人诗	梁	5	2	今似陈王叹	平上?平去	PZ???	平/上/平去/平去/平去
7b587933f90b57c928e14df6674d62e1	萧纲	伤美人诗	梁	5	3	流风难重思	平平平??	P????	平/平去/平去/平上去/平去
7b587933f90b57c928e14df6674d62e1	萧纲	伤美人诗	梁	5	4	翠带留馀结	去去?平入	ZZ?PZ	去/去/平去/平/入
7b587933f90b57c928e14df6674d62e1	萧纲	伤美人诗	梁	5	5	苔阶没故基	平平入去平	PPZZP	平/平/入/去/平
7b587933f90b57c928e14df6674d62e1	萧纲	伤美人诗	梁	5	6	图形更非是	平平?平上	PP?PZ	平/平/平去/平/上
7b587933f90b57c928e14df6674d62e1	萧纲	伤美人诗	梁	5	7	梦见反成疑	?去?平平	?Z?PP	平去/去/平上/平/平
7b587933f90b57c928e14df6674d62e1	萧纲	伤美人诗	梁	5	8	熏炉含好气	?平平?去	?PPZZ	平去/平/平/上去/去
7b587933f90b57c928e14df6674d62e1	萧纲	伤美人诗	梁	5	9	庭树吐华滋	平???平	PZZ?P	平/上去/上去/平去/平
7b587933f90b57c928e14df6674d62e1	萧纲	伤美人诗	梁	5	10	香烧日有歇	平?入上入	P?ZZZ	平/平去/入/上/入
7b587933f90b57c928e14df6674d62e1	萧纲	伤美人诗	梁	5	11	花落无还时	平入平平平	PZPPP	平/入/平/平/平
7b587933f90b57c9c79051be12842acd	萧纲	蜀道难	梁	5	0	建平督邮道	去平入?上	ZPZ?Z	去/平/入/平入/上
7b587933f90b57c9c79051be12842acd	萧纲	蜀道难	梁	5	1	鱼复永安宫	平入上平平	PZZPP	平/去入/上/平/平
7b587933f90b57c9c79051be12842acd	萧纲	蜀道难	梁	5	2	若奏巴渝曲	?去平平入	?ZPPZ	平上入/去/平/平/入
7b587933f90b57c9c79051be12842acd	萧纲	蜀道难	梁	5	3	时当君思中	平?平??	P?P??	平/平去/平/平去/平去
7b587933f90b57c9c79051be12842acd	萧纲	蜀道难	梁	5	4	巫山七百里	平平入入上	PPZZZ	平/平/入/入/上
7b587933f90b57c9c79051be12842acd	萧纲	蜀道难	梁	5	5	巴水三回曲	平上平平入	PZ??Z	平/上/平去/平去/入
7b587933f90b57c9c79051be12842acd	萧纲	蜀道难	梁	5	6	笛声下复高	入平?入平	ZPZZP	入/平/上去/去入/平
7b587933f90b57c9c79051be12842acd	萧纲	蜀道难	梁	5	7	猿啼断还续	平平?平入	PPZPZ	平/平/上去/平/入
7b587933f90b57c904b926f8ade7ad65	萧纲	娈童	梁	5	0	娈童娇丽质	?平???	ZP??Z	上去/平/平上/平去/去入
7b587933f90b57c904b926f8ade7ad65	萧纲	娈童	梁	5	1	践董复超瑕	上上入平平	ZZZPP	上/上/去入/平/平
7b587933f90b57c904b926f8ade7ad65	萧纲	娈童	梁	5	2	羽帐晨香满	上去平平上	ZZPPZ	上去/去/平/平/上
7b587933f90b57c904b926f8ade7ad65	萧纲	娈童	梁	5	3	珠帘夕漏赊	平平入去平	PPZZP	平/平/入/去/平
7b587933f90b57c904b926f8ade7ad65	萧纲	娈童	梁	5	4	翠被含鸳色	去?平平入	ZZPPZ	去/上去/平/平/入
7b587933f90b57c904b926f8ade7ad65	萧纲	娈童	梁	5	5	雕床镂象牙	平平?上平	PP?ZP	平/平/平去/上/平
7b587933f90b57c904b926f8ade7ad65	萧纲	娈童	梁	5	6	妙年同小史	去平?上上	ZP?ZZ	去/平/平去/上/上
7b587933f90b57c904b926f8ade7ad65	萧纲	娈童	梁	5	7	姝貌比朝霞	平去?平平	PZ?PP	平/去/平上去入/平/平
7b587933f90b57c904b926f8ade7ad65	萧纲	娈童	梁	5	8	袖裁连璧锦	去?平入上	Z?PZZ	去/平去/平/入/上
7b587933f90b57c904b926f8ade7ad65	萧纲	娈童	梁	5	9	笺织细种花	平?去?平	PZZ?P	平/去入/去/平上去/平
7b587933f90b57c904b926f8ade7ad65	萧纲	娈童	梁	5	10	揽袴轻红出	上去?平入	ZZ?PZ	上/去/平去/平/去入
7b587933f90b57c904b926f8ade7ad65	萧纲	娈童	梁	5	11	回头双鬓斜	平平平去平	?PPZP	平去/平/平/去/平
7b587933f90b57c904b926f8ade7ad65	萧纲	娈童	梁	5	12	懒眼时含笑	上上平平去	ZZPPZ	上/上/平/平/去
7b587933f90b57c904b926f8ade7ad65	萧纲	娈童	梁	5	13	玉手乍攀花	入上去平平	ZZZPP	入/上/去/平/平
7b587933f90b57c904b926f8ade7ad65	萧纲	娈童	梁	5	14	怀猜非后钓	平平平?去	PPPZZ	平/平/平/上去/去
7b587933f90b57c904b926f8ade7ad65	萧纲	娈童	梁	5	15	密爱似前车	入去上平平	ZZZPP	入/去/上/平/平
7b587933f90b57c904b926f8ade7ad65	萧纲	娈童	梁	5	16	足使燕姬妒	入??平去	ZZ?PZ	去入/上去/平去/平/去
7b587933f90b57c904b926f8ade7ad65	萧纲	娈童	梁	5	17	弥令郑女嗟	平?去上平	??ZZP	平上/平去/去/上去/平
7b587933f90b57c961c04416482aa8ac	萧纲	夜望单飞雁诗	梁	7	0	天霜河白夜星稀	平平平入去平平	PPPZZPP	平/平/平/入/去/平/平
7b587933f90b57c961c04416482aa8ac	萧纲	夜望单飞雁诗	梁	7	1	一雁声嘶何处归	入去平平平?平	ZZPP?ZP	入/去/平/平/平上/上去/平
7b587933f90b57c961c04416482aa8ac	萧纲	夜望单飞雁诗	梁	7	2	早知半路应相失	上平去去??入	ZPZZ??Z	上/平/去/去/平去/平去/入
7b587933f90b57c961c04416482aa8ac	萧纲	夜望单飞雁诗	梁	7	3	不如从来本独飞	入平?平上入平	???PZZP	平上入/平去/平去/平/上/入/平
7b587933f90b57c94637f4bbbd859c17	萧纲	望月望	梁	5	0	今夜月光来	平去入平平	PZZ?P	平/去/入/平去/平
7b587933f90b57c94637f4bbbd859c17	萧纲	望月望	梁	5	1	正上相思台	??平平平	?Z??P	平去/上去/平去/平去/平
7b587933f90b57c94637f4bbbd859c17	萧纲	望月望	梁	5	2	可怜无远近	上平平??	ZPPZZ	上/平/平/上去/上去
7b587933f90b57c94637f4bbbd859c17	萧纲	望月望	梁	5	3	光照悉徘徊	平去入平平	?ZZPP	平去/去/入/平/平
7b587933f90b57c942fe621f824a5b9e	萧纲	从军行	梁	5	0	贰师惜善马	去平入上上	ZPZZZ	去/平/入/上/上
7b587933f90b57c942fe621f824a5b9e	萧纲	从军行	梁	5	1	楼兰贪汉财	平平平去平	PPPZP	平/平/平/去/平
7b587933f90b57c942fe621f824a5b9e	萧纲	从军行	梁	5	2	前年出右地	平平入?去	PPZZZ	平/平/去入/上去/去
7b587933f90b57c942fe621f824a5b9e	萧纲	从军行	梁	5	3	今岁讨轮台	平去上平平	PZZPP	平/去/上/平/平
7b587933f90b57c942fe621f824a5b9e	萧纲	从军行	梁	5	4	鱼云望旗聚	平平?平?	PP?PZ	平/平/平去/平/上去
7b587933f90b57c942fe621f824a5b9e	萧纲	从军行	梁	5	5	龙沙随阵开	平平平去平	P?PZP	平/平去/平/去/平
7b587933f90b57c942fe621f824a5b9e	萧纲	从军行	梁	5	6	冰城朝浴铁	平平平入入	PPPZZ	平/平/平/入/入
7b587933f90b57c942fe621f824a5b9e	萧纲	从军行	梁	5	7	地道夜衔枚	去上去平平	ZZZPP	去/上/去/平/平
7b587933f90b57c942fe621f824a5b9e	萧纲	从军行	梁	5	8	将军号令密	?平??入	?P??Z	平去/平/平去/平去/入
7b587933f90b57c942fe621f824a5b9e	萧纲	从军行	梁	5	9	天子玺书催	平上上平平	PZZPP	平/上/上/平/平
7b587933f90b57c942fe621f824a5b9e	萧纲	从军行	梁	5	10	何时反旧里	平平?去上	?P?ZZ	平上/平/平上/去/上
7b587933f90b57c942fe621f824a5b9e	萧纲	从军行	梁	5	11	遥见下机来	平去??平	PZZ?P	平/去/上去/平上/平
7b587933f90b57c942fe621f824a5b9e	萧纲	从军行	梁	7	12	云中亭障羽檄惊	平平平?上入平	P?P?ZZP	平/平去/平/平去/上去/入/平
7b587933f90b57c942fe621f824a5b9e	萧纲	从军行	梁	7	13	甘泉烽火通夜明	平平平上平去平	PPPZPZP	平/平/平/上/平/去/平
7b587933f90b57c942fe621f824a5b9e	萧纲	从军行	梁	7	14	贰师将军新筑营	去平?平平入平	ZP?PPZP	去/平/平去/平/平/入/平
7b587933f90b57c942fe621f824a5b9e	萧纲	从军行	梁	7	15	嫖姚校尉初出征	?平去?平入?	?PZZPZ?	平去/平/去/去入/平/去入/平上
7b587933f90b57c942fe621f824a5b9e	萧纲	从军行	梁	5	16	复有山西将	入上平平?	ZZPP?	去入/上/平/平/平去
7b587933f90b57c942fe621f824a5b9e	萧纲	从军行	梁	5	17	绝世爱雄名	入去去平平	ZZZPP	入/去/去/平/平
7b587933f90b57c942fe621f824a5b9e	萧纲	从军行	梁	5	18	三门应遁甲	平平??入	?P?ZZ	平去/平/平去/上去/入
7b587933f90b57c942fe621f824a5b9e	萧纲	从军行	梁	5	19	五垒学神兵	上?入平平	ZZZPP	上/上去/入/平/平
7b587933f90b57c942fe621f824a5b9e	萧纲	从军行	梁	5	20	白云随阵色	入平平去入	ZPPZZ	入/平/平/去/入
7b587933f90b57c942fe621f824a5b9e	萧纲	从军行	梁	5	21	苍山答鼓声	?平入?平	?PZ?P	平上/平/入//平
7b587933f90b57c942fe621f824a5b9e	萧纲	从军行	梁	5	22	逦迤观鹅翼	上??平入	Z??PZ	上//平去/平/入
7b587933f90b57c942fe621f824a5b9e	萧纲	从军行	梁	5	23	参差睹雁行	??上去?	??ZZ?	平去/平去/上/去/平去
7b587933f90b57c942fe621f824a5b9e	萧纲	从军行	梁	5	24	先平小月阵	?平上入去	?PZZZ	平去/平/上/入/去
7b587933f90b57c942fe621f824a5b9e	萧纲	从军行	梁	5	25	去灭大宛城	?入去?平	ZZZ?P	上去/入/去/平上/平
7b587933f90b57c942fe621f824a5b9e	萧纲	从军行	梁	5	26	善马还长乐	上上平??	ZZP?Z	上/上/平/平上去/去入
7b587933f90b57c942fe621f824a5b9e	萧纲	从军行	梁	5	27	黄金付水衡	平平去上平	PPZZP	平/平/去/上/平
7b587933f90b57c942fe621f824a5b9e	萧纲	从军行	梁	7	28	小妇赵人能鼓瑟	上上上平??入	ZZZP??Z	上/上/上/平/平上去//入
7b587933f90b57c942fe621f824a5b9e	萧纲	从军行	梁	7	29	侍婢初笄解郑声	去上平平?去平	ZZPPZZP	去/上/平/平/上去/去/平
7b587933f90b57c942fe621f824a5b9e	萧纲	从军行	梁	7	30	庭前柳絮飞已合	平平上去平上入	PPZZPZZ	平/平/上/去/平/上去/入
7b587933f90b57c942fe621f824a5b9e	萧纲	从军行	梁	7	31	必应红妆起见迎	入?平平上去?	Z?PPZZ?	入/平去/平/平/上/去/平去
7b587933f90b57c9936c59782d8cf103	萧纲	被幽述志诗	梁	5	0	恍忽烟霞散	平入平平?	PZ?PZ	平/入/平去/平/上去
7b587933f90b57c9936c59782d8cf103	萧纲	被幽述志诗	梁	5	1	飕飂松柏阴	平?平入平	P??ZP	平/平去/平去/入/平
7b587933f90b57c9936c59782d8cf103	萧纲	被幽述志诗	梁	5	2	幽山白杨古	平平入平上	PPZPZ	平/平/入/平/上
7b587933f90b57c9936c59782d8cf103	萧纲	被幽述志诗	梁	5	3	野路黄尘深	上去平平平	ZZPP?	上/去/平/平/平去
7b587933f90b57c9936c59782d8cf103	萧纲	被幽述志诗	梁	5	4	终无千月命	平平平入去	PPPZZ	平/平/平/入/去
7b587933f90b57c9936c59782d8cf103	萧纲	被幽述志诗	梁	5	5	安用九丹金	平去上平平	PZZPP	平/去/上/平/平
7b587933f90b57c9936c59782d8cf103	萧纲	被幽述志诗	梁	5	6	阙里长芜没	入上?平入	ZZ?PZ	入/上/平上去/平/入
7b587933f90b57c9936c59782d8cf103	萧纲	被幽述志诗	梁	5	7	苍天空照心	?平?去平	?P?ZP	平上/平/平去/去/平
7b587933f90b57c97ae95499f56730f9	萧纲	陇西行三首	梁	5	0	边秋胡马肥	平平平上平	PPPZP	平/平/平/上/平
7b587933f90b57c97ae95499f56730f9	萧纲	陇西行三首	梁	5	1	云中惊寇入	平平平去入	P?PZZ	平/平去/平/去/入
7b587933f90b57c97ae95499f56730f9	萧纲	陇西行三首	梁	5	2	勇气特无侣	上去入平上	ZZZPZ	上/去/入/平/上
7b587933f90b57c97ae95499f56730f9	萧纲	陇西行三首	梁	5	3	轻兵救边急	?平去平入	?PZPZ	平去/平/去/平/入
7b587933f90b57c97ae95499f56730f9	萧纲	陇西行三首	梁	5	4	沙平不见虏	平平入去上	?P?ZZ	平去/平/平上入/去/上
7b587933f90b57c97ae95499f56730f9	萧纲	陇西行三首	梁	5	5	嶂崄还相及	去上平?入	ZZP?Z	去/上/平/平去/入
7b587933f90b57c97ae95499f56730f9	萧纲	陇西行三首	梁	5	6	出塞岂成歌	入?上平平	ZZZPP	去入/去入/上/平/平
7b587933f90b57c97ae95499f56730f9	萧纲	陇西行三首	梁	5	7	经川未遑汲	?平去平入	?PZPZ	平去/平/去/平/入
7b587933f90b57c97ae95499f56730f9	萧纲	陇西行三首	梁	5	8	乌孙涂更阻	平平平??	PPP?Z	平/平/平/平去/上去
7b587933f90b57c97ae95499f56730f9	萧纲	陇西行三首	梁	5	9	康居路犹涩	平平去平入	PPZ?Z	平/平/去/平去/入
7b587933f90b57c97ae95499f56730f9	萧纲	陇西行三首	梁	5	10	月晕抱龙城	入去上平平	ZZZPP	入/去/上/平/平
7b587933f90b57c97ae95499f56730f9	萧纲	陇西行三首	梁	5	11	星流照马邑	平平去上入	PPZZZ	平/平/去/上/入
7b587933f90b57c97ae95499f56730f9	萧纲	陇西行三首	梁	7	12	长安路远书不还	平平去?平入平	?PZZP?P	平上去/平/去/上去/平/平上入/平
7b587933f90b57c97ae95499f56730f9	萧纲	陇西行三首	梁	7	13	宁知征人独伫立	?平平平入上入	?P?PZZZ	平上去/平/平上/平/入/上/入
7b587933f90b57c97ae95499f56730f9	萧纲	陇西行三首	梁	5	14	陇西四战地	上平去去去	ZPZZZ	上/平/去/去/去
7b587933f90b57c97ae95499f56730f9	萧纲	陇西行三首	梁	5	15	羽檄岁时闻	上入去平平	ZZZP?	上去/入/去/平/平去
7b587933f90b57c97ae95499f56730f9	萧纲	陇西行三首	梁	5	16	护羌拥汉节	去平上去入	ZPZZZ	去/平/上/去/入
7b587933f90b57c97ae95499f56730f9	萧纲	陇西行三首	梁	5	17	校尉立元勋	去?入平平	ZZZPP	去/去入/入/平/平
7b587933f90b57c97ae95499f56730f9	萧纲	陇西行三首	梁	5	18	石门留铁骑	入平?入?	ZP?Z?	入/平/平去/入/平去
7b587933f90b57c97ae95499f56730f9	萧纲	陇西行三首	梁	5	19	冰城息夜军	平平入去平	PPZZP	平/平/入/去/平
7b587933f90b57c97ae95499f56730f9	萧纲	陇西行三首	梁	5	20	洗兵逢骤雨	上平平去?	ZPPZZ	上/平/平/去/上去
7b587933f90b57c97ae95499f56730f9	萧纲	陇西行三首	梁	5	21	送阵出黄云	去去入平平	ZZZPP	去/去/去入/平/平
7b587933f90b57c97ae95499f56730f9	萧纲	陇西行三首	梁	5	22	沙长无止泊	平?平上入	??PZZ	平去/平上去/平/上/入
7b587933f90b57c97ae95499f56730f9	萧纲	陇西行三首	梁	5	23	水脉屡萦分	上入去平?	ZZZP?	上/入/去/平/平去
7b587933f90b57c97ae95499f56730f9	萧纲	陇西行三首	梁	5	24	当思勒彝鼎	??入平上	??ZPZ	平去/平去/入/平/上
7b587933f90b57c97ae95499f56730f9	萧纲	陇西行三首	梁	5	25	无用想罗裙	平去上平?	PZZP?	平/去/上/平/
7b587933f90b57c97ae95499f56730f9	萧纲	陇西行三首	梁	5	26	悠悠悬旆旌	平平平去平	PPPZP	平/平/平/去/平
7b587933f90b57c97ae95499f56730f9	萧纲	陇西行三首	梁	5	27	知向陇西行	平?上平?	PZZP?	平/上去/上/平/平去
7b587933f90b57c97ae95499f56730f9	萧纲	陇西行三首	梁	5	28	减竈驱前马	上去?平上	ZZ?PZ	上/去/平去/平/上
7b587933f90b57c97ae95499f56730f9	萧纲	陇西行三首	梁	5	29	衔枚进后兵	平平去?平	PPZZP	平/平/去/上去/平
7b587933f90b57c97ae95499f56730f9	萧纲	陇西行三首	梁	5	30	沙飞朝似幕	平平平上入	?PPZZ	平去/平/平/上/入
7b587933f90b57c97ae95499f56730f9	萧纲	陇西行三首	梁	5	31	云起夜疑城	平上去平平	PZZPP	平/上/去/平/平
7b587933f90b57c97ae95499f56730f9	萧纲	陇西行三首	梁	5	32	回山时阻路	平平平?去	?PPZZ	平去/平/平/上去/去
7b587933f90b57c97ae95499f56730f9	萧纲	陇西行三首	梁	5	33	绝水亟稽程	入上??平	ZZZ?P	入/上/去入/平上/平
7b587933f90b57c97ae95499f56730f9	萧纲	陇西行三首	梁	5	34	往年郅支服	上平入平入	ZPZPZ	上/平/入/平/入
7b587933f90b57c97ae95499f56730f9	萧纲	陇西行三首	梁	5	35	今岁单于平	平去?平平	PZ?PP	平/去/平上去/平/平
7b587933f90b57c97ae95499f56730f9	萧纲	陇西行三首	梁	5	36	方欢凯乐盛	平平上??	PPZZ?	平/平/上/去入/平去
7b587933f90b57c97ae95499f56730f9	萧纲	陇西行三首	梁	5	37	飞盖满西京	平?上平平	PZZPP	平/去入/上/平/平
7b587933f95faa16918f1d47d8fa6f6b	鲍照	拟行路难（其四）	宋	5	0	泻水置平地	?上去平去	ZZZPZ	上去/上/去/平/去
7b587933f95faa16918f1d47d8fa6f6b	鲍照	拟行路难（其四）	宋	7	1	各自东西南北流	入去平平平入平	ZZPPPZP	入/去/平/平/平/入/平
7b587933f95faa16918f1d47d8fa6f6b	鲍照	拟行路难（其四）	宋	5	2	人生亦有命	平平入上去	P?ZZZ	平/平去/入/上/去
7b587933f95faa16918f1d47d8fa6f6b	鲍照	拟行路难（其四）	宋	7	3	安能行叹复坐愁	平平?去入上平	P???ZZP	平/平上去/平去/平去/去入/上去/平
7b587933f95faa16918f1d47d8fa6f6b	鲍照	拟行路难（其四）	宋	5	4	酌酒以自宽	入上上去平	ZZZZP	入/上/上/去/平
7b587933f95faa16918f1d47d8fa6f6b	鲍照	拟行路难（其四）	宋	7	5	举杯断绝歌路难	上平?入平去平	ZPZZPZ?	上/平/上去/入/平/去/平去
7b587933f95faa16918f1d47d8fa6f6b	鲍照	拟行路难（其四）	宋	7	6	心非木石岂无感	平平入入上平上	PPZZZPZ	平/平/入/入/上/平/上
7b587933f95faa16918f1d47d8fa6f6b	鲍照	拟行路难（其四）	宋	7	7	吞声踯躅不敢言	平平入入入上平	PPZZ?ZP	平/平/入/入/平上入/上/平
7b587933f95faa161bdfd60ca7cf5036	鲍照	拟行路难（其十四）	宋	7	0	白首流离不得还	入?平?入入平	ZZP??ZP	入/上去/平/平去/平上入/入/平
7b587933f95faa161bdfd60ca7cf5036	鲍照	拟行路难（其十四）	宋	7	1	故乡窅窅日夜隔	去平??入去入	ZP??ZZZ	去/平/平上/平上/入/去/入
7b587933f95faa161bdfd60ca7cf5036	鲍照	拟行路难（其十四）	宋	7	2	音尘断绝阻河关	平平?入?平平	PPZZZPP	平/平/上去/入/上去/平/平
7b587933f95faa161bdfd60ca7cf5036	鲍照	拟行路难（其十四）	宋	7	3	朔风萧条白云飞	入平平平入平平	Z?PPZPP	入/平去/平/平/入/平/平
7b587933f95faa161bdfd60ca7cf5036	鲍照	拟行路难（其十四）	宋	7	4	胡笳哀急边气寒	平平平入平去平	PPPZPZP	平/平/平/入/平/去/平
7b587933f95faa161bdfd60ca7cf5036	鲍照	拟行路难（其十四）	宋	7	5	听此愁人兮奈何	?上平平平去平	?ZPPPZ?	平上去/上/平/平/平/去/平上
7b587933f95faa161bdfd60ca7cf5036	鲍照	拟行路难（其十四）	宋	7	6	登山远望得留颜	平平??入?平	PPZ?Z?P	平/平/上去/平去/入/平去/平
7b587933f95faa161bdfd60ca7cf5036	鲍照	拟行路难（其十四）	宋	5	7	将死胡马迹	?上平上入	?ZPZZ	平去/上/平/上/入
7b587933f95faa161bdfd60ca7cf5036	鲍照	拟行路难（其十四）	宋	5	8	能见妻子难	?去?上平	?Z?Z?	平上去/去/平去/上/平去
7b587933f95faa161bdfd60ca7cf5036	鲍照	拟行路难（其十四）	宋	7	9	绵忧摧抑起长叹	平平平入上?去	P?PZZ??	平/平去/平/入/上/平上去/平去
7b587933f95faa16d8a40b4e91e48a17	鲍照	拟行路难（其六）	宋	5	0	对案不能食	去去入平?	ZZ??Z	去/去/平上入/平上去/去入
7b587933f95faa16d8a40b4e91e48a17	鲍照	拟行路难（其六）	宋	7	1	拔剑击柱长叹息	入?入上?去入	Z?ZZ??Z	入//入/上/平上去/平去/入
7b587933f95faa16d8a40b4e91e48a17	鲍照	拟行路难（其六）	宋	7	2	丈夫生世会几时	上平平去去?平	ZP?ZZ?P	上/平/平去/去/去/平上去/平
7b587933f95faa16d8a40b4e91e48a17	鲍照	拟行路难（其六）	宋	7	3	安能蹀躞垂羽翼	平?入入平上入	P?ZZPZZ	平/平上去/入/入/平/上去/入
7b587933f95faa16d8a40b4e91e48a17	鲍照	拟行路难（其六）	宋	5	4	弃置罢官去	去去?平?	ZZ?PZ	去/去/平上/平/上去
7b587933f95faa16d8a40b4e91e48a17	鲍照	拟行路难（其六）	宋	5	5	还家自休息	平平去平入	PPZPZ	平/平/去/平/入
7b587933f95faa16d8a40b4e91e48a17	鲍照	拟行路难（其六）	宋	5	6	朝出与亲辞	平入??平	PZ??P	平/去入/平上去/平去/平
7b587933f95faa16d8a40b4e91e48a17	鲍照	拟行路难（其六）	宋	5	7	暮还在亲侧	去平??入	ZPZ?Z	去/平/上去/平去/入
7b587933f95faa16d8a40b4e91e48a17	鲍照	拟行路难（其六）	宋	5	8	弄儿床前戏	去平平平?	ZPPP?	去/平/平/平/平去
7b587933f95faa16d8a40b4e91e48a17	鲍照	拟行路难（其六）	宋	5	9	看妇机中织	?上???	?Z??Z	平去/上/平上/平去/去入
7b587933f95faa16d8a40b4e91e48a17	鲍照	拟行路难（其六）	宋	7	10	自古圣贤尽贫贱	去上?平上平去	ZZZPZPZ	去/上/去入/平/上/平/去
7b587933f95faa16d8a40b4e91e48a17	鲍照	拟行路难（其六）	宋	7	11	何况我辈孤且直	平去上去平?入	?ZZZP?Z	平上/去/上/去/平/平上/入
7b587933f95faa16447479832a30ef0e	鲍照	梅花落	宋	5	0	中庭多杂树	?平平入?	?PPZZ	平去/平/平/入/上去
7b587933f95faa16447479832a30ef0e	鲍照	梅花落	宋	5	1	偏为梅咨嗟	??平平平	??PPP	平去/平去/平/平/平
7b587933f95faa16447479832a30ef0e	鲍照	梅花落	宋	5	2	问君何独然	去平平入平	ZP?ZP	去/平/平上/入/平
7b587933f95faa16447479832a30ef0e	鲍照	梅花落	宋	7	3	念其霜中能作花	去平平??入平	ZPP??ZP	去/平/平/平去/平上去/去入/平
7b587933f95faa16447479832a30ef0e	鲍照	梅花落	宋	5	4	露中能作实	去??入入	Z??ZZ	去/平去/平上去/去入/入
7b587933f95faa16447479832a30ef0e	鲍照	梅花落	宋	7	5	摇荡春风媚春日	??平平去平入	??P?ZPZ	平去/平上去/平/平去/去/平/入
7b587933f95faa16447479832a30ef0e	鲍照	梅花落	宋	7	6	念尔零落逐风飚	去上?入入平?	ZZ?ZZ??	去/上/平去/入/入/平去/
7b587933f95faa16447479832a30ef0e	鲍照	梅花落	宋	7	7	徒有霜华无霜质	平上平?平平?	PZP?PPZ	平/上/平/平去/平/平/去入
7b587933f95faa163eabd097dd50d501	鲍照	代出自蓟北门行	宋	5	0	羽檄起边亭	上入上平平	ZZZPP	上去/入/上/平/平
7b587933f95faa163eabd097dd50d501	鲍照	代出自蓟北门行	宋	5	1	烽火入咸阳	平上入平平	PZZPP	平/上/入/平/平
7b587933f95faa163eabd097dd50d501	鲍照	代出自蓟北门行	宋	5	2	徵师屯广武	?平平上上	?PPZZ	平上/平/平/上/上
7b587933f95faa163eabd097dd50d501	鲍照	代出自蓟北门行	宋	5	3	分兵救朔方	?平去入平	?PZZP	平去/平/去/入/平
7b587933f95faa163eabd097dd50d501	鲍照	代出自蓟北门行	宋	5	4	严秋筋竿劲	平平平平去	PPPPZ	平/平/平/平/去
7b587933f95faa163eabd097dd50d501	鲍照	代出自蓟北门行	宋	5	5	虏阵精且强	上去??平	ZZ??P	上/去/平去/平上/平
7b587933f95faa163eabd097dd50d501	鲍照	代出自蓟北门行	宋	5	6	天子按剑怒	平上去??	PZZ?Z	平/上/去//上去
7b587933f95faa163eabd097dd50d501	鲍照	代出自蓟北门行	宋	5	7	使者遥相望	?上平平?	ZZP??	上去/上/平/平去/平去
7b587933f95faa163eabd097dd50d501	鲍照	代出自蓟北门行	宋	5	8	雁行缘石径	去??入去	Z??ZZ	去/平去/平去/入/去
7b587933f95faa163eabd097dd50d501	鲍照	代出自蓟北门行	宋	5	9	鱼贯度飞梁	平??平平	P?ZPP	平/平去/去入/平/平
7b587933f95faa163eabd097dd50d501	鲍照	代出自蓟北门行	宋	5	10	箫鼓流汉思	平?平去?	P?PZ?	平//平/去/平去
7b587933f95faa163eabd097dd50d501	鲍照	代出自蓟北门行	宋	5	11	旌甲被胡霜	平入?平平	PZZPP	平/入/上去/平/平
7b587933f95faa163eabd097dd50d501	鲍照	代出自蓟北门行	宋	5	12	疾风冲塞起	入平平?上	Z?PZZ	入/平去/平/去入/上
7b587933f95faa163eabd097dd50d501	鲍照	代出自蓟北门行	宋	5	13	沙砾自飘扬	平入去平平	?ZZPP	平去/入/去/平/平
7b587933f95faa163eabd097dd50d501	鲍照	代出自蓟北门行	宋	5	14	马毛缩如猬	上?入平去	Z?Z?Z	上/平去/入/平去/去
7b587933f95faa163eabd097dd50d501	鲍照	代出自蓟北门行	宋	5	15	角弓不可张	入平入上?	ZP?Z?	入/平/平上入/上/平去
7b587933f95faa163eabd097dd50d501	鲍照	代出自蓟北门行	宋	5	16	时危见臣节	平平去平入	PPZPZ	平/平/去/平/入
7b587933f95faa163eabd097dd50d501	鲍照	代出自蓟北门行	宋	5	17	世乱识忠良	去去?平平	ZZZPP	去/去/去入/平/平
7b587933f95faa163eabd097dd50d501	鲍照	代出自蓟北门行	宋	5	18	投躯报明主	平平去平上	PPZPZ	平/平/去/平/上
7b587933f95faa163eabd097dd50d501	鲍照	代出自蓟北门行	宋	5	19	身死为国殇	平上?入平	PZ?ZP	平/上/平去/入/平
7b587933f95faa16fe708bfd2d56561b	鲍照	玩月城西门廨中	宋	5	0	始出西南楼	上入平平平	ZZPPP	上/去入/平/平/平
7b587933f95faa16fe708bfd2d56561b	鲍照	玩月城西门廨中	宋	5	1	纤纤如玉钩	平平平入平	PP?ZP	平/平/平去/入/平
7b587933f95faa16fe708bfd2d56561b	鲍照	玩月城西门廨中	宋	5	2	末映东北墀	入去平入平	ZZPZP	入/上去/平/入/平
7b587933f95faa16fe708bfd2d56561b	鲍照	玩月城西门廨中	宋	5	3	娟娟似蛾眉	平平上?平	PPZ?P	平/平/上/平上/平
7b587933f95faa16fe708bfd2d56561b	鲍照	玩月城西门廨中	宋	5	4	蛾眉蔽珠栊	?平去平平	?PZPP	平上/平/去/平/平
7b587933f95faa16fe708bfd2d56561b	鲍照	玩月城西门廨中	宋	5	5	玉钩隔琐窗	入平入上?	ZPZZ?	入/平/入/上/
7b587933f95faa16fe708bfd2d56561b	鲍照	玩月城西门廨中	宋	5	6	三五二八时	平上去入平	?ZZZP	平去/上/去/入/平
7b587933f95faa16fe708bfd2d56561b	鲍照	玩月城西门廨中	宋	5	7	千里与君同	平上?平?	PZ?P?	平/上/平上去/平/平去
7b587933f95faa16fe708bfd2d56561b	鲍照	玩月城西门廨中	宋	5	8	夜移衡汉落	去平平去入	ZPPZZ	去/平/平/去/入
7b587933f95faa16fe708bfd2d56561b	鲍照	玩月城西门廨中	宋	5	9	徘徊帷户中	平平平上?	PPPZ?	平/平/平/上/平去
7b587933f95faa16fe708bfd2d56561b	鲍照	玩月城西门廨中	宋	5	10	归华先委露	平???去	P???Z	平/平去/平去/平上/去
7b587933f95faa16fe708bfd2d56561b	鲍照	玩月城西门廨中	宋	5	11	别叶早辞风	入入上平平	ZZZP?	去入/入/上/平/平去
7b587933f95faa16fe708bfd2d56561b	鲍照	玩月城西门廨中	宋	5	12	客游厌苦辛	入平?上平	ZPZZP	入/平/上去入/上去/平
7b587933f95faa16fe708bfd2d56561b	鲍照	玩月城西门廨中	宋	5	13	仕子倦飘尘	上上去平平	ZZZPP	上/上/去/平/平
7b587933f95faa16fe708bfd2d56561b	鲍照	玩月城西门廨中	宋	5	14	休浣自公日	平上去平入	PZZPZ	平/上/去/平/入
7b587933f95faa16fe708bfd2d56561b	鲍照	玩月城西门廨中	宋	5	15	宴慰及私辰	?去入平平	ZZZPP	上去/去/入/平/平
7b587933f95faa16fe708bfd2d56561b	鲍照	玩月城西门廨中	宋	5	16	蜀琴抽白雪	入平平入入	ZPPZZ	入/平/平/入/入
7b587933f95faa16fe708bfd2d56561b	鲍照	玩月城西门廨中	宋	5	17	郢曲发阳春	上入入平平	ZZZPP	上/入/入/平/平
7b587933f95faa16fe708bfd2d56561b	鲍照	玩月城西门廨中	宋	5	18	肴乾酒未阕	平平上去入	PPZZZ	平/平/上/去/入
7b587933f95faa16fe708bfd2d56561b	鲍照	玩月城西门廨中	宋	5	19	金壶启夕沦	平平上入平	PPZZP	平/平/上/入/平
7b587933f95faa16fe708bfd2d56561b	鲍照	玩月城西门廨中	宋	5	20	回轩驻轻盖	平平去??	?PZ?Z	平去/平/去/平去/去入
7b587933f95faa16fe708bfd2d56561b	鲍照	玩月城西门廨中	宋	5	21	留酌待情人	?入上平平	?ZZPP	平去/入/上/平/平
7b587933f95faa16f9130ab019b7694f	鲍照	代白头吟	宋	5	0	直如朱丝绳	入平平平平	Z?PPP	入/平去/平/平/平
7b587933f95faa16f9130ab019b7694f	鲍照	代白头吟	宋	5	1	清如玉壶冰	平平入平平	P?ZPP	平/平去/入/平/平
7b587933f95faa16f9130ab019b7694f	鲍照	代白头吟	宋	5	2	何惭宿昔意	平平?入去	?PZZZ	平上/平/去入/入/去
7b587933f95faa16f9130ab019b7694f	鲍照	代白头吟	宋	5	3	猜恨坐相仍	平去上?平	PZZ?P	平/去/上去/平去/平
7b587933f95faa16f9130ab019b7694f	鲍照	代白头吟	宋	5	4	人情贱恩旧	平平去平去	PPZPZ	平/平/去/平/去
7b587933f95faa16f9130ab019b7694f	鲍照	代白头吟	宋	5	5	世义逐衰兴	去去入平?	ZZZP?	去/去/入/平/平去
7b587933f95faa16f9130ab019b7694f	鲍照	代白头吟	宋	5	6	毫发一为瑕	平入入?平	PZZ?P	平/入/入/平去/平
7b587933f95faa16f9130ab019b7694f	鲍照	代白头吟	宋	5	7	丘山不可胜	平平入上?	PP?Z?	平/平/平上入/上/平去
7b587933f95faa16f9130ab019b7694f	鲍照	代白头吟	宋	5	8	食苗实硕鼠	?平入入上	ZPZZZ	去入/平/入/入/上
7b587933f95faa16f9130ab019b7694f	鲍照	代白头吟	宋	5	9	点白信苍蝇	上入去?平	ZZZ?P	上/入/去/平上/平
7b587933f95faa16f9130ab019b7694f	鲍照	代白头吟	宋	5	10	凫鹄远成美	平入?平上	PZZPZ	平/入/上去/平/上
7b587933f95faa16f9130ab019b7694f	鲍照	代白头吟	宋	5	11	薪刍前见凌	平平平去平	PPPZP	平/平/平/去/平
7b587933f95faa16f9130ab019b7694f	鲍照	代白头吟	宋	5	12	申黜褒女进	平入平上去	PZPZZ	平/入/平/上去/去
7b587933f95faa16f9130ab019b7694f	鲍照	代白头吟	宋	5	13	班去赵姬升	平?上平平	PZZPP	平/上去/上/平/平
7b587933f95faa16f9130ab019b7694f	鲍照	代白头吟	宋	5	14	周王日沦惑	平平入平入	P?ZPZ	平/平去/入/平/入
7b587933f95faa16f9130ab019b7694f	鲍照	代白头吟	宋	5	15	汉帝益嗟称	去去入平?	ZZZP?	去/去/入/平/平去
7b587933f95faa16f9130ab019b7694f	鲍照	代白头吟	宋	5	16	心赏犹难恃	平上平平上	PZ??Z	平/上/平去/平去/上
7b587933f95faa16f9130ab019b7694f	鲍照	代白头吟	宋	5	17	貌恭岂易凭	去平上??	ZPZZ?	去/平/上/去入/平去
7b587933f95faa16f9130ab019b7694f	鲍照	代白头吟	宋	5	18	古来共如此	上平?平上	ZP??Z	上/平/平去/平去/上
7b587933f95faa16f9130ab019b7694f	鲍照	代白头吟	宋	5	19	非君独抚膺	平平入上平	PPZZP	平/平/入/上/平
7b587933f95faa1666ac11515847a100	鲍照	代朗月行	宋	5	0	朗月出东山	上入入平平	ZZZPP	上/入/去入/平/平
7b587933f95faa1666ac11515847a100	鲍照	代朗月行	宋	5	1	照我绮窗前	去上上?平	ZZZ?P	去/上/上//平
7b587933f95faa1666ac11515847a100	鲍照	代朗月行	宋	5	2	窗中多佳人	??平平平	??PPP	/平去/平/平/平
7b587933f95faa1666ac11515847a100	鲍照	代朗月行	宋	5	3	被服妖且妍	?入平?平	ZZP?P	上去/入/平/平上/平
7b587933f95faa1666ac11515847a100	鲍照	代朗月行	宋	5	4	靓妆坐帐里	去平上去上	ZPZZZ	去/平/上去/去/上
7b587933f95faa1666ac11515847a100	鲍照	代朗月行	宋	5	5	当户弄清弦	?上去平平	?ZZP?	平去/上/去/平/平去
7b587933f95faa1666ac11515847a100	鲍照	代朗月行	宋	5	6	鬓夺卫女迅	去入去上去	ZZZZZ	去/入/去/上去/去
7b587933f95faa1666ac11515847a100	鲍照	代朗月行	宋	5	7	体绝飞燕先	上入平??	ZZP??	上/入/平/平去/平去
7b587933f95faa1666ac11515847a100	鲍照	代朗月行	宋	5	8	为君歌一曲	?平平入入	?PPZZ	平去/平/平/入/入
7b587933f95faa1666ac11515847a100	鲍照	代朗月行	宋	5	9	当作朗月篇	?入上入平	?ZZZP	平去/去入/上/入/平
7b587933f95faa1666ac11515847a100	鲍照	代朗月行	宋	5	10	酒至颜自解	上去平去?	ZZPZZ	上/去/平/去/上去
7b587933f95faa1666ac11515847a100	鲍照	代朗月行	宋	5	11	声和心亦宣	平?平入平	P?PZP	平/平去/平/入/平
7b587933f95faa1666ac11515847a100	鲍照	代朗月行	宋	5	12	千金何足重	平平平入?	PP?Z?	平/平/平上/去入/平上去
7b587933f95faa1666ac11515847a100	鲍照	代朗月行	宋	5	13	所存意气间	上平去去平	ZPZZ?	上/平/去/去/
7b587933f95faa168dfe372fbffd1a16	鲍照	拟行路难（其一）	宋	7	0	奉君金巵之美酒	上平平平平上上	ZPPPPZZ	上/平/平/平/平/上/上
7b587933f95faa168dfe372fbffd1a16	鲍照	拟行路难（其一）	宋	7	1	玳瑁玉匣之雕琴	??入入平平平	?ZZZPPP	/去入/入/入/平/平/平
7b587933f95faa168dfe372fbffd1a16	鲍照	拟行路难（其一）	宋	7	2	七彩芙蓉之羽帐	入上平平平上去	ZZPPPZZ	入/上/平/平/平/上去/去
7b587933f95faa168dfe372fbffd1a16	鲍照	拟行路难（其一）	宋	7	3	九华蒲萄之锦衾	上?平平平上平	Z?PPPZP	上/平去/平/平/平/上/平
7b587933f95faa168dfe372fbffd1a16	鲍照	拟行路难（其一）	宋	7	4	红颜零落岁将暮	平平?入去?去	PP?ZZ?Z	平/平/平去/入/去/平去/去
7b587933f95faa168dfe372fbffd1a16	鲍照	拟行路难（其一）	宋	7	5	寒光宛转时欲沉	平平??平入平	P??ZPZP	平/平去/平上/上去/平/入/平
7b587933f95faa168dfe372fbffd1a16	鲍照	拟行路难（其一）	宋	7	6	愿君裁悲且减思	去平?平?上?	ZP?P?Z?	去/平/平去/平/平上/上/平去
7b587933f95faa168dfe372fbffd1a16	鲍照	拟行路难（其一）	宋	7	7	听我抵节行路吟	?上上入?去?	?ZZZ?Z?	平上去/上/上/入/平去/去/平去
7b587933f95faa168dfe372fbffd1a16	鲍照	拟行路难（其一）	宋	7	8	不见柏梁铜雀上	入去入平平入?	?ZZPPZZ	平上入/去/入/平/平/入/上去
7b587933f95faa168dfe372fbffd1a16	鲍照	拟行路难（其一）	宋	7	9	宁闻古时清吹音	??上平平?平	??ZPP?P	平上去/平去/上/平/平/平去/平
7b587933f95faa16952eeec9cc83a93e	鲍照	代白纻曲二首	宋	7	0	洛阳少童邯郸女	入平?平平平上	ZPZPPPZ	入/平/上去/平/平/平/上去
7b587933f95faa16952eeec9cc83a93e	鲍照	代白纻曲二首	宋	7	1	古称渌水今白纻	上?入上平入上	Z?ZZPZZ	上/平去/入/上/平/入/上
7b587933f95faa16952eeec9cc83a93e	鲍照	代白纻曲二首	宋	7	2	催弦急管为君舞	平平入上?平上	P?ZZ?PZ	平/平去/入/上/平去/平/上
7b587933f95faa16952eeec9cc83a93e	鲍照	代白纻曲二首	宋	7	3	穷秋九月荷叶黄	平平上入?入平	PPZZ?ZP	平/平/上/入/平上/入/平
7b587933f95faa16952eeec9cc83a93e	鲍照	代白纻曲二首	宋	7	4	北风驱雁天雨霜	入平?去平?平	Z??ZPZP	入/平去/平去/去/平/上去/平
7b587933f95faa16952eeec9cc83a93e	鲍照	代白纻曲二首	宋	7	5	夜长酒多乐未央	去?上平?去平	Z?ZPZZP	去/平上去/上/平/去入/去/平
7b587933f95faa16952eeec9cc83a93e	鲍照	代白纻曲二首	宋	7	6	春风澹荡侠思多	平平??入?平	P???Z?P	平/平去/平上去/平上去/入/平去/平
7b587933f95faa16952eeec9cc83a93e	鲍照	代白纻曲二首	宋	7	7	天色净绿气妍和	平入去入去平?	PZZZZP?	平/入/去/入/去/平/平去
7b587933f95faa16952eeec9cc83a93e	鲍照	代白纻曲二首	宋	7	8	桃含红萼兰紫芽	平平平入平上平	PPPZPZP	平/平/平/入/平/上/平
7b587933f95faa16952eeec9cc83a93e	鲍照	代白纻曲二首	宋	7	9	朝日灼烁发园华	平入入入入平?	PZZZZP?	平/入/入/入/入/平/平去
7b587933f95faa16952eeec9cc83a93e	鲍照	代白纻曲二首	宋	7	10	卷幌结帷罗玉筵	?上入平平入平	?ZZPPZP	平上去/上/入/平/平/入/平
7b587933f95faa16952eeec9cc83a93e	鲍照	代白纻曲二首	宋	7	11	齐讴秦吹卢女弦	?平平?平上平	?PP?PZ?	平去/平/平/平去/平/上去/平去
7b587933f95faa16952eeec9cc83a93e	鲍照	代白纻曲二首	宋	7	12	千金顾笑买芳年	平平去去上平平	PPZZZPP	平/平/去/去/上/平/平
7b587933f95faa16f4b6f829d881e35d	鲍照	代夜坐吟	宋	7	0	冬夜沈沈夜坐吟	平去??去上?	PZ??ZZ?	平/去/平上去/平上去/去/上去/平去
7b587933f95faa16f4b6f829d881e35d	鲍照	代夜坐吟	宋	7	1	含声未发已知心	平平去入上平平	PPZZZPP	平/平/去/入/上去/平/平
7b587933f95faa165c46c2b3f2ca9dcf	鲍照	代别鹤操	宋	5	0	双鹤俱起时	平入平上平	PZPZP	平/入/平/上/平
7b587933f95faa165c46c2b3f2ca9dcf	鲍照	代别鹤操	宋	5	1	徘徊沧海间	平平平上平	PPPZ?	平/平/平/上/
7b587933f95faa165c46c2b3f2ca9dcf	鲍照	代别鹤操	宋	5	2	长弄若天汉	?去?平去	?Z?PZ	平上去/去/平上入/平/去
7b587933f95faa165c46c2b3f2ca9dcf	鲍照	代别鹤操	宋	5	3	轻躯似云悬	?平上平平	?PZPP	平去/平/上/平/平
7b587933f95faa165c46c2b3f2ca9dcf	鲍照	代别鹤操	宋	5	4	幽客时结侣	平入平入上	PZPZZ	平/入/平/入/上
7b587933f95faa165c46c2b3f2ca9dcf	鲍照	代别鹤操	宋	5	5	提携游三山	平平平平平	PPP?P	平/平/平/平去/平
7b587933f95faa165c46c2b3f2ca9dcf	鲍照	代别鹤操	宋	5	6	青缴凌瑶台	平?平平平	PZPPP	平/上入/平/平/平
7b587933f95faa165c46c2b3f2ca9dcf	鲍照	代别鹤操	宋	5	7	丹罗笼紫烟	平平?上平	PP?Z?	平/平/平上/上/平去
7b587933f95faa165c46c2b3f2ca9dcf	鲍照	代别鹤操	宋	5	8	海上悲风急	上?平平入	ZZP?Z	上/上去/平/平去/入
7b587933f95faa165c46c2b3f2ca9dcf	鲍照	代别鹤操	宋	5	9	三山多云雾	平平平平去	?PPPZ	平去/平/平/平/去
7b587933f95faa165c46c2b3f2ca9dcf	鲍照	代别鹤操	宋	5	10	散乱一相失	?去入?入	ZZZ?Z	上去/去/入/平去/入
7b587933f95faa165c46c2b3f2ca9dcf	鲍照	代别鹤操	宋	5	11	惊孤不得住	平平入入去	PP?ZZ	平/平/平上入/入/去
7b587933f95faa165c46c2b3f2ca9dcf	鲍照	代别鹤操	宋	5	12	缅然日月驰	上平入入平	ZPZZP	上/平/入/入/平
7b587933f95faa165c46c2b3f2ca9dcf	鲍照	代别鹤操	宋	5	13	远矣绝音仪	?上入平平	ZZZPP	上去/上/入/平/平
7b587933f95faa165c46c2b3f2ca9dcf	鲍照	代别鹤操	宋	5	14	有愿而不遂	上去平入去	ZZP?Z	上/去/平/平上入/去
7b587933f95faa165c46c2b3f2ca9dcf	鲍照	代别鹤操	宋	5	15	无怨以生离	平?上平?	P?Z??	平/平去/上/平去/平去
7b587933f95faa165c46c2b3f2ca9dcf	鲍照	代别鹤操	宋	5	16	鹿鸣在深草	入平?平上	ZPZ?Z	入/平/上去/平去/上
7b587933f95faa165c46c2b3f2ca9dcf	鲍照	代别鹤操	宋	5	17	蝉鸣隐高枝	平平上平平	PPZPP	平/平/上去/平/平
7b587933f95faa165c46c2b3f2ca9dcf	鲍照	代别鹤操	宋	5	18	心自有所存	平去上上平	PZZZP	平/去/上/上/平
7b587933f95faa165c46c2b3f2ca9dcf	鲍照	代别鹤操	宋	5	19	旁人那得知	平平?入平	PP?ZP	平/平/平上去/入/平
7b587933f95faa16d06379742b36830c	鲍照	拟古诗八首	宋	5	0	鲁客事楚王	上入去上平	ZZZZ?	上/入/去/上去/平去
7b587933f95faa16d06379742b36830c	鲍照	拟古诗八首	宋	5	1	怀金袭丹素	平平入平去	PPZPZ	平/平/入/平/去
7b587933f95faa16d06379742b36830c	鲍照	拟古诗八首	宋	5	2	既荷主人恩	去?上平平	Z?ZPP	去/平上/上/平/平
7b587933f95faa16d06379742b36830c	鲍照	拟古诗八首	宋	5	3	又蒙令尹顾	去??上去	Z??ZZ	去/平上/平去/上/去
7b587933f95faa16d06379742b36830c	鲍照	拟古诗八首	宋	5	4	日晏罢朝归	入去?平平	ZZ?PP	入/去/平上/平/平
7b587933f95faa16d06379742b36830c	鲍照	拟古诗八首	宋	5	5	舆马塞衢路	?上?平去	?ZZPZ	平去/上/去入/平/去
7b587933f95faa16d06379742b36830c	鲍照	拟古诗八首	宋	5	6	宗党生光辉	平上平平平	PZ??P	平/上/平去/平去/平
7b587933f95faa16d06379742b36830c	鲍照	拟古诗八首	宋	5	7	宾仆远倾慕	平??平去	PZZPZ	平/去入/上去/平/去
7b587933f95faa16d06379742b36830c	鲍照	拟古诗八首	宋	5	8	富贵人所欲	去去平上入	ZZPZZ	去/去/平/上/入
7b587933f95faa16d06379742b36830c	鲍照	拟古诗八首	宋	5	9	道得亦何惧	上入入平去	ZZZ?Z	上/入/入/平上/去
7b587933f95faa16d06379742b36830c	鲍照	拟古诗八首	宋	5	10	南国有儒生	平入上平平	PZZP?	平/入/上/平/平去
7b587933f95faa16d06379742b36830c	鲍照	拟古诗八首	宋	5	11	迷方独沦误	平平入平去	PPZPZ	平/平/入/平/去
7b587933f95faa16d06379742b36830c	鲍照	拟古诗八首	宋	5	12	伐木清江湄	入入平平平	ZZPPP	入/入/平/平/平
7b587933f95faa16d06379742b36830c	鲍照	拟古诗八首	宋	5	13	设罝守毚兔	入平?平去	ZPZPZ	入/平/上去/平/去
7b587933f95faa16d06379742b36830c	鲍照	拟古诗八首	宋	5	14	十五讽诗书	入上去平平	ZZZPP	入/上/去/平/平
7b587933f95faa16d06379742b36830c	鲍照	拟古诗八首	宋	5	15	篇翰靡不通	平?上入平	P?Z?P	平/平去/上/平上入/平
7b587933f95faa16d06379742b36830c	鲍照	拟古诗八首	宋	5	16	弱冠参多士	入??平上	Z??PZ	入/平去/平去/平/上
7b587933f95faa16d06379742b36830c	鲍照	拟古诗八首	宋	5	17	飞步游秦宫	平去平平平	PZPPP	平/去/平/平/平
7b587933f95faa16d06379742b36830c	鲍照	拟古诗八首	宋	5	18	侧睹君子论	入上平上?	ZZPZ?	入/上/平/上/平去
7b587933f95faa16d06379742b36830c	鲍照	拟古诗八首	宋	5	19	预见古人风	去去上平平	ZZZP?	去/去/上/平/平去
7b587933f95faa16d06379742b36830c	鲍照	拟古诗八首	宋	5	20	两说穷舌端	上?平入平	ZZPZP	上去/去入/平/入/平
7b587933f95faa16d06379742b36830c	鲍照	拟古诗八首	宋	5	21	五车摧笔锋	上平平入平	ZPPZP	上/平/平/入/平
7b587933f95faa16d06379742b36830c	鲍照	拟古诗八首	宋	5	22	羞当白璧贶	平?入入去	P?ZZZ	平/平去/入/入/去
7b587933f95faa16d06379742b36830c	鲍照	拟古诗八首	宋	5	23	耻受聊城功	上上平平平	ZZPPP	上/上/平/平/平
7b587933f95faa16d06379742b36830c	鲍照	拟古诗八首	宋	5	24	晚节从世务	上入?去去	ZZ?ZZ	上/入/平去/去/去
7b587933f95faa16d06379742b36830c	鲍照	拟古诗八首	宋	5	25	乘障远和戎	????平	??Z?P	平去/平去/上去/平去/平
7b587933f95faa16d06379742b36830c	鲍照	拟古诗八首	宋	5	26	解佩袭犀渠	?去入平平	ZZZPP	上去/去/入/平/平
7b587933f95faa16d06379742b36830c	鲍照	拟古诗八首	宋	5	27	卷袠奉卢弓	?入上平平	?ZZPP	平上去/入/上/平/平
7b587933f95faa16d06379742b36830c	鲍照	拟古诗八首	宋	5	28	始愿力不及	上去入入入	ZZZ?Z	上/去/入/平上入/入
7b587933f95faa16d06379742b36830c	鲍照	拟古诗八首	宋	5	29	幽并重骑射	平????	P???Z	平/平上去/平上去/平去/去入
7b587933f95faa16d06379742b36830c	鲍照	拟古诗八首	宋	5	30	少年好驰逐	?平?平入	ZPZPZ	上去/平/上去/平/入
7b587933f95faa16d06379742b36830c	鲍照	拟古诗八首	宋	5	31	毡带佩双鞬	平去去平平	PZZPP	平/去/去/平/平
7b587933f95faa16d06379742b36830c	鲍照	拟古诗八首	宋	5	32	象弧插雕服	上平入平入	ZPZPZ	上/平/入/平/入
7b587933f95faa16d06379742b36830c	鲍照	拟古诗八首	宋	5	33	兽肥春草短	去平平上上	ZPPZZ	去/平/平/上/上
7b587933f95faa16d06379742b36830c	鲍照	拟古诗八首	宋	5	34	飞鞚越平陆	平去入平入	PZZPZ	平/去/入/平/入
7b587933f95faa16d06379742b36830c	鲍照	拟古诗八首	宋	5	35	朝游雁门上	平平去平?	PPZPZ	平/平/去/平/上去
7b587933f95faa16d06379742b36830c	鲍照	拟古诗八首	宋	5	36	暮还楼烦宿	去平平平?	ZPPPZ	去/平/平/平/去入
7b587933f95faa16d06379742b36830c	鲍照	拟古诗八首	宋	5	37	石梁有馀劲	入平上平去	ZPZPZ	入/平/上/平/去
7b587933f95faa16d06379742b36830c	鲍照	拟古诗八首	宋	5	38	惊雀无全目	平入平平入	PZPPZ	平/入/平/平/入
7b587933f95faa16d06379742b36830c	鲍照	拟古诗八首	宋	5	39	汉虏方未和	去上平去?	ZZPZ?	去/上/平/去/平去
7b587933f95faa16d06379742b36830c	鲍照	拟古诗八首	宋	5	40	边城屡翻覆	平平去平?	PPZPZ	平/平/去/平/去入
7b587933f95faa16d06379742b36830c	鲍照	拟古诗八首	宋	5	41	留我一白羽	?上入入上	?ZZZZ	平去/上/入/入/上去
7b587933f95faa16d06379742b36830c	鲍照	拟古诗八首	宋	5	42	将以分虎竹	?上?上入	?Z?ZZ	平去/上/平去/上/入
7b587933f95faa16d06379742b36830c	鲍照	拟古诗八首	宋	5	43	凿井北陵隈	入上入平?	ZZZP?	入/上/入/平/平去
7b587933f95faa16d06379742b36830c	鲍照	拟古诗八首	宋	5	44	百丈不及泉	入上入入平	ZZ?ZP	入/上/平上入/入/平
7b587933f95faa16d06379742b36830c	鲍照	拟古诗八首	宋	5	45	生事本澜漫	平去上?去	?ZZ?Z	平去/去/上/平去/去
7b587933f95faa16d06379742b36830c	鲍照	拟古诗八首	宋	5	46	何用独精坚	平去入?平	?ZZ?P	平上/去/入/平去/平
7b587933f95faa16d06379742b36830c	鲍照	拟古诗八首	宋	5	47	幼壮重寸阴	去去?去平	ZZ?ZP	去/去/平上去/去/平
7b587933f95faa16d06379742b36830c	鲍照	拟古诗八首	宋	5	48	衰暮反轻年	平去??平	PZ??P	平/去/平上/平去/平
7b587933f95faa16d06379742b36830c	鲍照	拟古诗八首	宋	5	49	放驾息朝歌	?去入平平	ZZZPP	上去/去/入/平/平
7b587933f95faa16d06379742b36830c	鲍照	拟古诗八首	宋	5	50	提爵止中山	平入上?平	PZZ?P	平/入/上/平去/平
7b587933f95faa16d06379742b36830c	鲍照	拟古诗八首	宋	5	51	日夕登城隅	入入平平平	ZZPPP	入/入/平/平/平
7b587933f95faa16d06379742b36830c	鲍照	拟古诗八首	宋	5	52	周回视洛川	平平?入平	P?ZZP	平/平去/上去/入/平
7b587933f95faa16d06379742b36830c	鲍照	拟古诗八首	宋	5	53	街衢积冻草	平平入?上	PPZ?Z	平/平/去入/平去/上
7b587933f95faa16d06379742b36830c	鲍照	拟古诗八首	宋	5	54	城郭宿寒烟	平入?平平	PZZP?	平/入/去入/平/平去
7b587933f95faa16d06379742b36830c	鲍照	拟古诗八首	宋	5	55	繁华悉何在	平?入平?	P?Z?Z	平/平去/入/平上/上去
7b587933f95faa16d06379742b36830c	鲍照	拟古诗八首	宋	5	56	宫阙久崩填	平入上平?	PZZP?	平/入/上/平/平去
7b587933f95faa16d06379742b36830c	鲍照	拟古诗八首	宋	5	57	空谤齐景非	?去?上平	?Z?ZP	平去/去/平去/上/平
7b587933f95faa16d06379742b36830c	鲍照	拟古诗八首	宋	5	58	徒称夷叔贤	平?平入平	P?PZP	平/平去/平/入/平
7b587933f95faa16d06379742b36830c	鲍照	拟古诗八首	宋	5	59	伊昔不治业	平入入?入	PZ??Z	平/入/平上入/平去/入
7b587933f95faa16d06379742b36830c	鲍照	拟古诗八首	宋	5	60	倦游观五都	去平?上平	ZP?ZP	去/平/平去/上/平
7b587933f95faa16d06379742b36830c	鲍照	拟古诗八首	宋	5	61	海岱饶壮士	上去?去上	ZZ?ZZ	上/去/平去/去/上
7b587933f95faa16d06379742b36830c	鲍照	拟古诗八首	宋	5	62	蒙泗多宿儒	?去平?平	?ZPZP	平上/去/平/去入/平
7b587933f95faa16d06379742b36830c	鲍照	拟古诗八首	宋	5	63	结发起跃马	入入上入上	ZZZZZ	入/入/上/入/上
7b587933f95faa16d06379742b36830c	鲍照	拟古诗八首	宋	5	64	垂白对讲书	平入去上平	PZZZP	平/入/去/上/平
7b587933f95faa16d06379742b36830c	鲍照	拟古诗八首	宋	5	65	呼我升上席	平上平?入	PZPZZ	平/上/平/上去/入
7b587933f95faa16d06379742b36830c	鲍照	拟古诗八首	宋	5	66	陈觯发瓢壶	??入平平	??ZPP	平去/平去/入/平/平
7b587933f95faa16d06379742b36830c	鲍照	拟古诗八首	宋	5	67	管仲死已久	上去上上上	ZZZZZ	上/去/上/上去/上
7b587933f95faa16d06379742b36830c	鲍照	拟古诗八首	宋	5	68	墓在西北隅	去?平入平	ZZPZP	去/上去/平/入/平
7b587933f95faa16d06379742b36830c	鲍照	拟古诗八首	宋	5	69	后面崔嵬者	?去平?上	ZZP?Z	上去/去/平/平上/上
7b587933f95faa16d06379742b36830c	鲍照	拟古诗八首	宋	5	70	桓公旧冢庐	平平去上平	PPZZP	平/平/去/上/平
7b587933f95faa16d06379742b36830c	鲍照	拟古诗八首	宋	5	71	君来诚既晚	平平平去上	PPPZZ	平/平/平/去/上
7b587933f95faa16d06379742b36830c	鲍照	拟古诗八首	宋	5	72	不睹崇明初	入上平平平	?ZPPP	平上入/上/平/平/平
7b587933f95faa16d06379742b36830c	鲍照	拟古诗八首	宋	5	73	玉琬徒见传	入?平去?	ZZPZ?	入/上去/平/去/平去
7b587933f95faa16d06379742b36830c	鲍照	拟古诗八首	宋	5	74	交友义渐疏	平上去??	PZZ??	平/上/去/平上/平去
7b587933f95faa16d06379742b36830c	鲍照	拟古诗八首	宋	5	75	束薪幽篁里	入平平平上	ZPPPZ	入/平/平/平/上
7b587933f95faa16d06379742b36830c	鲍照	拟古诗八首	宋	5	76	刈黍寒涧阴	去上平去平	ZZPZP	去/上/平/去/平
7b587933f95faa16d06379742b36830c	鲍照	拟古诗八首	宋	5	77	朔风伤我肌	入平平上平	Z??ZP	入/平去/平去/上/平
7b587933f95faa16d06379742b36830c	鲍照	拟古诗八首	宋	5	78	号鸟惊思心	?上平?平	?ZP?P	平去/上/平/平去/平
7b587933f95faa16d06379742b36830c	鲍照	拟古诗八首	宋	5	79	岁暮井赋讫	去去上去入	ZZZZZ	去/去/上/去/入
7b587933f95faa16d06379742b36830c	鲍照	拟古诗八首	宋	5	80	程课相追寻	平??平平	P??PP	平/平去/平去/平/平
7b587933f95faa16d06379742b36830c	鲍照	拟古诗八首	宋	5	81	田租送函谷	平平去平入	PPZPZ	平/平/去/平/入
7b587933f95faa16d06379742b36830c	鲍照	拟古诗八首	宋	5	82	兽稿输上林	去???平	Z??ZP	去//平去/上去/平
7b587933f95faa16d06379742b36830c	鲍照	拟古诗八首	宋	5	83	河渭冰未开	平去平去平	PZPZP	平/去/平/去/平
7b587933f95faa16d06379742b36830c	鲍照	拟古诗八首	宋	5	84	关陇雪正深	平上入?平	PZZ??	平/上/入/平去/平去
7b587933f95faa16d06379742b36830c	鲍照	拟古诗八首	宋	5	85	笞击官有罚	平入平上入	PZPZZ	平/入/平/上/入
7b587933f95faa16d06379742b36830c	鲍照	拟古诗八首	宋	5	86	呵辱吏见侵	?入去去平	?ZZZP	平去/入/去/去/平
7b587933f95faa16d06379742b36830c	鲍照	拟古诗八首	宋	5	87	不谓乘轩意	入去?平去	?Z?PZ	平上入/去/平去/平/去
7b587933f95faa16d06379742b36830c	鲍照	拟古诗八首	宋	5	88	伏枥还至今	?入平去平	ZZPZP	去入/入/平/去/平
7b587933f95faa16d06379742b36830c	鲍照	拟古诗八首	宋	5	89	河畔草未黄	平去上去平	PZZZP	平/去/上/去/平
7b587933f95faa16d06379742b36830c	鲍照	拟古诗八首	宋	5	90	胡雁已矫翼	平去上上入	PZZZZ	平/去/上去/上/入
7b587933f95faa16d06379742b36830c	鲍照	拟古诗八首	宋	5	91	秋蛩挟户吟	平平入上?	PPZZ?	平/平/入/上/平去
7b587933f95faa16d06379742b36830c	鲍照	拟古诗八首	宋	5	92	寒妇成夜织	平上平去?	PZPZZ	平/上/平/去/去入
7b587933f95faa16d06379742b36830c	鲍照	拟古诗八首	宋	5	93	去岁征人还	?去平平平	ZZ?PP	上去/去/平上/平/平
7b587933f95faa16d06379742b36830c	鲍照	拟古诗八首	宋	5	94	流传旧相识	平?去??	P?Z?Z	平/平去/去/平去/去入
7b587933f95faa16d06379742b36830c	鲍照	拟古诗八首	宋	5	95	闻君上陇时	?平?上平	?PZZP	平去/平/上去/上/平
7b587933f95faa16d06379742b36830c	鲍照	拟古诗八首	宋	5	96	东望久叹息	平?上去入	P?Z?Z	平/平去/上/平去/入
7b587933f95faa16d06379742b36830c	鲍照	拟古诗八首	宋	5	97	宿昔改衣带	?入上平去	ZZZ?Z	去入/入/上/平去/去
7b587933f95faa16d06379742b36830c	鲍照	拟古诗八首	宋	5	98	旦暮异容色	去去去平入	ZZ?PZ	去/去/平去/平/入
7b587933f95faa16d06379742b36830c	鲍照	拟古诗八首	宋	5	99	念此忧如何	去上平平平	ZZ???	去/上/平去/平去/平上
7b587933f95faa16d06379742b36830c	鲍照	拟古诗八首	宋	5	100	夜长忧向多	去?平?平	Z??ZP	去/平上去/平去/上去/平
7b587933f95faa16d06379742b36830c	鲍照	拟古诗八首	宋	5	101	明镜尘匣中	平去平入?	PZPZ?	平/去/平/入/平去
7b587933f95faa16d06379742b36830c	鲍照	拟古诗八首	宋	5	102	宝瑟生网罗	上入平上平	ZZ?ZP	上/入/平去/上/平
7b587933f95faa16d06379742b36830c	鲍照	拟古诗八首	宋	5	103	蜀汉多奇山	入去平平平	ZZPPP	入/去/平/平/平
7b587933f95faa16d06379742b36830c	鲍照	拟古诗八首	宋	5	104	仰望与云平	???平平	Z??PP	上去/平去/平上去/平/平
7b587933f95faa16d06379742b36830c	鲍照	拟古诗八首	宋	5	105	阴崖积夏雪	平平入?入	PPZZZ	平/平/去入/上去/入
7b587933f95faa16d06379742b36830c	鲍照	拟古诗八首	宋	5	106	阳谷散秋荣	平入?平平	PZZPP	平/入/上去/平/平
7b587933f95faa16d06379742b36830c	鲍照	拟古诗八首	宋	5	107	朝朝见云归	平平去平平	PPZPP	平/平/去/平/平
7b587933f95faa16d06379742b36830c	鲍照	拟古诗八首	宋	5	108	夜夜闻猿鸣	去去?平平	ZZ?PP	去/去/平去/平/平
7b587933f95faa16d06379742b36830c	鲍照	拟古诗八首	宋	5	109	忧人本自悲	平平上去平	?PZZP	平去/平/上/去/平
7b587933f95faa16d06379742b36830c	鲍照	拟古诗八首	宋	5	110	孤客易伤情	平入?平平	PZZ?P	平/入/去入/平去/平
7b587933f95faa16d06379742b36830c	鲍照	拟古诗八首	宋	5	111	临堂设樽酒	?平入平上	?PZPZ	平去/平/入/平/上
7b587933f95faa16d06379742b36830c	鲍照	拟古诗八首	宋	5	112	留酌思平生	?入?平平	?Z?P?	平去/入/平去/平/平去
7b587933f95faa16d06379742b36830c	鲍照	拟古诗八首	宋	5	113	石以坚为性	入上平?去	ZZP?Z	入/上/平/平去/去
7b587933f95faa16d06379742b36830c	鲍照	拟古诗八首	宋	5	114	君勿惭素诚	平入平去平	PZPZP	平/入/平/去/平
7b587933f95faa1644a838d5a13c812c	鲍照	拟行路难（其二）	宋	5	0	千斫复万镂	平入入去?	PZZZ?	平/入/去入/去入/平去
7b587933f95faa1644a838d5a13c812c	鲍照	拟行路难（其二）	宋	7	1	上刻秦女携手仙	?入平上平上平	ZZPZPZP	上去/入/平/上去/平/上/平
7b587933f95faa1644a838d5a13c812c	鲍照	拟行路难（其二）	宋	7	2	承君清夜之欢娱	平平平去平平?	PPPZPP?	平/平/平/去/平/平/平去
7b587933f95faa1644a838d5a13c812c	鲍照	拟行路难（其二）	宋	7	3	列置帐里明烛前	?去去上平入平	?ZZZPZP	平入/去/去/上/平/入/平
7b587933f95faa1644a838d5a13c812c	鲍照	拟行路难（其二）	宋	7	4	外发龙鳞之丹彩	去入平平平平上	ZZPPPPZ	去/入/平/平/平/平/上
7b587933f95faa1644a838d5a13c812c	鲍照	拟行路难（其二）	宋	7	5	内含麝芬之紫烟	去平?平平上平	ZPZPPZ?	去/平/去入/平/平/上/平去
7b587933f95faa1644a838d5a13c812c	鲍照	拟行路难（其二）	宋	7	6	如今君心一朝异	平平平平入平去	?PPPZP?	平去/平/平/平/入/平/平去
7b587933f95faa1644a838d5a13c812c	鲍照	拟行路难（其二）	宋	7	7	对此长叹终百年	去上?去平入平	ZZ??PZP	去/上/平上去/平去/平/入/平
7b587933f95faa1621358e3e087eb5f7	鲍照	拟行路难（其三）	宋	7	0	璇闺玉墀上椒阁	平平入平?平入	PPZPZPZ	平/平/入/平/上去/平/入
7b587933f95faa1621358e3e087eb5f7	鲍照	拟行路难（其三）	宋	7	1	文窗绣户垂罗幕	平?去上平平入	P?ZZPPZ	平//去/上/平/平/入
7b587933f95faa1621358e3e087eb5f7	鲍照	拟行路难（其三）	宋	7	2	中有一人字金兰	?上入平去平平	?ZZPZPP	平去/上/入/平/去/平/平
7b587933f95faa1621358e3e087eb5f7	鲍照	拟行路难（其三）	宋	7	3	被服纤罗蕴芳藿	?入平平?平入	ZZPP?PZ	上去/入/平/平/平上/平/入
7b587933f95faa1621358e3e087eb5f7	鲍照	拟行路难（其三）	宋	7	4	春燕差池风散梅	平??平平?平	P??P?ZP	平/平去/平去/平/平去/上去/平
7b587933f95faa1621358e3e087eb5f7	鲍照	拟行路难（其三）	宋	7	5	开帏对景弄禽雀	平平去上去平入	PPZZZPZ	平/平/去/上/去/平/入
7b587933f95faa1621358e3e087eb5f7	鲍照	拟行路难（其三）	宋	7	6	含歌揽涕恒抱愁	平平上?平上平	PPZZPZP	平/平/上/上去/平/上/平
7b587933f95faa1621358e3e087eb5f7	鲍照	拟行路难（其三）	宋	7	7	人生几时得为乐	平平?平入??	P??PZ?Z	平/平去/平上去/平/入/平去/去入
7b587933f95faa1621358e3e087eb5f7	鲍照	拟行路难（其三）	宋	7	8	宁作野中之双凫	?入上?平平平	?ZZ?PPP	平上去/去入/上/平去/平/平/平
7b587933f95faa1621358e3e087eb5f7	鲍照	拟行路难（其三）	宋	7	9	不愿云间之别鹤	入去平平平入入	?ZP?PZZ	平上入/去/平//平/去入/入
7b587933f95faa167c3e367c04b2d450	鲍照	拟行路难（其五）	宋	7	0	冬时枯死春满道	平平平上平上上	PPPZPZZ	平/平/平/上/平/上/上
7b587933f95faa167c3e367c04b2d450	鲍照	拟行路难（其五）	宋	5	1	今暝没尽去	平?入上?	P?ZZZ	平/平去/入/上/上去
7b587933f95faa167c3e367c04b2d450	鲍照	拟行路难（其五）	宋	5	2	明朝复更出	平平入?入	PPZ?Z	平/平/去入/平去/去入
7b587933f95faa167c3e367c04b2d450	鲍照	拟行路难（其五）	宋	7	3	今我何时当然得	平上平平?平入	PZ?P?PZ	平/上/平上/平/平去/平/入
7b587933f95faa167c3e367c04b2d450	鲍照	拟行路难（其五）	宋	7	4	一去永灭入黄泉	入?上入入平平	ZZZZZPP	入/上去/上/入/入/平/平
7b587933f95faa167c3e367c04b2d450	鲍照	拟行路难（其五）	宋	7	5	人生苦多欢乐少	平平上平平??	P?ZPPZZ	平/平去/上去/平/平/去入/上去
7b587933f95faa167c3e367c04b2d450	鲍照	拟行路难（其五）	宋	7	6	意气敷腴在盛年	去去平平??平	ZZPPZ?P	去/去/平/平/上去/平去/平
7b587933f95faa167c3e367c04b2d450	鲍照	拟行路难（其五）	宋	7	7	且愿得志数相就	?去入去??去	?ZZZZ?Z	平上/去/入/去/上去入/平去/去
7b587933f95faa167c3e367c04b2d450	鲍照	拟行路难（其五）	宋	7	8	床头恒有沽酒钱	平平平上?上?	PPPZ?Z?	平/平/平/上/平上去/上/平上
7b587933f95faa167c3e367c04b2d450	鲍照	拟行路难（其五）	宋	7	9	功名竹帛非我事	平平入入平上去	PPZZPZZ	平/平/入/入/平/上/去
7b587933f95faa167c3e367c04b2d450	鲍照	拟行路难（其五）	宋	7	10	存亡贵贱付皇天	平平去去去平平	PPZZZPP	平/平/去/去/去/平/平
7b587933f95faa16e09bbb17ac466bf2	鲍照	拟行路难（其七）	宋	5	0	愁思忽而至	平?入平去	P?ZPZ	平/平去/入/平/去
7b587933f95faa16e09bbb17ac466bf2	鲍照	拟行路难（其七）	宋	5	1	跨马出北门	?上入入平	?ZZZP	平上去/上/去入/入/平
7b587933f95faa16e09bbb17ac466bf2	鲍照	拟行路难（其七）	宋	5	2	举头四顾望	上平去去?	ZPZZ?	上/平/去/去/平去
7b587933f95faa16e09bbb17ac466bf2	鲍照	拟行路难（其七）	宋	7	3	中有一鸟名杜鹃	?上入上平上平	?ZZZPZP	平去/上/入/上/平/上/平
7b587933f95faa16e09bbb17ac466bf2	鲍照	拟行路难（其七）	宋	7	4	言是古时蜀帝魂	平上上平入去?	PZZPZZ?	平/上/上/平/入/去/
7b587933f95faa16e09bbb17ac466bf2	鲍照	拟行路难（其七）	宋	7	5	声音哀苦鸣不息	平平平上平入入	PPPZP?Z	平/平/平/上去/平/平上入/入
7b587933f95faa16e09bbb17ac466bf2	鲍照	拟行路难（其七）	宋	7	6	羽毛憔悴似人髠	上?平去上平?	Z?PZZP?	上去/平去/平/去/上/平/
7b587933f95faa16e09bbb17ac466bf2	鲍照	拟行路难（其七）	宋	7	7	飞走树间啄虫蚁	平??平入?上	PZZ?Z?Z	平/上去/上去//入/平上去/上
7b587933f95faa16e09bbb17ac466bf2	鲍照	拟行路难（其七）	宋	7	8	岂忆往日天子尊	上入上入平上平	ZZZZPZP	上/入/上/入/平/上/平
7b587933f95faa16e09bbb17ac466bf2	鲍照	拟行路难（其七）	宋	7	9	中心恻怆不能言	?平入?入平平	?PZZ??P	平去/平/入/上去/平上入/平上去/平
7b587933f95faa16f0ea32c92f0c747a	鲍照	拟行路难（其八）	宋	5	0	中庭五株桃	?平上平平	?PZPP	平去/平/上/平/平
7b587933f95faa16f0ea32c92f0c747a	鲍照	拟行路难（其八）	宋	5	1	一株先作花	入平?入平	ZP?ZP	入/平/平去/去入/平
7b587933f95faa16f0ea32c92f0c747a	鲍照	拟行路难（其八）	宋	7	2	阳春妖冶二三月	平平平上去平入	PPPZZ?Z	平/平/平/上/去/平去/入
7b587933f95faa16f0ea32c92f0c747a	鲍照	拟行路难（其八）	宋	7	3	从风簸荡落西家	?平??入平平	??Z?ZPP	平去/平去/上去/平上去/入/平/平
7b587933f95faa16f0ea32c92f0c747a	鲍照	拟行路难（其八）	宋	7	4	西家思妇见悲惋	平平?上去平去	PP?ZZPZ	平/平/平去/上/去/平/去
7b587933f95faa16f0ea32c92f0c747a	鲍照	拟行路难（其八）	宋	7	5	零泪沾衣抚心叹	?去??上平去	?Z??ZP?	平去/去/平去/平去/上/平/平去
7b587933f95faa16f0ea32c92f0c747a	鲍照	拟行路难（其八）	宋	7	6	初送我君出户时	平去上平入上平	PZZPZZP	平/去/上/平/去入/上/平
7b587933f95faa16f0ea32c92f0c747a	鲍照	拟行路难（其八）	宋	7	7	何言淹留节回换	平平??入平去	?P??Z?Z	平上/平/平去/平去/入/平去/去
7b587933f95faa16f0ea32c92f0c747a	鲍照	拟行路难（其八）	宋	7	8	床席生尘明镜垢	平入平平平去上	PZ?PPZZ	平/入/平去/平/平/去/上
7b587933f95faa16f0ea32c92f0c747a	鲍照	拟行路难（其八）	宋	7	9	纤腰瘦削发蓬乱	平平去入入平去	PPZZZPZ	平/平/去/入/入/平/去
7b587933f95faa16f0ea32c92f0c747a	鲍照	拟行路难（其八）	宋	7	10	人生不得恒称悲	平平入入平?平	P??ZP?P	平/平去/平上入/入/平/平去/平
7b587933f95faa16f0ea32c92f0c747a	鲍照	拟行路难（其八）	宋	7	11	惆怅徙倚至夜半	平去上?去去去	PZZZZZZ	平/去/上/上去/去/去/去
7b587933f95faa163d45b3984f2ff7e8	鲍照	拟行路难（其九）	宋	5	0	锉蘖染黄丝	?入?平平	?ZZPP	平去入/入/上去/平/平
7b587933f95faa163d45b3984f2ff7e8	鲍照	拟行路难（其九）	宋	7	1	黄丝历乱不可治	平平入去入上?	PPZZ?Z?	平/平/入/去/平上入/上/平去
7b587933f95faa163d45b3984f2ff7e8	鲍照	拟行路难（其九）	宋	7	2	昔我与君始相值	入上?平上?去	ZZ?PZ?Z	入/上/平上去/平/上/平去/去
7b587933f95faa163d45b3984f2ff7e8	鲍照	拟行路难（其九）	宋	7	3	尔时自谓可君意	上平去去上平去	ZPZZZPZ	上/平/去/去/上/平/去
7b587933f95faa163d45b3984f2ff7e8	鲍照	拟行路难（其九）	宋	5	4	结带与我言	入去?上平	ZZ?ZP	入/去/平上去/上/平
7b587933f95faa163d45b3984f2ff7e8	鲍照	拟行路难（其九）	宋	7	5	死生好恶不相置	上平??入?去	Z?Z???Z	上/平去/上去/平去入/平上入/平去/去
7b587933f95faa163d45b3984f2ff7e8	鲍照	拟行路难（其九）	宋	7	6	今日见我颜色衰	平入去上平入平	PZZZPZP	平/入/去/上/平/入/平
7b587933f95faa163d45b3984f2ff7e8	鲍照	拟行路难（其九）	宋	7	7	意中索寞与先异	去?入入??去	Z?ZZ???	去/平去/入/入/平上去/平去/平去
7b587933f95faa163d45b3984f2ff7e8	鲍照	拟行路难（其九）	宋	7	8	还君金钗瑇瑁簪	平平平平??平	PPPPZZP	平/平/平/平/去入/去入/平
7b587933f95faa163d45b3984f2ff7e8	鲍照	拟行路难（其九）	宋	7	9	不忍见之益愁思	入上去平入平?	?ZZPZP?	平上入/上/去/平/入/平/平去
7b587933f95faa161bd243c1ed88382e	鲍照	拟行路难（其十）	宋	7	0	须臾淹冉零落销	平????入平	P????ZP	平/平去/平去/平上/平去/入/平
7b587933f95faa161bd243c1ed88382e	鲍照	拟行路难（其十）	宋	7	1	盛年妖艳浮华辈	?平平去平?去	?PPZP?Z	平去/平/平/去/平/平去/去
7b587933f95faa161bd243c1ed88382e	鲍照	拟行路难（其十）	宋	7	2	不久亦当诣冢头	入上入?去上平	?ZZ?ZZP	平上入/上/入/平去/去/上/平
7b587933f95faa161bd243c1ed88382e	鲍照	拟行路难（其十）	宋	5	3	一去无还期	入?平平平	ZZPPP	入/上去/平/平/平
7b587933f95faa161bd243c1ed88382e	鲍照	拟行路难（其十）	宋	7	4	千秋万岁无音词	平平去去平平平	PPZZPPP	平/平/去入/去/平/平/平
7b587933f95faa161bd243c1ed88382e	鲍照	拟行路难（其十）	宋	7	5	孤魂茕茕空陇间	平?平平?上平	P?PP?Z?	平//平/平/平去/上/
7b587933f95faa161bd243c1ed88382e	鲍照	拟行路难（其十）	宋	7	6	独魄徘徊绕坟基	入入平平??平	ZZPPZ?P	入/入/平/平/上去/平上/平
7b587933f95faa161bd243c1ed88382e	鲍照	拟行路难（其十）	宋	7	7	但闻风声野鸟吟	??平平上上?	???PZZ?	平上去/平去/平去/平/上/上/平去
7b587933f95faa161bd243c1ed88382e	鲍照	拟行路难（其十）	宋	7	8	岂忆平生盛年时	上入平平?平平	ZZP??PP	上/入/平/平去/平去/平/平
7b587933f95faa161bd243c1ed88382e	鲍照	拟行路难（其十）	宋	7	9	为此令人多悲悒	?上?平平平入	?Z?PPPZ	平去/上/平去/平/平/平/入
7b587933f95faa161bd243c1ed88382e	鲍照	拟行路难（其十）	宋	7	10	君当纵意自熙怡	平??去去平平	P??ZZPP	平/平去/平去/去/去/平/平
7b587933f95faa16e26861c58c8ba33d	鲍照	拟行路难（其十一）	宋	7	0	何时复青着故茎	平平入平?去平	?PZP?ZP	平上/平/去入/平//去/平
7b587933f95faa16e26861c58c8ba33d	鲍照	拟行路难（其十一）	宋	7	1	何时倾杯竭壶罂	平平平平入平平	?PPPZPP	平上/平/平/平/入/平/平
7b587933f95faa16e26861c58c8ba33d	鲍照	拟行路难（其十一）	宋	7	2	君当见此起忧思	平?去上上平平	P?ZZZ??	平/平去/去/上/上/平去/平去
7b587933f95faa16e26861c58c8ba33d	鲍照	拟行路难（其十一）	宋	7	3	宁及得与时人争	?入入?平平平	?ZZ?PPP	平上去/入/入/平上去/平/平/平
7b587933f95faa16e26861c58c8ba33d	鲍照	拟行路难（其十一）	宋	7	4	人生倏忽如绝电	平平?入平入去	P??Z?ZZ	平/平去//入/平去/入/去
7b587933f95faa16e26861c58c8ba33d	鲍照	拟行路难（其十一）	宋	7	5	华年盛德几时见	?平?入?平去	?P?Z?PZ	平去/平/平去/入/平上去/平/去
7b587933f95faa16e26861c58c8ba33d	鲍照	拟行路难（其十一）	宋	7	6	但令纵意存高尚	???去平平?	???ZPP?	平上去/平去/平去/去/平/平/平去
7b587933f95faa16e26861c58c8ba33d	鲍照	拟行路难（其十一）	宋	7	7	旨酒嘉肴相胥燕	上上平平???	ZZPP???	上/上/平/平/平去/平上/平去
7b587933f95faa16e26861c58c8ba33d	鲍照	拟行路难（其十一）	宋	7	8	持此从朝竟夕暮	平上?平去入去	PZ?PZZZ	平/上/平去/平/去/入/去
7b587933f95faa16e26861c58c8ba33d	鲍照	拟行路难（其十一）	宋	7	9	差得亡忧消愁怖	?入平平平平去	?ZP?PPZ	平去/入/平/平去/平/平/去
7b587933f95faa16e26861c58c8ba33d	鲍照	拟行路难（其十一）	宋	7	10	胡为惆怅不得已	平?平去入入上	P?PZ?ZZ	平/平去/平/去/平上入/入/上去
7b587933f95faa16e26861c58c8ba33d	鲍照	拟行路难（其十一）	宋	7	11	难尽此曲令君忤	平上上入?平去	?ZZZ?PZ	平去/上/上/入/平去/平/去
7b587933f95faa16e29043e7b4db8c90	鲍照	拟行路难（其十二）	宋	7	0	今年阳初花满林	平平平平平上平	PPPPPZP	平/平/平/平/平/上/平
7b587933f95faa16e29043e7b4db8c90	鲍照	拟行路难（其十二）	宋	7	1	明年冬末雪盈岑	平平平入入平平	PPPZZPP	平/平/平/入/入/平/平
7b587933f95faa16e29043e7b4db8c90	鲍照	拟行路难（其十二）	宋	7	2	推移代谢纷交转	平平去去平平?	PPZZPPZ	平/平/去/去/平/平/上去
7b587933f95faa16e29043e7b4db8c90	鲍照	拟行路难（其十二）	宋	7	3	我君边戍独稽沉	上平平去入?平	ZPPZZ?P	上/平/平/去/入/平上/平
7b587933f95faa16e29043e7b4db8c90	鲍照	拟行路难（其十二）	宋	7	4	执袂分别已三载	入去?入上平?	ZZ?ZZ?Z	入/去/平去/去入/上去/平去/上去
7b587933f95faa16e29043e7b4db8c90	鲍照	拟行路难（其十二）	宋	7	5	迩来寂淹无分音	上平入?平?平	ZPZ?P?P	上/平/入/平去/平/平去/平
7b587933f95faa16e29043e7b4db8c90	鲍照	拟行路难（其十二）	宋	7	6	朝悲惨惨遂成滴	平平上上去平入	PPZZZPZ	平/平/上/上/去/平/入
7b587933f95faa16e29043e7b4db8c90	鲍照	拟行路难（其十二）	宋	7	7	暮思绕绕最伤心	去???去平平	Z?ZZZ?P	去/平去/上去/上去/去/平去/平
7b587933f95faa16e29043e7b4db8c90	鲍照	拟行路难（其十二）	宋	7	8	膏沐芳余久不御	平入平平上入?	?ZPPZ?Z	平去/入/平/平/上/平上入/上去
7b587933f95faa16e29043e7b4db8c90	鲍照	拟行路难（其十二）	宋	7	9	蓬首乱鬖不设簪	平?去平入入平	PZZP?ZP	平/上去/去/平/平上入/入/平
7b587933f95faa16e29043e7b4db8c90	鲍照	拟行路难（其十二）	宋	7	10	徒飞轻埃舞空帷	平平?平上?平	PP?PZ?P	平/平/平去/平/上/平去/平
7b587933f95faa16e29043e7b4db8c90	鲍照	拟行路难（其十二）	宋	7	11	粉筐黛器靡复遗	上平去去上入?	ZPZZZZ?	上/平/去/去/上/去入/平去
7b587933f95faa16e29043e7b4db8c90	鲍照	拟行路难（其十二）	宋	7	12	自生留世苦不幸	去平?去上入上	Z??ZZ?Z	去/平去/平去/去/上去/平上入/上
7b587933f95faa16e29043e7b4db8c90	鲍照	拟行路难（其十二）	宋	7	13	心中惕惕恒怀悲	平平入入平平平	P?ZZPPP	平/平去/入/入/平/平/平
7b587933f95faa16c3fbd861057d7bd2	鲍照	拟行路难（其十三）	宋	7	0	春禽喈喈旦暮鸣	平平平平去去平	PPPPZZP	平/平/平/平/去/去/平
7b587933f95faa16c3fbd861057d7bd2	鲍照	拟行路难（其十三）	宋	7	1	最伤君子忧思情	去平平上平平平	Z?PZ??P	去/平去/平/上/平去/平去/平
7b587933f95faa16c3fbd861057d7bd2	鲍照	拟行路难（其十三）	宋	7	2	我初辞家从军侨	上平平平?平平	ZPPP?PP	上/平/平/平/平去/平/平
7b587933f95faa16c3fbd861057d7bd2	鲍照	拟行路难（其十三）	宋	7	3	荣志溢气干云霄	平去入去?平平	PZZZ?PP	平/去/入/去/平去/平/平
7b587933f95faa16c3fbd861057d7bd2	鲍照	拟行路难（其十三）	宋	7	4	流浪渐冉经三龄	平????平平	P?????P	平/平去/平上/平上/平去/平去/平
7b587933f95faa16c3fbd861057d7bd2	鲍照	拟行路难（其十三）	宋	7	5	忽有白发素髭生	入上入入去?平	ZZZZZ??	入/上/入/入/去//平去
7b587933f95faa16c3fbd861057d7bd2	鲍照	拟行路难（其十三）	宋	7	6	今暮临水拔已尽	平去?上入上上	PZ?ZZZZ	平/去/平去/上/入/上去/上
7b587933f95faa16c3fbd861057d7bd2	鲍照	拟行路难（其十三）	宋	7	7	明日对镜复已盈	平入去去入上平	PZZZZZP	平/入/去/去/去入/上去/平
7b587933f95faa16c3fbd861057d7bd2	鲍照	拟行路难（其十三）	宋	7	8	但恐羁死为鬼客	??平上?上入	?ZPZ?ZZ	平上去/上去/平/上/平去/上/入
7b587933f95faa16c3fbd861057d7bd2	鲍照	拟行路难（其十三）	宋	7	9	客思寄灭生空精	入平去入平??	Z?ZZ???	入/平去/去/入/平去/平去/平去
7b587933f95faa16c3fbd861057d7bd2	鲍照	拟行路难（其十三）	宋	5	10	每怀旧乡野	?平去平上	ZPZPZ	上去/平/去/平/上
7b587933f95faa16c3fbd861057d7bd2	鲍照	拟行路难（其十三）	宋	7	11	念我旧人多悲声	去上去平平平平	ZZZPPPP	去/上/去/平/平/平/平
7b587933f95faa16c3fbd861057d7bd2	鲍照	拟行路难（其十三）	宋	7	12	忽见过客问何我	入去?入去平上	ZZ?ZZ?Z	入/去/平去/入/去/平上/上
7b587933f95faa16c3fbd861057d7bd2	鲍照	拟行路难（其十三）	宋	7	13	宁知我家在南城	?平上平?平平	?PZPZPP	平上去/平/上/平/上去/平/平
7b587933f95faa16c3fbd861057d7bd2	鲍照	拟行路难（其十三）	宋	7	14	答云我曾居君乡	入平上平平平平	ZPZPPPP	入/平/上/平/平/平/平
7b587933f95faa16c3fbd861057d7bd2	鲍照	拟行路难（其十三）	宋	7	15	知君游宦在此城	平平平去?上平	PPPZZZP	平/平/平/去/上去/上/平
7b587933f95faa16c3fbd861057d7bd2	鲍照	拟行路难（其十三）	宋	7	16	我行离邑已万里	上??入上去上	Z??ZZZZ	上/平去/平去/入/上去/去入/上
7b587933f95faa16c3fbd861057d7bd2	鲍照	拟行路难（其十三）	宋	7	17	今方羁役去远征	平平平入???	PPPZZZ?	平/平/平/入/上去/上去/平上
7b587933f95faa16c3fbd861057d7bd2	鲍照	拟行路难（其十三）	宋	5	18	来时闻君妇	平平平平上	PP?PZ	平/平/平去/平/上
7b587933f95faa16c3fbd861057d7bd2	鲍照	拟行路难（其十三）	宋	7	19	亦云悲朝泣闲房	入平平平入?平	ZPPPZ?P	入/平/平/平/入/平去/平
7b587933f95faa16c3fbd861057d7bd2	鲍照	拟行路难（其十三）	宋	7	20	又闻暮思泪沾裳	去?去?去?平	Z?Z?Z?P	去/平去/去/平去/去/平去/平
7b587933f95faa16c3fbd861057d7bd2	鲍照	拟行路难（其十三）	宋	7	21	形容憔悴非昔悦	平平平去平入入	PPPZPZZ	平/平/平/去/平/入/入
7b587933f95faa16c3fbd861057d7bd2	鲍照	拟行路难（其十三）	宋	7	22	蓬鬓衰颜不复妆	平去平平入入平	PZPP?ZP	平/去/平/平/平上入/去入/平
7b587933f95faa16c3fbd861057d7bd2	鲍照	拟行路难（其十三）	宋	7	23	见此令人有余悲	去上?平上平平	ZZ?PZPP	去/上/平去/平/上/平/平
7b587933f95faa16c3fbd861057d7bd2	鲍照	拟行路难（其十三）	宋	7	24	当愿君怀不暂忘	?去平平入去去	?ZPP?ZZ	平去/去/平/平/平上入/去/去
7b587933f95faa16ed8a8fc3fa127346	鲍照	拟行路难（其十五）	宋	7	0	今日丘墟生草莱	平入平平平上?	PZPP?Z?	平/入/平/平/平去/上/平去
7b587933f95faa16ed8a8fc3fa127346	鲍照	拟行路难（其十五）	宋	7	1	寒云泽雉栖其中	平平入上?平平	PPZZ?P?	平/平/入/上/平去/平/平去
7b587933f95faa16ed8a8fc3fa127346	鲍照	拟行路难（其十五）	宋	7	2	歌妓舞女今谁在	平?上上平平?	P?ZZPPZ	平/平上/上/上去/平/平/上去
7b587933f95faa16ed8a8fc3fa127346	鲍照	拟行路难（其十五）	宋	7	3	高坟垒垒满山隅	平???上平平	P?ZZZPP	平/平上/上去/上去/上/平/平
7b587933f95faa16ed8a8fc3fa127346	鲍照	拟行路难（其十五）	宋	7	4	长袖纷纷徒竞世	?去平平平去去	?ZPPPZZ	平上去/去/平/平/平/去/去
7b587933f95faa16ed8a8fc3fa127346	鲍照	拟行路难（其十五）	宋	7	5	非我昔时千金躯	平上入平平平平	PZZPPPP	平/上/入/平/平/平/平
7b587933f95faa16ed8a8fc3fa127346	鲍照	拟行路难（其十五）	宋	7	6	随酒逐乐任意去	平上入??去?	PZZZ?ZZ	平/上/入/去入/平去/去/上去
7b587933f95faa16ed8a8fc3fa127346	鲍照	拟行路难（其十五）	宋	7	7	莫令含叹下黄垆	入?平去?平平	Z?P?ZPP	入/平去/平/平去/上去/平/平
7b587933f95faa16ddd85be0361b0781	鲍照	拟行路难（其十六）	宋	5	0	表里阴且寒	上上平?平	ZZP?P	上/上/平/平上/平
7b587933f95faa16ddd85be0361b0781	鲍照	拟行路难（其十六）	宋	5	1	虽蒙朝日照	平?平入去	P?PZZ	平/平上/平/入/去
7b587933f95faa16ddd85be0361b0781	鲍照	拟行路难（其十六）	宋	5	2	信得几时安	去入?平平	ZZ?PP	去/入/平上去/平/平
7b587933f95faa16ddd85be0361b0781	鲍照	拟行路难（其十六）	宋	5	3	民生故如此	平平去平上	P?Z?Z	平/平去/去/平去/上
7b587933f95faa16ddd85be0361b0781	鲍照	拟行路难（其十六）	宋	7	4	谁令摧折强相看	平?平?平??	P?P?P??	平/平去/平/平入/平/平去/平去
7b587933f95faa16ddd85be0361b0781	鲍照	拟行路难（其十六）	宋	7	5	年去年来自如削	平?平平去平入	PZPPZ?Z	平/上去/平/平/去/平去/入
7b587933f95faa16ddd85be0361b0781	鲍照	拟行路难（其十六）	宋	7	6	白发零落不胜冠	入入?入入??	ZZ?Z???	入/入/平去/入/平上入/平去/平去
7b587933f95faa163b8544cee15d1f0f	鲍照	拟行路难（其十七）	宋	7	0	百草含青俱作花	入上平平平入平	ZZPPPZP	入/上/平/平/平/去入/平
7b587933f95faa163b8544cee15d1f0f	鲍照	拟行路难（其十七）	宋	7	1	寒风萧索一旦至	平平平入入去去	P?PZZZZ	平/平去/平/入/入/去/去
7b587933f95faa163b8544cee15d1f0f	鲍照	拟行路难（其十七）	宋	7	2	竟得几时保光华	去入?平上平?	ZZ?PZ??	去/入/平上去/平/上/平去/平去
7b587933f95faa163b8544cee15d1f0f	鲍照	拟行路难（其十七）	宋	7	3	日月流迈不相饶	入入平去入??	ZZPZ???	入/入/平/去/平上入/平去/平去
7b587933f95faa163b8544cee15d1f0f	鲍照	拟行路难（其十七）	宋	7	4	令我愁思怨恨多	?上平??去平	?ZP??ZP	平去/上/平/平去/平去/去/平
7b587933f95faa162dfd1d49cd4d37c9	鲍照	拟行路难（其十八）	宋	5	0	诸君莫叹贫	平平入去平	PPZ?P	平/平/入/平去/平
7b587933f95faa162dfd1d49cd4d37c9	鲍照	拟行路难（其十八）	宋	5	1	富贵不由人	去去入平平	ZZ?PP	去/去/平上入/平/平
7b587933f95faa162dfd1d49cd4d37c9	鲍照	拟行路难（其十八）	宋	7	2	丈夫四十强而仕	上平去入平平上	ZPZZPPZ	上/平/去/入/平/平/上
7b587933f95faa162dfd1d49cd4d37c9	鲍照	拟行路难（其十八）	宋	7	3	余当二十弱冠辰	平?去入入?平	P?ZZZ?P	平/平去/去/入/入/平去/平
7b587933f95faa162dfd1d49cd4d37c9	鲍照	拟行路难（其十八）	宋	7	4	莫言草木委冬雪	入平上入?平入	ZPZZ?PZ	入/平/上/入/平上/平/入
7b587933f95faa162dfd1d49cd4d37c9	鲍照	拟行路难（其十八）	宋	7	5	会应苏息遇阳春	去?平入去平平	Z?PZZPP	去/平去/平/入/去/平/平
7b587933f95faa162dfd1d49cd4d37c9	鲍照	拟行路难（其十八）	宋	5	6	对酒叙长篇	去上上?平	ZZZ?P	去/上/上/平上去/平
7b587933f95faa162dfd1d49cd4d37c9	鲍照	拟行路难（其十八）	宋	7	7	穷途运命委皇天	平平去去?平平	PPZZ?PP	平/平/去/去/平上/平/平
7b587933f95faa162dfd1d49cd4d37c9	鲍照	拟行路难（其十八）	宋	7	8	但愿樽中九酝满	?去平?上?上	?ZP?ZZZ	平上去/去/平/平去/上/上去/上
7b587933f95faa162dfd1d49cd4d37c9	鲍照	拟行路难（其十八）	宋	7	9	莫惜床头百个钱	入入平平入去?	ZZPPZZ?	入/入/平/平/入/去/平上
7b587933f95faa162dfd1d49cd4d37c9	鲍照	拟行路难（其十八）	宋	7	10	直得优游卒一岁	入入平平入入去	ZZPPZZZ	入/入/平/平/入/入/去
7b587933f95faa162dfd1d49cd4d37c9	鲍照	拟行路难（其十八）	宋	7	11	何劳辛苦事百年	平?平上去入平	??PZZZP	平上/平去/平/上去/去/入/平
7b587933f95faa16597fc6c2a0d2452e	鲍照	代放歌行	宋	5	0	蓼虫避葵堇	??去平?	Z?ZP?	上入/平上去/去/平/平上
7b587933f95faa16597fc6c2a0d2452e	鲍照	代放歌行	宋	5	1	习苦不言非	入上入平平	ZZ?PP	入/上去/平上入/平/平
7b587933f95faa16597fc6c2a0d2452e	鲍照	代放歌行	宋	5	2	小人自龌龊	上平去入入	ZPZZZ	上/平/去/入/入
7b587933f95faa16597fc6c2a0d2452e	鲍照	代放歌行	宋	5	3	安知旷士怀	平平去上平	PPZZP	平/平/去/上/平
7b587933f95faa16597fc6c2a0d2452e	鲍照	代放歌行	宋	5	4	鸡鸣洛城里	平平入平上	PPZPZ	平/平/入/平/上
7b587933f95faa16597fc6c2a0d2452e	鲍照	代放歌行	宋	5	5	禁门平旦开	?平平去平	?PPZP	平去/平/平/去/平
7b587933f95faa16597fc6c2a0d2452e	鲍照	代放歌行	宋	5	6	冠盖纵横至	????去	?Z??Z	平去/去入/平去/平去/去
7b587933f95faa16597fc6c2a0d2452e	鲍照	代放歌行	宋	5	7	车骑四方来	平?去平平	P?ZPP	平/平去/去/平/平
7b587933f95faa16597fc6c2a0d2452e	鲍照	代放歌行	宋	5	8	素带曳长飙	去去去?平	ZZZ?P	去/去/去/平上去/平
7b587933f95faa16597fc6c2a0d2452e	鲍照	代放歌行	宋	5	9	华缨结远埃	?平入?平	?PZZP	平去/平/入/上去/平
7b587933f95faa16597fc6c2a0d2452e	鲍照	代放歌行	宋	5	10	日中安能止	入?平?上	Z?P?Z	入/平去/平/平上去/上
7b587933f95faa16597fc6c2a0d2452e	鲍照	代放歌行	宋	5	11	钟鸣犹未归	平平平去平	PP?ZP	平/平/平去/去/平
7b587933f95faa16597fc6c2a0d2452e	鲍照	代放歌行	宋	5	12	夷世不可逢	平去入上平	PZ?ZP	平/去/平上入/上/平
7b587933f95faa16597fc6c2a0d2452e	鲍照	代放歌行	宋	5	13	贤君信爱才	平平去去?	PPZZ?	平/平/去/去/平去
7b587933f95faa16597fc6c2a0d2452e	鲍照	代放歌行	宋	5	14	明虑自天断	平去去平?	PZZPZ	平/去/去/平/上去
7b587933f95faa16597fc6c2a0d2452e	鲍照	代放歌行	宋	5	15	不受外嫌猜	入上去平平	?ZZPP	平上入/上/去/平/平
7b587933f95faa16597fc6c2a0d2452e	鲍照	代放歌行	宋	5	16	一言分珪爵	入平?平入	ZP?PZ	入/平/平去/平/入
7b587933f95faa16597fc6c2a0d2452e	鲍照	代放歌行	宋	5	17	片善辞草莱	去上平上?	ZZPZ?	去/上/平/上/平去
7b587933f95faa16597fc6c2a0d2452e	鲍照	代放歌行	宋	5	18	岂伊白璧赐	上平入入去	ZPZZZ	上/平/入/入/去
7b587933f95faa16597fc6c2a0d2452e	鲍照	代放歌行	宋	5	19	将起黄金台	?上平平平	?ZPPP	平去/上/平/平/平
7b587933f95faa16597fc6c2a0d2452e	鲍照	代放歌行	宋	5	20	今君有何疾	平平上平入	PPZ?Z	平/平/上/平上/入
7b587933f95faa16597fc6c2a0d2452e	鲍照	代放歌行	宋	5	21	临路独迟回	?去入平平	?ZZP?	平去/去/入/平/平去
7b587933f95faa16657183dab70c5984	鲍照	采菱歌七首	宋	5	0	骛舲驰桂浦	去平平去上	ZPPZZ	去/平/平/去/上
7b587933f95faa16657183dab70c5984	鲍照	采菱歌七首	宋	5	1	息棹偃椒潭	入去上平?	ZZZP?	入/去/上/平/平上
7b587933f95faa16657183dab70c5984	鲍照	采菱歌七首	宋	5	2	箫弄澄湘北	平去平平入	PZPPZ	平/去/平/平/入
7b587933f95faa16657183dab70c5984	鲍照	采菱歌七首	宋	5	3	菱歌清汉南	平平平去平	PPPZP	平/平/平/去/平
7b587933f95faa16657183dab70c5984	鲍照	采菱歌七首	宋	5	4	弭榜搴蕙荑	上?上去平	Z?ZZP	上/平上去/上/去/平
7b587933f95faa16657183dab70c5984	鲍照	采菱歌七首	宋	5	5	停唱纫薰若	平去平??	PZP??	平/去/平/平去/平上入
7b587933f95faa16657183dab70c5984	鲍照	采菱歌七首	宋	5	6	含伤拾泉花	平平入平平	P?ZPP	平/平去/入/平/平
7b587933f95faa16657183dab70c5984	鲍照	采菱歌七首	宋	5	7	萦念采云萼	平去上平入	PZZPZ	平/去/上/平/入
7b587933f95faa16657183dab70c5984	鲍照	采菱歌七首	宋	5	8	暌阔逢暄新	平入平平平	?ZPPP	/入/平/平/平
7b587933f95faa16657183dab70c5984	鲍照	采菱歌七首	宋	5	9	凄怨值妍华	平?去平?	P?ZP?	平/平去/去/平/平去
7b587933f95faa16657183dab70c5984	鲍照	采菱歌七首	宋	5	10	愁心不可荡	平平入上?	PP?Z?	平/平/平上入/上/平上去
7b587933f95faa16657183dab70c5984	鲍照	采菱歌七首	宋	5	11	春思乱如麻	平?去平平	P?Z?P	平/平去/去/平去/平
7b587933f95faa16657183dab70c5984	鲍照	采菱歌七首	宋	5	12	要艳双屿里	?去平上上	?ZPZZ	平去/去/平/上/上
7b587933f95faa16657183dab70c5984	鲍照	采菱歌七首	宋	5	13	望美两洲间	?上上平平	?ZZP?	平去/上/上去/平/
7b587933f95faa16657183dab70c5984	鲍照	采菱歌七首	宋	5	14	褭褭风出浦	上上平入上	ZZ?ZZ	上/上/平去/去入/上
7b587933f95faa16657183dab70c5984	鲍照	采菱歌七首	宋	5	15	容容日向山	平平入?平	PPZZP	平/平/入/上去/平
7b587933f95faa16657183dab70c5984	鲍照	采菱歌七首	宋	5	16	烟曀越嶂深	平去入去平	?ZZZ?	平去/去/入/去/平去
7b587933f95faa16657183dab70c5984	鲍照	采菱歌七首	宋	5	17	箭迅楚江急	去去上平入	ZZZPZ	去/去/上去/平/入
7b587933f95faa16657183dab70c5984	鲍照	采菱歌七首	宋	5	18	空抱琴中悲	?上平?平	?ZP?P	平去/上/平/平去/平
7b587933f95faa16657183dab70c5984	鲍照	采菱歌七首	宋	5	19	徒望近关泣	平??平入	P?ZPZ	平/平去/上去/平/入
7b587933f95faa16657183dab70c5984	鲍照	采菱歌七首	宋	5	20	缄叹凌珠渊	平去平平平	P?PPP	平/平去/平/平/平
7b587933f95faa16657183dab70c5984	鲍照	采菱歌七首	宋	5	21	收慨上金堤	?去?平?	?ZZP?	平去/去/上去/平/平上
7b587933f95faa16657183dab70c5984	鲍照	采菱歌七首	宋	5	22	春芳行歇落	平平?入入	PP?ZZ	平/平/平去/入/入
7b587933f95faa16657183dab70c5984	鲍照	采菱歌七首	宋	5	23	是人方未齐	上平平去?	ZPPZ?	上/平/平/去/平去
7b587933f95faa16657183dab70c5984	鲍照	采菱歌七首	宋	5	24	思今怀近忆	?平平?入	?PPZZ	平去/平/平/上去/入
7b587933f95faa16657183dab70c5984	鲍照	采菱歌七首	宋	5	25	望古怀远识	?上平??	?ZPZZ	平去/上/平/上去/去入
7b587933f95faa16657183dab70c5984	鲍照	采菱歌七首	宋	5	26	怀古复怀今	平上入平平	PZZPP	平/上/去入/平/平
7b587933f95faa16657183dab70c5984	鲍照	采菱歌七首	宋	5	27	长怀无终极	?平平平入	?PPPZ	平上去/平/平/平/入
7b587933f95faa1620c22033e153a9d4	鲍照	门有车马客行	宋	5	0	门有车马客	平上平上入	PZPZZ	平/上/平/上/入
7b587933f95faa1620c22033e153a9d4	鲍照	门有车马客行	宋	5	1	问君何乡士	去平平平上	ZP?PZ	去/平/平上/平/上
7b587933f95faa1620c22033e153a9d4	鲍照	门有车马客行	宋	5	2	捷步往相讯	入去上?去	ZZZ?Z	入/去/上/平去/去
7b587933f95faa1620c22033e153a9d4	鲍照	门有车马客行	宋	5	3	果得旧邻里	上入去平上	ZZZPZ	上/入/去/平/上
7b587933f95faa1620c22033e153a9d4	鲍照	门有车马客行	宋	5	4	凄凄声中情	平平平?平	PPP?P	平/平/平/平去/平
7b587933f95faa1620c22033e153a9d4	鲍照	门有车马客行	宋	5	5	慊慊增下俚	上上??上	ZZ?ZZ	上/上/平去/上去/上
7b587933f95faa1620c22033e153a9d4	鲍照	门有车马客行	宋	5	6	语昔有故悲	?入上去平	ZZZZP	上去/入/上/去/平
7b587933f95faa1620c22033e153a9d4	鲍照	门有车马客行	宋	5	7	论今无新喜	?平平平上	?PPPZ	平去/平/平/平/上
7b587933f95faa1620c22033e153a9d4	鲍照	门有车马客行	宋	5	8	清晨相访慰	平平?去去	PP?ZZ	平/平/平去/去/去
7b587933f95faa1620c22033e153a9d4	鲍照	门有车马客行	宋	5	9	日暮不能已	入去入平上	ZZ??Z	入/去/平上入/平上去/上去
7b587933f95faa1620c22033e153a9d4	鲍照	门有车马客行	宋	5	10	欢戚竞寻叙	平入去平上	PZZPZ	平/入/去/平/上
7b587933f95faa1620c22033e153a9d4	鲍照	门有车马客行	宋	5	11	谈调何终止	平?平平上	P??PZ	平/平去/平上/平/上
7b587933f95faa1620c22033e153a9d4	鲍照	门有车马客行	宋	5	12	辞端竟未究	平平去去去	PPZZZ	平/平/去/去/去
7b587933f95faa1620c22033e153a9d4	鲍照	门有车马客行	宋	5	13	忽唱分途始	入去?平上	ZZ?PZ	入/去/平去/平/上
7b587933f95faa1620c22033e153a9d4	鲍照	门有车马客行	宋	5	14	前悲尚未弭	平平?去上	PP?ZZ	平/平/平去/去/上
7b587933f95faa1620c22033e153a9d4	鲍照	门有车马客行	宋	5	15	后戚方复起	?入平入上	ZZPZZ	上去/入/平/去入/上
7b587933f95faa1620c22033e153a9d4	鲍照	门有车马客行	宋	5	16	嘶声盈我口	平平平上上	PPPZZ	平/平/平/上/上
7b587933f95faa1620c22033e153a9d4	鲍照	门有车马客行	宋	5	17	谈言在我耳	平平?上上	PPZZZ	平/平/上去/上/上
7b587933f95faa1620c22033e153a9d4	鲍照	门有车马客行	宋	5	18	愿尔笃行李	去上入?上	ZZZ?Z	去/上/入/平去/上
7b587933f95faa161434ad897e0eb003	鲍照	代升天行	宋	5	0	家世宅关辅	平去入平上	PZZPZ	平/去/入/平/上
7b587933f95faa161434ad897e0eb003	鲍照	代升天行	宋	5	1	胜带宦王城	?去去平平	?ZZ?P	平去/去/去/平去/平
7b587933f95faa161434ad897e0eb003	鲍照	代升天行	宋	5	2	备闻十帝事	去?入去去	Z?ZZZ	去/平去/入/去/去
7b587933f95faa161434ad897e0eb003	鲍照	代升天行	宋	5	3	委曲两都情	?入上平平	?ZZPP	平上/入/上去/平/平
7b587933f95faa161434ad897e0eb003	鲍照	代升天行	宋	5	4	倦见物兴衰	去去入?平	ZZZ?P	去/去/入/平去/平
7b587933f95faa161434ad897e0eb003	鲍照	代升天行	宋	5	5	骤睹俗屯平	去上入平平	ZZZPP	去/上/入/平/平
7b587933f95faa161434ad897e0eb003	鲍照	代升天行	宋	5	6	翩翻若回掌	平平?平上	PP??Z	平/平/平上入/平去/上
7b587933f95faa161434ad897e0eb003	鲍照	代升天行	宋	5	7	恍惚似朝荣	平入上平平	PZZPP	平/入/上/平/平
7b587933f95faa161434ad897e0eb003	鲍照	代升天行	宋	5	8	穷途悔短计	平平?上去	PPZZZ	平/平/上去/上/去
7b587933f95faa161434ad897e0eb003	鲍照	代升天行	宋	5	9	晚志重长生	上去??平	ZZ???	上/去/平上去/平上去/平去
7b587933f95faa161434ad897e0eb003	鲍照	代升天行	宋	5	10	从师入远岳	?平入?入	?PZZZ	平去/平/入/上去/入
7b587933f95faa161434ad897e0eb003	鲍照	代升天行	宋	5	11	结友事仙灵	入上去平平	ZZZPP	入/上/去/平/平
7b587933f95faa161434ad897e0eb003	鲍照	代升天行	宋	5	12	五图发金记	上平入平去	ZPZPZ	上/平/入/平/去
7b587933f95faa161434ad897e0eb003	鲍照	代升天行	宋	5	13	九籥隐丹经	上入上平?	ZZZP?	上/入/上去/平/平去
7b587933f95faa161434ad897e0eb003	鲍照	代升天行	宋	5	14	风餐委松宿	平平?平?	?P??Z	平去/平/平上/平去/去入
7b587933f95faa161434ad897e0eb003	鲍照	代升天行	宋	5	15	云卧恣天行	平去去平?	PZZP?	平/去/去/平/平去
7b587933f95faa161434ad897e0eb003	鲍照	代升天行	宋	5	16	冠霞登彩阁	?平平上入	?PPZZ	平去/平/平/上/入
7b587933f95faa161434ad897e0eb003	鲍照	代升天行	宋	5	17	解玉饮椒庭	?入?平平	ZZZPP	上去/入/上去/平/平
7b587933f95faa161434ad897e0eb003	鲍照	代升天行	宋	5	18	暂游越万里	去平入去上	ZPZZZ	去/平/入/去入/上
7b587933f95faa161434ad897e0eb003	鲍照	代升天行	宋	5	19	少别数千龄	?入?平平	ZZZPP	上去/去入/上去入/平/平
7b587933f95faa161434ad897e0eb003	鲍照	代升天行	宋	5	20	凤台无还驾	去平平平去	ZPPPZ	去/平/平/平/去
7b587933f95faa161434ad897e0eb003	鲍照	代升天行	宋	5	21	箫管有遗声	平上上?平	PZZ?P	平/上/上/平去/平
7b587933f95faa161434ad897e0eb003	鲍照	代升天行	宋	5	22	何时与汝曹	平平?上平	?P?ZP	平上/平/平上去/上/平
7b587933f95faa161434ad897e0eb003	鲍照	代升天行	宋	5	23	啄腐共吞腥	入上?平?	ZZ?P?	入/上/平去/平/平去
7b587933f95faa16f2acb9f50e750ac9	鲍照	代陈思王《白马篇》	宋	5	0	白马骍角弓	入上平入平	ZZPZP	入/上/平/入/平
7b587933f95faa16f2acb9f50e750ac9	鲍照	代陈思王《白马篇》	宋	5	1	鸣鞭乘北风	平平?入平	PP?Z?	平/平/平去/入/平去
7b587933f95faa16f2acb9f50e750ac9	鲍照	代陈思王《白马篇》	宋	5	2	要途问边急	?平去平入	?PZPZ	平去/平/去/平/入
7b587933f95faa16f2acb9f50e750ac9	鲍照	代陈思王《白马篇》	宋	5	3	杂虏入云中	入上入平平	ZZZP?	入/上/入/平/平去
7b587933f95faa16f2acb9f50e750ac9	鲍照	代陈思王《白马篇》	宋	5	4	闭壁自往夏	?入去上?	ZZZZZ	去入/入/去/上/上去
7b587933f95faa16f2acb9f50e750ac9	鲍照	代陈思王《白马篇》	宋	5	5	清野径还冬	平上去平平	PZZPP	平/上/去/平/平
7b587933f95faa16f2acb9f50e750ac9	鲍照	代陈思王《白马篇》	宋	5	6	侨装多阙绝	平?平入入	P?PZZ	平/平去/平/入/入
7b587933f95faa16f2acb9f50e750ac9	鲍照	代陈思王《白马篇》	宋	5	7	旅服少裁缝	上入???	ZZZ??	上/入/上去/平去/平去
7b587933f95faa16f2acb9f50e750ac9	鲍照	代陈思王《白马篇》	宋	5	8	埋身守汉境	平平?去上	PPZZZ	平/平/上去/去/上
7b587933f95faa16f2acb9f50e750ac9	鲍照	代陈思王《白马篇》	宋	5	9	沈命对胡封	?去去平?	?ZZP?	平上去/去/去/平/平去
7b587933f95faa16f2acb9f50e750ac9	鲍照	代陈思王《白马篇》	宋	5	10	薄暮塞云起	入去?平上	ZZZPZ	入/去/去入/平/上
7b587933f95faa16f2acb9f50e750ac9	鲍照	代陈思王《白马篇》	宋	5	11	飞沙被远松	平平??平	P?ZZ?	平/平去/上去/上去/平去
7b587933f95faa16f2acb9f50e750ac9	鲍照	代陈思王《白马篇》	宋	5	12	含悲望两都	平平?上平	PP?ZP	平/平/平去/上去/平
7b587933f95faa16f2acb9f50e750ac9	鲍照	代陈思王《白马篇》	宋	5	13	楚歌登四墉	上平平去平	ZPPZP	上去/平/平/去/平
7b587933f95faa16f2acb9f50e750ac9	鲍照	代陈思王《白马篇》	宋	5	14	丈夫设计误	上平入去去	ZPZZZ	上/平/入/去/去
7b587933f95faa16f2acb9f50e750ac9	鲍照	代陈思王《白马篇》	宋	5	15	怀恨逐边戎	平去入平平	PZZPP	平/去/入/平/平
7b587933f95faa16f2acb9f50e750ac9	鲍照	代陈思王《白马篇》	宋	5	16	弃别中国爱	去入?入去	ZZ?ZZ	去/去入/平去/入/去
7b587933f95faa16f2acb9f50e750ac9	鲍照	代陈思王《白马篇》	宋	5	17	要冀胡马功	?去平上平	?ZPZP	平去/去/平/上/平
7b587933f95faa16f2acb9f50e750ac9	鲍照	代陈思王《白马篇》	宋	5	18	去来今何道	?平平平上	ZPP?Z	上去/平/平/平上/上
7b587933f95faa16f2acb9f50e750ac9	鲍照	代陈思王《白马篇》	宋	5	19	卑贱生所锺	平去平上平	PZ?ZP	平/去/平去/上/平
7b587933f95faa16f2acb9f50e750ac9	鲍照	代陈思王《白马篇》	宋	5	20	但令塞上儿	????平	??ZZP	平上去/平去/去入/上去/平
7b587933f95faa16f2acb9f50e750ac9	鲍照	代陈思王《白马篇》	宋	5	21	知我独为雄	平上入?平	PZZ?P	平/上/入/平去/平
7b587933f95faa16f4a51048d495446a	鲍照	学刘公幹体诗五首	宋	5	0	欲宦乏王事	入去入平去	ZZZ?Z	入/去/入/平去/去
7b587933f95faa16f4a51048d495446a	鲍照	学刘公幹体诗五首	宋	5	1	结主远恩私	入上?平平	ZZZPP	入/上/上去/平/平
7b587933f95faa16f4a51048d495446a	鲍照	学刘公幹体诗五首	宋	5	2	为身不为名	?平入?平	?P??P	平去/平/平上入/平去/平
7b587933f95faa16f4a51048d495446a	鲍照	学刘公幹体诗五首	宋	5	3	散书徒满帷	?平平上平	ZPPZP	上去/平/平/上/平
7b587933f95faa16f4a51048d495446a	鲍照	学刘公幹体诗五首	宋	5	4	连冰上冬月	平平?平入	PPZPZ	平/平/上去/平/入
7b587933f95faa16f4a51048d495446a	鲍照	学刘公幹体诗五首	宋	5	5	披雪拾园葵	?入入平平	?ZZPP	平上/入/入/平/平
7b587933f95faa16f4a51048d495446a	鲍照	学刘公幹体诗五首	宋	5	6	圣灵烛区外	?平入平去	ZPZPZ	去入/平/入/平/去
7b587933f95faa16f4a51048d495446a	鲍照	学刘公幹体诗五首	宋	5	7	小臣良见遗	上平平去?	ZPPZ?	上/平/平/去/平去
7b587933f95faa16f4a51048d495446a	鲍照	学刘公幹体诗五首	宋	5	8	曀曀寒野雾	去去平上去	ZZPZZ	去/去/平/上/去
7b587933f95faa16f4a51048d495446a	鲍照	学刘公幹体诗五首	宋	5	9	苍苍阴山柏	??平平入	??PPZ	平上/平上/平/平/入
7b587933f95faa16f4a51048d495446a	鲍照	学刘公幹体诗五首	宋	5	10	树回雾萦集	?平去平入	Z?ZPZ	上去/平去/去/平/入
7b587933f95faa16f4a51048d495446a	鲍照	学刘公幹体诗五首	宋	5	11	山寒野风急	平平上平入	PPZ?Z	平/平/上/平去/入
7b587933f95faa16f4a51048d495446a	鲍照	学刘公幹体诗五首	宋	5	12	岁物尽沦伤	去入上平平	ZZZP?	去/入/上/平/平去
7b587933f95faa16f4a51048d495446a	鲍照	学刘公幹体诗五首	宋	5	13	孤贞为谁立	平平?平入	PP?PZ	平/平/平去/平/入
7b587933f95faa16f4a51048d495446a	鲍照	学刘公幹体诗五首	宋	5	14	赖树自能贞	去?去?平	ZZZ?P	去/上去/去/平上去/平
7b587933f95faa16f4a51048d495446a	鲍照	学刘公幹体诗五首	宋	5	15	不计迹幽涩	入去入平入	?ZZPZ	平上入/去/入/平/入
7b587933f95faa16f4a51048d495446a	鲍照	学刘公幹体诗五首	宋	5	16	胡风吹朔雪	平平?入入	P??ZZ	平/平去/平去/入/入
7b587933f95faa16f4a51048d495446a	鲍照	学刘公幹体诗五首	宋	5	17	千里度龙山	平上?平平	PZZPP	平/上/去入/平/平
7b587933f95faa16f4a51048d495446a	鲍照	学刘公幹体诗五首	宋	5	18	集君瑶台上	入平平平?	ZPPPZ	入/平/平/平/上去
7b587933f95faa16f4a51048d495446a	鲍照	学刘公幹体诗五首	宋	5	19	飞舞两楹前	平上上平平	PZZPP	平/上/上去/平/平
7b587933f95faa16f4a51048d495446a	鲍照	学刘公幹体诗五首	宋	5	20	兹晨自为美	平平去?上	PPZ?Z	平/平/去/平去/上
7b587933f95faa16f4a51048d495446a	鲍照	学刘公幹体诗五首	宋	5	21	当避艳阳天	?去去平平	?ZZPP	平去/去/去/平/平
7b587933f95faa16f4a51048d495446a	鲍照	学刘公幹体诗五首	宋	5	22	艳阳桃李节	去平平上入	ZPPZZ	去/平/平/上/入
7b587933f95faa16f4a51048d495446a	鲍照	学刘公幹体诗五首	宋	5	23	皎洁不成妍	上入入平平	ZZ?PP	上/入/平上入/平/平
7b587933f95faa16f4a51048d495446a	鲍照	学刘公幹体诗五首	宋	5	24	荷生绿泉中	?平入平?	??ZP?	平上/平去/入/平/平去
7b587933f95faa16f4a51048d495446a	鲍照	学刘公幹体诗五首	宋	5	25	碧叶齐如规	入入?平平	ZZ??P	入/入/平去/平去/平
7b587933f95faa16f4a51048d495446a	鲍照	学刘公幹体诗五首	宋	5	26	回风荡流雾	平平?平去	???PZ	平去/平去/平上去/平/去
7b587933f95faa16f4a51048d495446a	鲍照	学刘公幹体诗五首	宋	5	27	珠水逐条垂	平上入平平	PZZPP	平/上/入/平/平
7b587933f95faa16f4a51048d495446a	鲍照	学刘公幹体诗五首	宋	5	28	彪炳此金塘	平上上平平	PZZPP	平/上/上/平/平
7b587933f95faa16f4a51048d495446a	鲍照	学刘公幹体诗五首	宋	5	29	藻耀君王池	上去平平平	ZZP?P	上/去/平/平去/平
7b587933f95faa16f4a51048d495446a	鲍照	学刘公幹体诗五首	宋	5	30	不愁世赏绝	入平去上入	?PZZZ	平上入/平/去/上/入
7b587933f95faa16f4a51048d495446a	鲍照	学刘公幹体诗五首	宋	5	31	但畏盛明移	?去?平平	?Z?PP	平上去/去/平去/平/平
7b587933f95faa16f4a51048d495446a	鲍照	学刘公幹体诗五首	宋	5	32	白日正中时	入入??平	ZZ??P	入/入/平去/平去/平
7b587933f95faa16f4a51048d495446a	鲍照	学刘公幹体诗五首	宋	5	33	天下共明光	平??平平	PZ?P?	平/上去/平去/平/平去
7b587933f95faa16f4a51048d495446a	鲍照	学刘公幹体诗五首	宋	5	34	北园有细草	入平上去上	ZPZZZ	入/平/上/去/上
7b587933f95faa16f4a51048d495446a	鲍照	学刘公幹体诗五首	宋	5	35	当昼正含霜	?去?平平	?Z?PP	平去/去/平去/平/平
7b587933f95faa16f4a51048d495446a	鲍照	学刘公幹体诗五首	宋	5	36	乖荣顿如此	平平去平上	PPZ?Z	平/平/去/平去/上
7b587933f95faa16f4a51048d495446a	鲍照	学刘公幹体诗五首	宋	5	37	何用独芬芳	平去入平平	?ZZPP	平上/去/入/平/平
7b587933f95faa16f4a51048d495446a	鲍照	学刘公幹体诗五首	宋	5	38	抽琴为尔歌	平平?上平	PP?ZP	平/平/平去/上/平
7b587933f95faa16f4a51048d495446a	鲍照	学刘公幹体诗五首	宋	5	39	弦断不成章	平?入平平	?Z?PP	平去/上去/平上入/平/平
7b587933f95faa16242f6fdc3a4f6386	鲍照	代《东武吟》	宋	5	0	主人且勿喧	上平?入平	ZP?ZP	上/平/平上/入/平
7b587933f95faa16242f6fdc3a4f6386	鲍照	代《东武吟》	宋	5	1	贱子歌一言	去上平入平	ZZPZP	去/上/平/入/平
7b587933f95faa16242f6fdc3a4f6386	鲍照	代《东武吟》	宋	5	2	仆本寒乡士	?上平平上	ZZPPZ	去入/上/平/平/上
7b587933f95faa16242f6fdc3a4f6386	鲍照	代《东武吟》	宋	5	3	出身蒙汉恩	入平?去平	ZP?ZP	去入/平/平上/去/平
7b587933f95faa16242f6fdc3a4f6386	鲍照	代《东武吟》	宋	5	4	始随张校尉	上平?去?	ZP?ZZ	上/平/平去/去/去入
7b587933f95faa16242f6fdc3a4f6386	鲍照	代《东武吟》	宋	5	5	召募到河源	去去去平平	ZZZPP	去/去/去/平/平
7b587933f95faa16242f6fdc3a4f6386	鲍照	代《东武吟》	宋	5	6	后逐李轻车	?入上?平	ZZZ?P	上去/入/上/平去/平
7b587933f95faa16242f6fdc3a4f6386	鲍照	代《东武吟》	宋	5	7	追虏穷塞垣	平上平?平	PZPZP	平/上/平/去入/平
7b587933f95faa16242f6fdc3a4f6386	鲍照	代《东武吟》	宋	5	8	密途亘万里	入平去去上	ZPZZZ	入/平/去/去入/上
7b587933f95faa16242f6fdc3a4f6386	鲍照	代《东武吟》	宋	5	9	宁岁犹七奔	?去平入?	?Z?Z?	平上去/去/平去/入/平去
7b587933f95faa16242f6fdc3a4f6386	鲍照	代《东武吟》	宋	5	10	肌力尽鞍甲	平入上?入	PZZ?Z	平/入/上//入
7b587933f95faa16242f6fdc3a4f6386	鲍照	代《东武吟》	宋	5	11	心思历凉温	平?入?平	P?Z?P	平/平去/入/平去/平
7b587933f95faa16242f6fdc3a4f6386	鲍照	代《东武吟》	宋	5	12	将军既下世	?平去?去	?PZZZ	平去/平/去/上去/去
7b587933f95faa16242f6fdc3a4f6386	鲍照	代《东武吟》	宋	5	13	部曲亦罕存	上入入?平	ZZZ?P	上/入/入//平
7b587933f95faa16242f6fdc3a4f6386	鲍照	代《东武吟》	宋	5	14	时事一朝异	平去入平去	PZZP?	平/去/入/平/平去
7b587933f95faa16242f6fdc3a4f6386	鲍照	代《东武吟》	宋	5	15	孤绩谁复论	平入平入?	PZPZ?	平/入/平/去入/平去
7b587933f95faa16242f6fdc3a4f6386	鲍照	代《东武吟》	宋	5	16	少壮辞家去	?去平平?	ZZPPZ	上去/去/平/平/上去
7b587933f95faa16242f6fdc3a4f6386	鲍照	代《东武吟》	宋	5	17	穷老还入门	平上平入平	PZPZP	平/上/平/入/平
7b587933f95faa16242f6fdc3a4f6386	鲍照	代《东武吟》	宋	5	18	腰鎌刈葵藿	平平去平入	PPZPZ	平/平/去/平/入
7b587933f95faa16242f6fdc3a4f6386	鲍照	代《东武吟》	宋	5	19	倚杖牧鸡豚	?上入平平	ZZZPP	上去/上/入/平/平
7b587933f95faa16242f6fdc3a4f6386	鲍照	代《东武吟》	宋	5	20	昔如韝上鹰	入平平?平	Z?PZP	入/平去/平/上去/平
7b587933f95faa16242f6fdc3a4f6386	鲍照	代《东武吟》	宋	5	21	今似槛中猿	平上上?平	PZZ?P	平/上/上/平去/平
7b587933f95faa16242f6fdc3a4f6386	鲍照	代《东武吟》	宋	5	22	徒结千载恨	平入平?去	PZPZZ	平/入/平/上去/去
7b587933f95faa16242f6fdc3a4f6386	鲍照	代《东武吟》	宋	5	23	空负百年怨	?上入平?	?ZZP?	平去/上/入/平/平去
7b587933f95faa16242f6fdc3a4f6386	鲍照	代《东武吟》	宋	5	24	弃席思君幄	去入?平入	ZZ?PZ	去/入/平去/平/入
7b587933f95faa16242f6fdc3a4f6386	鲍照	代《东武吟》	宋	5	25	疲马恋君轩	平上去平平	PZZPP	平/上/去/平/平
7b587933f95faa16242f6fdc3a4f6386	鲍照	代《东武吟》	宋	5	26	愿垂晋主惠	去平去上去	ZPZZZ	去/平/去/上/去
7b587933f95faa16242f6fdc3a4f6386	鲍照	代《东武吟》	宋	5	27	不愧田子魂	入去平上?	?ZPZ?	平上入/去/平/上/
7b587933f95faa16fa5b7e8f6a13da4c	鲍照	代《东门行》	宋	5	0	伤禽恶弦惊	平平?平平	?P??P	平去/平/平去入/平去/平
7b587933f95faa16fa5b7e8f6a13da4c	鲍照	代《东门行》	宋	5	1	倦客恶离声	去入??平	ZZ??P	去/入/平去入/平去/平
7b587933f95faa16fa5b7e8f6a13da4c	鲍照	代《东门行》	宋	5	2	离声断客情	?平?入平	?PZZP	平去/平/上去/入/平
7b587933f95faa16fa5b7e8f6a13da4c	鲍照	代《东门行》	宋	5	3	宾御皆涕零	平?平??	PZPZ?	平/上去/平/上去/平去
7b587933f95faa16fa5b7e8f6a13da4c	鲍照	代《东门行》	宋	5	4	涕零心断绝	??平?入	Z?PZZ	上去/平去/平/上去/入
7b587933f95faa16fa5b7e8f6a13da4c	鲍照	代《东门行》	宋	5	5	将去复还诀	??入平入	?ZZPZ	平去/上去/去入/平/入
7b587933f95faa16fa5b7e8f6a13da4c	鲍照	代《东门行》	宋	5	6	一息不相知	入入入平平	ZZ??P	入/入/平上入/平去/平
7b587933f95faa16fa5b7e8f6a13da4c	鲍照	代《东门行》	宋	5	7	何况异乡别	平去去平入	?Z?PZ	平上/去/平去/平/去入
7b587933f95faa16fa5b7e8f6a13da4c	鲍照	代《东门行》	宋	5	8	遥遥征驾远	平平?去?	PP?ZZ	平/平/平上/去/上去
7b587933f95faa16fa5b7e8f6a13da4c	鲍照	代《东门行》	宋	5	9	杳杳白日晚	上上入入上	ZZZZZ	上/上/入/入/上
7b587933f95faa16fa5b7e8f6a13da4c	鲍照	代《东门行》	宋	5	10	居人掩闺卧	平平上平去	PPZPZ	平/平/上/平/去
7b587933f95faa16fa5b7e8f6a13da4c	鲍照	代《东门行》	宋	5	11	行子夜中饭	?上去??	?ZZ?Z	平去/上/去/平去/上去
7b587933f95faa16fa5b7e8f6a13da4c	鲍照	代《东门行》	宋	5	12	野风吹秋木	上平?平入	Z??PZ	上/平去/平去/平/入
7b587933f95faa16fa5b7e8f6a13da4c	鲍照	代《东门行》	宋	5	13	行子心肠断	?上平平?	?ZPPZ	平去/上/平/平/上去
7b587933f95faa16fa5b7e8f6a13da4c	鲍照	代《东门行》	宋	5	14	食梅常苦酸	?平平上平	ZPPZP	去入/平/平/上去/平
7b587933f95faa16fa5b7e8f6a13da4c	鲍照	代《东门行》	宋	5	15	衣葛常苦寒	?入平上平	?ZPZP	平去/入/平/上去/平
7b587933f95faa16fa5b7e8f6a13da4c	鲍照	代《东门行》	宋	5	16	丝竹徒满座	平入平上去	PZPZZ	平/入/平/上/去
7b587933f95faa16fa5b7e8f6a13da4c	鲍照	代《东门行》	宋	5	17	忧人不解颜	平平入?平	?P?ZP	平去/平/平上入/上去/平
7b587933f95faa16fa5b7e8f6a13da4c	鲍照	代《东门行》	宋	5	18	长歌欲自慰	?平入去去	?PZZZ	平上去/平/入/去/去
7b587933f95faa16fa5b7e8f6a13da4c	鲍照	代《东门行》	宋	5	19	弥起长恨端	平上?去平	?Z?ZP	平上/上/平上去/去/平
7b587933f95faa16761815d7a0d2452e	鲍照	代《放歌行》	宋	5	0	蓼虫避葵堇	??去平?	Z?ZP?	上入/平上去/去/平/平上
7b587933f95faa16761815d7a0d2452e	鲍照	代《放歌行》	宋	5	1	习苦不言非	入上入平平	ZZ?PP	入/上去/平上入/平/平
7b587933f95faa16761815d7a0d2452e	鲍照	代《放歌行》	宋	5	2	小人自龌龊	上平去入入	ZPZZZ	上/平/去/入/入
7b587933f95faa16761815d7a0d2452e	鲍照	代《放歌行》	宋	5	3	安知旷士怀	平平去上平	PPZZP	平/平/去/上/平
7b587933f95faa16761815d7a0d2452e	鲍照	代《放歌行》	宋	5	4	鸡鸣洛城里	平平入平上	PPZPZ	平/平/入/平/上
7b587933f95faa16761815d7a0d2452e	鲍照	代《放歌行》	宋	5	5	禁门平旦开	?平平去平	?PPZP	平去/平/平/去/平
7b587933f95faa16761815d7a0d2452e	鲍照	代《放歌行》	宋	5	6	冠盖纵横至	????去	?Z??Z	平去/去入/平去/平去/去
7b587933f95faa16761815d7a0d2452e	鲍照	代《放歌行》	宋	5	7	车骑四方来	平?去平平	P?ZPP	平/平去/去/平/平
7b587933f95faa16761815d7a0d2452e	鲍照	代《放歌行》	宋	5	8	素带曳长飙	去去去?平	ZZZ?P	去/去/去/平上去/平
7b587933f95faa16761815d7a0d2452e	鲍照	代《放歌行》	宋	5	9	华缨结远埃	?平入?平	?PZZP	平去/平/入/上去/平
7b587933f95faa16761815d7a0d2452e	鲍照	代《放歌行》	宋	5	10	日中安能止	入?平?上	Z?P?Z	入/平去/平/平上去/上
7b587933f95faa16761815d7a0d2452e	鲍照	代《放歌行》	宋	5	11	钟鸣犹未归	平平平去平	PP?ZP	平/平/平去/去/平
7b587933f95faa16761815d7a0d2452e	鲍照	代《放歌行》	宋	5	12	夷世不可逢	平去入上平	PZ?ZP	平/去/平上入/上/平
7b587933f95faa16761815d7a0d2452e	鲍照	代《放歌行》	宋	5	13	贤君信爱才	平平去去?	PPZZ?	平/平/去/去/平去
7b587933f95faa16761815d7a0d2452e	鲍照	代《放歌行》	宋	5	14	明虑自天断	平去去平?	PZZPZ	平/去/去/平/上去
7b587933f95faa16761815d7a0d2452e	鲍照	代《放歌行》	宋	5	15	不受外嫌猜	入上去平平	?ZZPP	平上入/上/去/平/平
7b587933f95faa16761815d7a0d2452e	鲍照	代《放歌行》	宋	5	16	一言分珪爵	入平?平入	ZP?PZ	入/平/平去/平/入
7b587933f95faa16761815d7a0d2452e	鲍照	代《放歌行》	宋	5	17	片善辞草莱	去上平上?	ZZPZ?	去/上/平/上/平去
7b587933f95faa16761815d7a0d2452e	鲍照	代《放歌行》	宋	5	18	岂伊白璧赐	上平入入去	ZPZZZ	上/平/入/入/去
7b587933f95faa16761815d7a0d2452e	鲍照	代《放歌行》	宋	5	19	将起黄金台	?上平平平	?ZPPP	平去/上/平/平/平
7b587933f95faa16761815d7a0d2452e	鲍照	代《放歌行》	宋	5	20	今君有何疾	平平上平入	PPZ?Z	平/平/上/平上/入
7b587933f95faa16761815d7a0d2452e	鲍照	代《放歌行》	宋	5	21	临路独迟回	?去入平平	?ZZP?	平去/去/入/平/平去
7b587933f95faa16974855855b2eda42	鲍照	代《结客少年场行》	宋	5	0	骢马金络头	平上平入平	PZPZP	平/上/平/入/平
7b587933f95faa16974855855b2eda42	鲍照	代《结客少年场行》	宋	5	1	锦带佩吴钩	上去去平平	ZZZPP	上/去/去/平/平
7b587933f95faa16974855855b2eda42	鲍照	代《结客少年场行》	宋	5	2	失意杯酒间	入去平上平	ZZPZ?	入/去/平/上/
7b587933f95faa16974855855b2eda42	鲍照	代《结客少年场行》	宋	5	3	白刃起相仇	入去上?平	ZZZ?P	入/去/上/平去/平
7b587933f95faa16974855855b2eda42	鲍照	代《结客少年场行》	宋	5	4	追兵一旦至	平平入去去	PPZZZ	平/平/入/去/去
7b587933f95faa16974855855b2eda42	鲍照	代《结客少年场行》	宋	5	5	负剑远行游	上???平	Z?Z?P	上//上去/平去/平
7b587933f95faa16974855855b2eda42	鲍照	代《结客少年场行》	宋	5	6	去乡三十载	?平平入?	ZP?ZZ	上去/平/平去/入/上去
7b587933f95faa16974855855b2eda42	鲍照	代《结客少年场行》	宋	5	7	复得还旧丘	入入平去平	ZZPZP	去入/入/平/去/平
7b587933f95faa16974855855b2eda42	鲍照	代《结客少年场行》	宋	5	8	升高临四关	平平?去平	PP?ZP	平/平/平去/去/平
7b587933f95faa16974855855b2eda42	鲍照	代《结客少年场行》	宋	5	9	表里望皇州	上上?平平	ZZ?PP	上/上/平去/平/平
7b587933f95faa16974855855b2eda42	鲍照	代《结客少年场行》	宋	5	10	九途平若水	上平平?上	ZPP?Z	上/平/平/平上入/上
7b587933f95faa16974855855b2eda42	鲍照	代《结客少年场行》	宋	5	11	双阙似云浮	平入上平平	PZZPP	平/入/上/平/平
7b587933f95faa16974855855b2eda42	鲍照	代《结客少年场行》	宋	5	12	扶宫罗将相	平平平??	PPP??	平/平/平/平去/平去
7b587933f95faa16974855855b2eda42	鲍照	代《结客少年场行》	宋	5	13	夹道列王侯	入上?平平	ZZ??P	入/上/平入/平去/平
7b587933f95faa16974855855b2eda42	鲍照	代《结客少年场行》	宋	5	14	日中市朝满	入?上平上	Z?ZPZ	入/平去/上/平/上
7b587933f95faa16974855855b2eda42	鲍照	代《结客少年场行》	宋	5	15	车马若川流	平上?平平	PZ?PP	平/上/平上入/平/平
7b587933f95faa16974855855b2eda42	鲍照	代《结客少年场行》	宋	5	16	击钟陈鼎食	入平?上?	ZP?ZZ	入/平/平去/上/去入
7b587933f95faa16974855855b2eda42	鲍照	代《结客少年场行》	宋	5	17	方驾自相求	平去去?平	PZZ?P	平/去/去/平去/平
7b587933f95faa16974855855b2eda42	鲍照	代《结客少年场行》	宋	5	18	今我独何为	平上入平?	PZZ??	平/上/入/平上/平去
7b587933f95faa16974855855b2eda42	鲍照	代《结客少年场行》	宋	5	19	埳壈怀百忧	上上平入平	ZZPZ?	上/上/平/入/平去
7b587933f95faa168072b65cedfefdfe	鲍照	咏史	宋	5	0	五都矜财雄	上平平平平	ZPPPP	上/平/平/平/平
7b587933f95faa168072b65cedfefdfe	鲍照	咏史	宋	5	1	三川养声利	平平?平去	?PZPZ	平去/平/上去/平/去
7b587933f95faa168072b65cedfefdfe	鲍照	咏史	宋	5	2	百金不市死	入平入上上	ZP?ZZ	入/平/平上入/上/上
7b587933f95faa168072b65cedfefdfe	鲍照	咏史	宋	5	3	明经有高位	平?上平去	P?ZPZ	平/平去/上/平/去
7b587933f95faa168072b65cedfefdfe	鲍照	咏史	宋	5	4	京城十二衢	平平入去平	PPZZP	平/平/入/去/平
7b587933f95faa168072b65cedfefdfe	鲍照	咏史	宋	5	5	飞甍各鳞次	平平入平去	PPZPZ	平/平/入/平/去
7b587933f95faa168072b65cedfefdfe	鲍照	咏史	宋	5	6	仕子彯华缨	上上??平	ZZ??P	上/上/平去/平去/平
7b587933f95faa168072b65cedfefdfe	鲍照	咏史	宋	5	7	游客竦轻辔	平入上?去	PZZ?Z	平/入/上/平去/去
7b587933f95faa168072b65cedfefdfe	鲍照	咏史	宋	5	8	明星晨未稀	平平平去平	PPPZP	平/平/平/去/平
7b587933f95faa168072b65cedfefdfe	鲍照	咏史	宋	5	9	轩盖已云至	平?上平去	PZZPZ	平/去入/上去/平/去
7b587933f95faa168072b65cedfefdfe	鲍照	咏史	宋	5	10	宾御纷飒沓	平?平入入	PZPZZ	平/上去/平/入/入
7b587933f95faa168072b65cedfefdfe	鲍照	咏史	宋	5	11	鞍马光照地	?上平去去	?Z?ZZ	/上/平去/去/去
7b587933f95faa168072b65cedfefdfe	鲍照	咏史	宋	5	12	寒暑在一时	平上?入平	PZZZP	平/上/上去/入/平
7b587933f95faa168072b65cedfefdfe	鲍照	咏史	宋	5	13	繁华及春媚	平?入平去	P?ZPZ	平/平去/入/平/去
7b587933f95faa168072b65cedfefdfe	鲍照	咏史	宋	5	14	君平独寂寞	平平入入入	PPZZZ	平/平/入/入/入
7b587933f95faa168072b65cedfefdfe	鲍照	咏史	宋	5	15	身世两相弃	平去上?去	PZZ?Z	平/去/上去/平去/去
7b587933f95faa162786b32fcde008c3	鲍照	发后渚诗	宋	5	0	江上气早寒	平?去上平	PZZZP	平/上去/去/上/平
7b587933f95faa162786b32fcde008c3	鲍照	发后渚诗	宋	5	1	仲秋始霜雪	去平上平入	ZPZPZ	去/平/上/平/入
7b587933f95faa162786b32fcde008c3	鲍照	发后渚诗	宋	5	2	从军乏衣粮	?平入?平	?PZ?P	平去/平/入/平去/平
7b587933f95faa162786b32fcde008c3	鲍照	发后渚诗	宋	5	3	方冬与家别	平平?平入	PP?PZ	平/平/平上去/平/去入
7b587933f95faa162786b32fcde008c3	鲍照	发后渚诗	宋	5	4	萧条背乡心	平平去平平	PPZPP	平/平/去/平/平
7b587933f95faa162786b32fcde008c3	鲍照	发后渚诗	宋	5	5	凄怆清渚发	平?平上入	PZPZZ	平/上去/平/上/入
7b587933f95faa162786b32fcde008c3	鲍照	发后渚诗	宋	5	6	凉埃晦平皋	?平去平平	?PZPP	平去/平/去/平/平
7b587933f95faa162786b32fcde008c3	鲍照	发后渚诗	宋	5	7	飞潮隐修樾	平平上平入	PPZPZ	平/平/上去/平/入
7b587933f95faa162786b32fcde008c3	鲍照	发后渚诗	宋	5	8	孤光独徘徊	平平入平平	P?ZPP	平/平去/入/平/平
7b587933f95faa162786b32fcde008c3	鲍照	发后渚诗	宋	5	9	空烟视升灭	?平?平入	??ZPZ	平去/平去/上去/平/入
7b587933f95faa162786b32fcde008c3	鲍照	发后渚诗	宋	5	10	途随前峰远	平平平平?	PPPPZ	平/平/平/平/上去
7b587933f95faa162786b32fcde008c3	鲍照	发后渚诗	宋	5	11	意逐后云结	去入?平入	ZZZPZ	去/入/上去/平/入
7b587933f95faa162786b32fcde008c3	鲍照	发后渚诗	宋	5	12	华志分驰年	?去?平平	?Z?PP	平去/去/平去/平/平
7b587933f95faa162786b32fcde008c3	鲍照	发后渚诗	宋	5	13	韶颜惨惊节	平平上平入	PPZPZ	平/平/上/平/入
7b587933f95faa162786b32fcde008c3	鲍照	发后渚诗	宋	5	14	推琴三起叹	平平平上去	PP?Z?	平/平/平去/上/平去
7b587933f95faa162786b32fcde008c3	鲍照	发后渚诗	宋	5	15	声为君断绝	平?平?入	P?PZZ	平/平去/平/上去/入
7b587933f95faa16c4026cd89811a0ea	鲍照	行京口至竹里	宋	5	0	高柯危且竦	平平平?上	PPP?Z	平/平/平/平上/上
7b587933f95faa16c4026cd89811a0ea	鲍照	行京口至竹里	宋	5	1	锋石横复仄	平入?入入	PZ?ZZ	平/入/平去/去入/入
7b587933f95faa16c4026cd89811a0ea	鲍照	行京口至竹里	宋	5	2	复涧隐松声	入去上平平	ZZZ?P	去入/去/上去/平去/平
7b587933f95faa16c4026cd89811a0ea	鲍照	行京口至竹里	宋	5	3	重崖伏云色	?平?平入	?PZPZ	平上去/平/去入/平/入
7b587933f95faa16c4026cd89811a0ea	鲍照	行京口至竹里	宋	5	4	冰闭寒方壮	平?平平去	PZPPZ	平/去入/平/平/去
7b587933f95faa16c4026cd89811a0ea	鲍照	行京口至竹里	宋	5	5	风动鸟倾翼	平上上平入	?ZZPZ	平去/上/上/平/入
7b587933f95faa16c4026cd89811a0ea	鲍照	行京口至竹里	宋	5	6	斯志逢凋严	平去平平平	PZPPP	平/去/平/平/平
7b587933f95faa16c4026cd89811a0ea	鲍照	行京口至竹里	宋	5	7	孤游值曛逼	平平去平入	PPZPZ	平/平/去/平/入
7b587933f95faa16c4026cd89811a0ea	鲍照	行京口至竹里	宋	5	8	兼途无憩鞍	?平平去?	?PPZ?	平去/平/平/去/
7b587933f95faa16c4026cd89811a0ea	鲍照	行京口至竹里	宋	5	9	半菽不遑食	去入入平?	ZZ?PZ	去/入/平上入/平/去入
7b587933f95faa16c4026cd89811a0ea	鲍照	行京口至竹里	宋	5	10	君子树令名	平上??平	PZZ?P	平/上/上去/平去/平
7b587933f95faa16c4026cd89811a0ea	鲍照	行京口至竹里	宋	5	11	细人效命力	去平去去入	ZPZZZ	去/平/去/去/入
7b587933f95faa16c4026cd89811a0ea	鲍照	行京口至竹里	宋	5	12	不见长河水	入去平平上	?Z?PZ	平上入/去/平上去/平/上
7b587933f95faa16c4026cd89811a0ea	鲍照	行京口至竹里	宋	5	13	清浊俱不息	平入平入入	PZP?Z	平/入/平/平上入/入
7b587933f95faa162786f8aa21b0ecb6	鲍照	三日诗	宋	5	0	气暄动思心	去平上?平	ZPZ?P	去/平/上/平去/平
7b587933f95faa162786f8aa21b0ecb6	鲍照	三日诗	宋	5	1	柳青起春怀	上平上平平	ZPZPP	上/平/上/平/平
7b587933f95faa162786f8aa21b0ecb6	鲍照	三日诗	宋	5	2	时艳怜花药	平去平平入	PZPPZ	平/去/平/平/入
7b587933f95faa162786f8aa21b0ecb6	鲍照	三日诗	宋	5	3	服净悦登台	入去入平平	ZZZPP	入/去/入/平/平
7b587933f95faa162786f8aa21b0ecb6	鲍照	三日诗	宋	5	4	提觞野中饮	平平上??	PPZ?Z	平/平/上/平去/上去
7b587933f95faa162786f8aa21b0ecb6	鲍照	三日诗	宋	5	5	爱心烟未开	去平平去平	ZP?ZP	去/平/平去/去/平
7b587933f95faa162786f8aa21b0ecb6	鲍照	三日诗	宋	5	6	露色染春草	去入?平上	ZZZPZ	去/入/上去/平/上
7b587933f95faa162786f8aa21b0ecb6	鲍照	三日诗	宋	5	7	泉源洁冰苔	平平入平平	PPZPP	平/平/入/平/平
7b587933f95faa162786f8aa21b0ecb6	鲍照	三日诗	宋	5	8	泥泥濡露条	平平平去平	??PZP	平去/平去/平/去/平
7b587933f95faa162786f8aa21b0ecb6	鲍照	三日诗	宋	5	9	袅袅承风栽	上上平平?	ZZP??	上/上/平/平去/平去
7b587933f95faa162786f8aa21b0ecb6	鲍照	三日诗	宋	5	10	凫雏掇苦荠	平平入上?	PPZZ?	平/平/入/上去/平上
7b587933f95faa162786f8aa21b0ecb6	鲍照	三日诗	宋	5	11	黄鸟衔樱梅	平上平平平	PZPPP	平/上/平/平/平
7b587933f95faa162786f8aa21b0ecb6	鲍照	三日诗	宋	5	12	解衿欣景预	?平平上去	ZPPZZ	上去/平/平/上/去
7b587933f95faa162786f8aa21b0ecb6	鲍照	三日诗	宋	5	13	临流竞覆杯	?平去?平	?PZZP	平去/平/去/去入/平
7b587933f95faa162786f8aa21b0ecb6	鲍照	三日诗	宋	5	14	美人竟何在	上平去平?	ZPZ?Z	上/平/去/平上/上去
7b587933f95faa162786f8aa21b0ecb6	鲍照	三日诗	宋	5	15	浮心空自摧	平平?去平	PP?ZP	平/平/平去/去/平
7b587933f95faa16fa826142e8f79951	鲍照	代淮南王二首	宋	7	0	服食练气读仙经	入?去去入平?	ZZZZZP?	入/去入/去/去/入/平/平去
7b587933f95faa16fa826142e8f79951	鲍照	代淮南王二首	宋	7	1	琉璃药碗牙作盘	?平入?平入平	?PZ?PZP	/平/入//平/去入/平
7b587933f95faa16fa826142e8f79951	鲍照	代淮南王二首	宋	7	2	金鼎玉匕合神丹	平上入上入平平	PZZZZPP	平/上/入/上/入/平/平
7b587933f95faa16fa826142e8f79951	鲍照	代淮南王二首	宋	7	3	紫房彩女弄明珰	上平上上去平平	ZPZZZPP	上/平/上/上去/去/平/平
7b587933f95faa16fa826142e8f79951	鲍照	代淮南王二首	宋	7	4	鸾歌凤舞断君肠	平平去上?平平	PPZZZPP	平/平/去/上/上去/平/平
7b587933f95faa16fa826142e8f79951	鲍照	代淮南王二首	宋	7	5	朱城九门门九开	平平上平平上平	PPZPPZP	平/平/上/平/平/上/平
7b587933f95faa16fa826142e8f79951	鲍照	代淮南王二首	宋	7	6	愿逐明月入君怀	去入平入入平平	ZZPZZPP	去/入/平/入/入/平/平
7b587933f95faa16fa826142e8f79951	鲍照	代淮南王二首	宋	7	7	怨君恨君恃君爱	?平去平上平去	?PZPZPZ	平去/平/去/平/上/平/去
7b587933f95faa16fa826142e8f79951	鲍照	代淮南王二首	宋	7	8	筑城思坚剑思利	入平?平??去	ZP?P??Z	入/平/平去/平//平去/去
7b587933f95faa16fa826142e8f79951	鲍照	代淮南王二首	宋	7	9	同盛同衰莫相弃	???平入?去	???PZ?Z	平去/平去/平去/平/入/平去/去
7b587933f95faa160e0afe59a7fcd2ed	鲍照	中兴歌十首	宋	5	0	千冬迟一春	平平平入平	PPPZP	平/平/平/入/平
7b587933f95faa160e0afe59a7fcd2ed	鲍照	中兴歌十首	宋	5	1	万夜视朝日	去去?平入	ZZZPZ	去入/去/上去/平/入
7b587933f95faa160e0afe59a7fcd2ed	鲍照	中兴歌十首	宋	5	2	生平值中兴	平平去??	?PZ??	平去/平/去/平去/平去
7b587933f95faa160e0afe59a7fcd2ed	鲍照	中兴歌十首	宋	5	3	欢起百忧毕	平上入平入	PZZ?Z	平/上/入/平去/入
7b587933f95faa160e0afe59a7fcd2ed	鲍照	中兴歌十首	宋	5	4	中兴太平运	??去平去	??ZPZ	平去/平去/去/平/去
7b587933f95faa160e0afe59a7fcd2ed	鲍照	中兴歌十首	宋	5	5	化清四海乐	去平去上?	ZPZZZ	去/平/去/上/去入
7b587933f95faa160e0afe59a7fcd2ed	鲍照	中兴歌十首	宋	5	6	祥景照玉台	平上去入平	PZZZP	平/上/去/入/平
7b587933f95faa160e0afe59a7fcd2ed	鲍照	中兴歌十首	宋	5	7	紫烟游凤阁	上平平去入	Z?PZZ	上/平去/平/去/入
7b587933f95faa160e0afe59a7fcd2ed	鲍照	中兴歌十首	宋	5	8	碧楼含夜月	入平平去入	ZPPZZ	入/平/平/去/入
7b587933f95faa160e0afe59a7fcd2ed	鲍照	中兴歌十首	宋	5	9	紫殿争朝光	上去平平平	ZZPP?	上/去/平/平/平去
7b587933f95faa160e0afe59a7fcd2ed	鲍照	中兴歌十首	宋	5	10	彩墀散兰麝	上平?平?	ZPZPZ	上/平/上去/平/去入
7b587933f95faa160e0afe59a7fcd2ed	鲍照	中兴歌十首	宋	5	11	风起自生芳	平上去平平	?ZZ?P	平去/上/去/平去/平
7b587933f95faa160e0afe59a7fcd2ed	鲍照	中兴歌十首	宋	5	12	白日照前窗	入入去平?	ZZZP?	入/入/去/平/
7b587933f95faa160e0afe59a7fcd2ed	鲍照	中兴歌十首	宋	5	13	玲珑绮罗中	平平上平?	PPZP?	平/平/上/平/平去
7b587933f95faa160e0afe59a7fcd2ed	鲍照	中兴歌十首	宋	5	14	美人掩轻扇	上平上??	ZPZ??	上/平/上/平去/平去
7b587933f95faa160e0afe59a7fcd2ed	鲍照	中兴歌十首	宋	5	15	含思歌春风	平?平平平	P?PP?	平/平去/平/平/平去
7b587933f95faa160e0afe59a7fcd2ed	鲍照	中兴歌十首	宋	5	16	三五容色满	平上平入上	?ZPZZ	平去/上/平/入/上
7b587933f95faa160e0afe59a7fcd2ed	鲍照	中兴歌十首	宋	5	17	四五妙华歇	去上去?入	ZZZ?Z	去/上/去/平去/入
7b587933f95faa160e0afe59a7fcd2ed	鲍照	中兴歌十首	宋	5	18	已输春日欢	上?平入平	Z?PZP	上去/平去/平/入/平
7b587933f95faa160e0afe59a7fcd2ed	鲍照	中兴歌十首	宋	5	19	分随秋光没	?平平平入	?PP?Z	平去/平/平/平去/入
7b587933f95faa160e0afe59a7fcd2ed	鲍照	中兴歌十首	宋	5	20	北出湖边戏	入入平平?	ZZPP?	入/去入/平/平/平去
7b587933f95faa160e0afe59a7fcd2ed	鲍照	中兴歌十首	宋	5	21	前还苑中游	平平上?平	PPZ?P	平/平/上/平去/平
7b587933f95faa160e0afe59a7fcd2ed	鲍照	中兴歌十首	宋	5	22	飞縠绕长松	平入??平	PZZ??	平/入/上去/平上去/平去
7b587933f95faa160e0afe59a7fcd2ed	鲍照	中兴歌十首	宋	5	23	驰管逐波流	平上入平平	PZZPP	平/上/入/平/平
7b587933f95faa160e0afe59a7fcd2ed	鲍照	中兴歌十首	宋	5	24	九月秋水清	上入平上平	ZZPZP	上/入/平/上/平
7b587933f95faa160e0afe59a7fcd2ed	鲍照	中兴歌十首	宋	5	25	三月春花滋	平入平平平	?ZPPP	平去/入/平/平/平
7b587933f95faa160e0afe59a7fcd2ed	鲍照	中兴歌十首	宋	5	26	千金逐良日	平平入平入	PPZPZ	平/平/入/平/入
7b587933f95faa160e0afe59a7fcd2ed	鲍照	中兴歌十首	宋	5	27	皆竞中兴时	平去??平	PZ??P	平/去/平去/平去/平
7b587933f95faa160e0afe59a7fcd2ed	鲍照	中兴歌十首	宋	5	28	穷泰已有分	平去上上?	PZZZ?	平/去/上去/上/平去
7b587933f95faa160e0afe59a7fcd2ed	鲍照	中兴歌十首	宋	5	29	寿夭复属天	??入入平	Z?ZZP	上去/平上/去入/入/平
7b587933f95faa160e0afe59a7fcd2ed	鲍照	中兴歌十首	宋	5	30	既见中兴乐	去去???	ZZ??Z	去/去/平去/平去/去入
7b587933f95faa160e0afe59a7fcd2ed	鲍照	中兴歌十首	宋	5	31	莫持忧自煎	入平平去?	ZP?Z?	入/平/平去/去/平去
7b587933f95faa160e0afe59a7fcd2ed	鲍照	中兴歌十首	宋	5	32	襄阳是小地	平平上上去	PPZZZ	平/平/上/上/去
7b587933f95faa160e0afe59a7fcd2ed	鲍照	中兴歌十首	宋	5	33	寿阳非帝城	?平平去平	ZPPZP	上去/平/平/去/平
7b587933f95faa160e0afe59a7fcd2ed	鲍照	中兴歌十首	宋	5	34	今日中兴乐	平入???	PZ??Z	平/入/平去/平去/去入
7b587933f95faa160e0afe59a7fcd2ed	鲍照	中兴歌十首	宋	5	35	遥冶在上京	平上??平	PZZZP	平/上/上去/上去/平
7b587933f95faa160e0afe59a7fcd2ed	鲍照	中兴歌十首	宋	5	36	梅花一时艳	平平入平去	PPZPZ	平/平/入/平/去
7b587933f95faa160e0afe59a7fcd2ed	鲍照	中兴歌十首	宋	5	37	竹叶千年色	入入平平入	ZZPPZ	入/入/平/平/入
7b587933f95faa160e0afe59a7fcd2ed	鲍照	中兴歌十首	宋	5	38	愿君松柏心	去平平入平	ZP?ZP	去/平/平去/入/平
7b587933f95faa160e0afe59a7fcd2ed	鲍照	中兴歌十首	宋	5	39	采照无穷极	上去平平入	ZZPPZ	上/去/平/平/入
7b587933f95faa1627a8a9d285397849	鲍照	代雉朝飞	宋	7	0	专场挟雌恃强力	平平入平上平入	PPZPZPZ	平/平/入/平/上/平/入
7b587933f95faa1627a8a9d285397849	鲍照	代雉朝飞	宋	7	1	蒿间潜彀卢矢直	平平?去平上入	P??ZPZZ	平//平去/去/平/上/入
7b587933f95faa1627a8a9d285397849	鲍照	代雉朝飞	宋	7	2	绝命君前无怨色	入去平平平?入	ZZPPP?Z	入/去/平/平/平/平去/入
7b587933f95faa1627a8a9d285397849	鲍照	代雉朝飞	宋	7	3	意气相倾死何有	去去?平上平上	ZZ?PZ?Z	去/去/平去/平/上/平上/上
7b587933a644b67c9b79e61c00c618e0	庾信	徵调曲六	梁	7	0	正阳和气万类繁	?平?去去去平	?P?ZZZP	平去/平/平去/去/去入/去/平
7b587933a644b67c9b79e61c00c618e0	庾信	徵调曲六	梁	7	1	君王道合天地尊	平平上入平去平	P?ZZPZP	平/平去/上/入/平/去/平
7b587933a644b67c9b79e61c00c618e0	庾信	徵调曲六	梁	7	2	黎人耕植于义圃	平平平?平去?	PPPZPZZ	平/平/平/去入/平/去/上去
7b587933a644b67c9b79e61c00c618e0	庾信	徵调曲六	梁	7	3	君子翶翔于礼园	平上?平平上平	PZ?PPZP	平/上//平/平/上/平
7b587933a644b67c9b79e61c00c618e0	庾信	徵调曲六	梁	7	4	落其实者思其树	入平入上?平?	ZPZZ?PZ	入/平/入/上/平去/平/上去
7b587933a644b67c9b79e61c00c618e0	庾信	徵调曲六	梁	7	5	饮其流者怀其源	?平平上平平平	ZPPZPPP	上去/平/平/上/平/平/平
7b587933a644b67c9b79e61c00c618e0	庾信	徵调曲六	梁	7	6	咎繇为谋不仁远	???平入平?	???P?PZ	平上/平去/平去/平/平上入/平/上去
7b587933a644b67c9b79e61c00c618e0	庾信	徵调曲六	梁	7	7	士会为政群盗奔	上去?去平去?	ZZ?ZPZ?	上/去/平去/去/平/去/平去
7b587933a644b67c9b79e61c00c618e0	庾信	徵调曲六	梁	7	8	克宽则昆虫内向	入平入平?去?	ZPZP?ZZ	入/平/入/平/平上去/去/上去
7b587933a644b67c9b79e61c00c618e0	庾信	徵调曲六	梁	7	9	彰信则殊俗宅心	平去入平入入平	PZZPZZP	平/去/入/平/入/入/平
7b587933a644b67c9b79e61c00c618e0	庾信	徵调曲六	梁	7	10	浮桥有月支抱马	平平上入平上上	PPZZPZZ	平/平/上/入/平/上/上
7b587933a644b67c9b79e61c00c618e0	庾信	徵调曲六	梁	7	11	上苑有乌孙学琴	?上上平平入平	ZZZPPZP	上去/上/上/平/平/入/平
7b587933a644b67c9b79e61c00c618e0	庾信	徵调曲六	梁	7	12	赤玉则南海输赆	入入入平上??	ZZZPZ??	入/入/入/平/上/平去/
7b587933a644b67c9b79e61c00c618e0	庾信	徵调曲六	梁	7	13	白环则西山献琛	入平入平平?平	ZPZPP?P	入/平/入/平/平/平去/平
7b587933a644b67c9b79e61c00c618e0	庾信	徵调曲六	梁	7	14	无劳凿空于大夏	平?入?平去?	P?Z?PZZ	平/平去/入/平去/平/去/上去
7b587933a644b67c9b79e61c00c618e0	庾信	徵调曲六	梁	7	15	不待蹶角于蹛林	入上?入平去平	?ZZZPZP	平上入/上/去入/入/平/去/平
7b587933a644b67ca84dda450df81f6c	庾信	重别周尚书	梁	5	0	阳关万里道	平平去上上	PPZZZ	平/平/去入/上/上
7b587933a644b67ca84dda450df81f6c	庾信	重别周尚书	梁	5	1	不见一人归	入去入平平	?ZZPP	平上入/去/入/平/平
7b587933a644b67ca84dda450df81f6c	庾信	重别周尚书	梁	5	2	唯有河边雁	?上平平去	?ZPPZ	平上/上/平/平/去
7b587933a644b67ca84dda450df81f6c	庾信	重别周尚书	梁	5	3	秋来南向飞	平平平?平	PPPZP	平/平/平/上去/平
7b587933a644b67c7731341a30093d45	庾信	寄王琳	梁	5	0	玉关道路远	入平上去?	ZPZZZ	入/平/上/去/上去
7b587933a644b67c7731341a30093d45	庾信	寄王琳	梁	5	1	金陵信使疏	平平去??	PPZZ?	平/平/去/上去/平去
7b587933a644b67c7731341a30093d45	庾信	寄王琳	梁	5	2	独下千行泪	入?平?去	ZZP?Z	入/上去/平/平去/去
7b587933a644b67c7731341a30093d45	庾信	寄王琳	梁	5	3	开君万里书	平平去上平	PPZZP	平/平/去入/上/平
7b587933a644b67c2f683caf45f2b2e1	庾信	杨柳歌	梁	7	0	河边杨柳百丈枝	平平平上入上平	PPPZZZP	平/平/平/上/入/上/平
7b587933a644b67c2f683caf45f2b2e1	庾信	杨柳歌	梁	7	1	别有长条踠地垂	入上?平上去平	ZZ?PZZP	去入/上/平上去/平/上/去/平
7b587933a644b67c2f683caf45f2b2e1	庾信	杨柳歌	梁	7	2	河水冲激根株危	平上平?平平平	PZPZPPP	平/上/平/去入/平/平/平
7b587933a644b67c2f683caf45f2b2e1	庾信	杨柳歌	梁	7	3	倏忽河中风浪吹	?入平平平??	?ZP????	/入/平/平去/平去/平去/平去
7b587933a644b67c2f683caf45f2b2e1	庾信	杨柳歌	梁	7	4	可怜巢里凤凰儿	上平?上去平平	ZP?ZZPP	上/平/平去/上/去/平/平
7b587933a644b67c2f683caf45f2b2e1	庾信	杨柳歌	梁	7	5	无故当年生别离	平去?平平入?	PZ?P?Z?	平/去/平去/平/平去/去入/平去
7b587933a644b67c2f683caf45f2b2e1	庾信	杨柳歌	梁	7	6	流槎一去上天池	平?入??平平	P?ZZZPP	平/平上/入/上去/上去/平/平
7b587933a644b67c2f683caf45f2b2e1	庾信	杨柳歌	梁	7	7	织女支机当见随	?上平??去平	ZZP??ZP	去入/上去/平/平上/平去/去/平
7b587933a644b67c2f683caf45f2b2e1	庾信	杨柳歌	梁	7	8	谁言从来荫数国	平平?平去?入	PP?PZZZ	平/平/平去/平/去/上去入/入
7b587933a644b67c2f683caf45f2b2e1	庾信	杨柳歌	梁	7	9	直用东南一小枝	入去平平入上平	ZZPPZZP	入/去/平/平/入/上/平
7b587933a644b67c2f683caf45f2b2e1	庾信	杨柳歌	梁	7	10	昔日公子出南皮	入入平上入平平	ZZPZZPP	入/入/平/上/去入/平/平
7b587933a644b67c2f683caf45f2b2e1	庾信	杨柳歌	梁	7	11	何处相寻玄武陂	平??平平上?	?Z?PPZ?	平上/上去/平去/平/平/上/平去
7b587933a644b67c2f683caf45f2b2e1	庾信	杨柳歌	梁	7	12	骏马翩翩西北驰	去上平平平入平	ZZPPPZP	去/上/平/平/平/入/平
7b587933a644b67c2f683caf45f2b2e1	庾信	杨柳歌	梁	7	13	左右弯弧仰月支	??平平?入平	ZZPPZZP	上去/上去/平/平/上去/入/平
7b587933a644b67c2f683caf45f2b2e1	庾信	杨柳歌	梁	7	14	连钱障泥渡水骑	平??平去上?	P???ZZ?	平/平上/平去/平去/去/上/平去
7b587933a644b67c2f683caf45f2b2e1	庾信	杨柳歌	梁	7	15	白玉手板落盘螭	入入上上入平平	ZZZZZPP	入/入/上/上/入/平/平
7b587933a644b67c2f683caf45f2b2e1	庾信	杨柳歌	梁	7	16	君言丈夫无意气	平平上平平去去	PPZPPZZ	平/平/上/平/平/去/去
7b587933a644b67c2f683caf45f2b2e1	庾信	杨柳歌	梁	7	17	试问燕山那得碑	去去?平?入平	ZZ?P?ZP	去/去/平去/平/平上去/入/平
7b587933a644b67c2f683caf45f2b2e1	庾信	杨柳歌	梁	7	18	凤凰新管萧史吹	去平平上平上?	ZPPZPZ?	去/平/平/上/平/上/平去
7b587933a644b67c2f683caf45f2b2e1	庾信	杨柳歌	梁	7	19	朱鸟春窗玉女窥	平上平?入上平	PZP?ZZP	平/上/平//入/上去/平
7b587933a644b67c2f683caf45f2b2e1	庾信	杨柳歌	梁	7	20	衔云酒杯赤玛瑙	平平上平入??	PPZPZ??	平/平/上/平/入//
7b587933a644b67c2f683caf45f2b2e1	庾信	杨柳歌	梁	7	21	照日食螺紫琉璃	去入?平上?平	ZZZPZ?P	去/入/去入/平/上//平
7b587933a644b67c2f683caf45f2b2e1	庾信	杨柳歌	梁	7	22	百年霜露奄离披	入平平去上??	ZPPZZ??	入/平/平/去/上/平去/平上
7b587933a644b67c2f683caf45f2b2e1	庾信	杨柳歌	梁	7	23	一旦功名不可为	入去平平入上?	ZZPP?Z?	入/去/平/平/平上入/上/平去
7b587933a644b67c2f683caf45f2b2e1	庾信	杨柳歌	梁	7	24	定是怀王作计误	去上平平入去去	ZZP?ZZZ	去/上/平/平去/去入/去/去
7b587933a644b67c2f683caf45f2b2e1	庾信	杨柳歌	梁	7	25	无事翻复用张仪	平去平入去?平	PZPZZ?P	平/去/平/去入/去/平去/平
7b587933a644b67c2f683caf45f2b2e1	庾信	杨柳歌	梁	7	26	不如饮酒高阳池	入平?上平平平	??ZZPPP	平上入/平去/上去/上/平/平/平
7b587933a644b67c2f683caf45f2b2e1	庾信	杨柳歌	梁	7	27	日暮归时倒接离	入去平平?入?	ZZPPZZ?	入/去/平/平/上去/入/平去
7b587933a644b67c2f683caf45f2b2e1	庾信	杨柳歌	梁	7	28	武昌城下谁见移	上平平?平去平	ZPPZPZP	上/平/平/上去/平/去/平
7b587933a644b67c2f683caf45f2b2e1	庾信	杨柳歌	梁	7	29	官渡营前那可知	平去平平?上平	PZPP?ZP	平/去/平/平/平上去/上/平
7b587933a644b67c2f683caf45f2b2e1	庾信	杨柳歌	梁	7	30	独忆飞絮鹅毛下	入入平去平??	ZZPZP?Z	入/入/平/去/平/平去/上去
7b587933a644b67c2f683caf45f2b2e1	庾信	杨柳歌	梁	7	31	非复青丝马尾垂	平入平平上上平	PZPPZZP	平/去入/平/平/上/上/平
7b587933a644b67c2f683caf45f2b2e1	庾信	杨柳歌	梁	7	32	欲与梅花留一曲	入?平平?入入	Z?PP?ZZ	入/平上去/平/平/平去/入/入
7b587933a644b67c2f683caf45f2b2e1	庾信	杨柳歌	梁	7	33	共将长笛管中吹	???入上??	???ZZ??	平去/平去/平上去/入/上/平去/平去
7b587933a644b67c6d6408ee5b48ffe4	庾信	寄徐陵	梁	5	0	故人倘思我	去平??上	ZP??Z	去/平//平去/上
7b587933a644b67c6d6408ee5b48ffe4	庾信	寄徐陵	梁	5	1	及此平生时	入上平平平	ZZP?P	入/上/平/平去/平
7b587933a644b67c6d6408ee5b48ffe4	庾信	寄徐陵	梁	5	2	莫待山阳路	入上平平去	ZZPPZ	入/上/平/平/去
7b587933a644b67c6d6408ee5b48ffe4	庾信	寄徐陵	梁	5	3	空闻吹笛悲	???入平	???ZP	平去/平去/平去/入/平
7b587933a644b67c3417df30fced7fb4	庾信	奉和示内人诗	梁	5	0	燃香郁金屋	平平入平入	PPZPZ	平/平/入/平/入
7b587933a644b67c3417df30fced7fb4	庾信	奉和示内人诗	梁	5	1	吹管凤凰台	?上去平平	?ZZPP	平去/上/去/平/平
7b587933a644b67c3417df30fced7fb4	庾信	奉和示内人诗	梁	5	2	春朝迎雨去	平平???	PP?ZZ	平/平/平去/上去/上去
7b587933a644b67c3417df30fced7fb4	庾信	奉和示内人诗	梁	5	3	秋夜隔河来	平去入平平	PZZPP	平/去/入/平/平
7b587933a644b67c3417df30fced7fb4	庾信	奉和示内人诗	梁	5	4	听歌云即断	?平平入?	?PPZZ	平上去/平/平/入/上去
7b587933a644b67c3417df30fced7fb4	庾信	奉和示内人诗	梁	5	5	闻琴鹤倒回	?平入?平	?PZZ?	平去/平/入/上去/平去
7b587933a644b67c3417df30fced7fb4	庾信	奉和示内人诗	梁	5	6	春窗刻凤下	平?入去?	P?ZZZ	平//入/去/上去
7b587933a644b67c3417df30fced7fb4	庾信	奉和示内人诗	梁	5	7	寒壁画花开	平入?平平	PZZPP	平/入/去入/平/平
7b587933a644b67c3417df30fced7fb4	庾信	奉和示内人诗	梁	5	8	定取流霞气	去上平平去	ZZPPZ	去/上/平/平/去
7b587933a644b67c3417df30fced7fb4	庾信	奉和示内人诗	梁	5	9	时添承露杯	平平平去平	PPPZP	平/平/平/去/平
7b587933a644b67c951f798686fcb3c8	庾信	拟咏怀诗二十七首	梁	5	0	步兵未饮酒	去平去?上	ZPZZZ	去/平/去/上去/上
7b587933a644b67c951f798686fcb3c8	庾信	拟咏怀诗二十七首	梁	5	1	中散未弹琴	??去?平	?ZZ?P	平去/上去/去/平去/平
7b587933a644b67c951f798686fcb3c8	庾信	拟咏怀诗二十七首	梁	5	2	索索无真气	入入平平去	ZZPPZ	入/入/平/平/去
7b587933a644b67c951f798686fcb3c8	庾信	拟咏怀诗二十七首	梁	5	3	昏昏有俗心	平平上入平	PPZZP	平/平/上/入/平
7b587933a644b67c951f798686fcb3c8	庾信	拟咏怀诗二十七首	梁	5	4	涸鲋常思水	入去平?上	ZZP?Z	入/去/平/平去/上
7b587933a644b67c951f798686fcb3c8	庾信	拟咏怀诗二十七首	梁	5	5	惊飞每失林	平平?入平	PPZZP	平/平/上去/入/平
7b587933a644b67c951f798686fcb3c8	庾信	拟咏怀诗二十七首	梁	5	6	风云能变色	平平?去入	?P?ZZ	平去/平/平上去/去/入
7b587933a644b67c951f798686fcb3c8	庾信	拟咏怀诗二十七首	梁	5	7	松竹且悲吟	平入?平?	?Z?P?	平去/入/平上/平/平去
7b587933a644b67c951f798686fcb3c8	庾信	拟咏怀诗二十七首	梁	5	8	由来不得意	平平入入去	PP?ZZ	平/平/平上入/入/去
7b587933a644b67c951f798686fcb3c8	庾信	拟咏怀诗二十七首	梁	5	9	何必往长岑	平入上?平	?ZZ?P	平上/入/上/平上去/平
7b587933a644b67c951f798686fcb3c8	庾信	拟咏怀诗二十七首	梁	5	10	赭衣居傅岩	上?平去平	Z?PZP	上/平去/平/去/平
7b587933a644b67c951f798686fcb3c8	庾信	拟咏怀诗二十七首	梁	5	11	垂纶在渭川	平平?去平	PPZZP	平/平/上去/去/平
7b587933a644b67c951f798686fcb3c8	庾信	拟咏怀诗二十七首	梁	5	12	乘舟能上月	平平??入	?P?ZZ	平去/平/平上去/上去/入
7b587933a644b67c951f798686fcb3c8	庾信	拟咏怀诗二十七首	梁	5	13	飞幰欲扪天	平上入平平	PZZPP	平/上/入/平/平
7b587933a644b67c951f798686fcb3c8	庾信	拟咏怀诗二十七首	梁	5	14	谁知志不就	平平去入去	PPZ?Z	平/平/去/平上入/去
7b587933a644b67c951f798686fcb3c8	庾信	拟咏怀诗二十七首	梁	5	15	空有直如弦	?上入平平	?ZZ??	平去/上/入/平去/平去
7b587933a644b67c951f798686fcb3c8	庾信	拟咏怀诗二十七首	梁	5	16	洛阳苏季子	入平平去上	ZPPZZ	入/平/平/去/上
7b587933a644b67c951f798686fcb3c8	庾信	拟咏怀诗二十七首	梁	5	17	连衡遂不连	平平去入平	PPZ?P	平/平/去/平上入/平
7b587933a644b67c951f798686fcb3c8	庾信	拟咏怀诗二十七首	梁	5	18	既无六国印	去平入入去	ZPZZZ	去/平/入/入/去
7b587933a644b67c951f798686fcb3c8	庾信	拟咏怀诗二十七首	梁	5	19	翻思二顷田	平?去?平	P?Z?P	平/平去/去/平上/平
7b587933a644b67c951f798686fcb3c8	庾信	拟咏怀诗二十七首	梁	5	20	俎豆非所习	?去平上入	?ZPZZ	/去/平/上/入
7b587933a644b67c951f798686fcb3c8	庾信	拟咏怀诗二十七首	梁	5	21	帷幄复无谋	平入入平平	PZZPP	平/入/去入/平/平
7b587933a644b67c951f798686fcb3c8	庾信	拟咏怀诗二十七首	梁	5	22	不言班定远	入平平去?	?PPZZ	平上入/平/平/去/上去
7b587933a644b67c951f798686fcb3c8	庾信	拟咏怀诗二十七首	梁	5	23	应为万里侯	??去上平	??ZZP	平去/平去/去入/上/平
7b587933a644b67c951f798686fcb3c8	庾信	拟咏怀诗二十七首	梁	5	24	燕客思辽水	?入平平上	?Z?PZ	平去/入/平去/平/上
7b587933a644b67c951f798686fcb3c8	庾信	拟咏怀诗二十七首	梁	5	25	秦人望陇头	平平?上平	PP?ZP	平/平/平去/上/平
7b587933a644b67c951f798686fcb3c8	庾信	拟咏怀诗二十七首	梁	5	26	倡家遭强娉	?平平平去	?PPPZ	平去/平/平/平/去
7b587933a644b67c951f798686fcb3c8	庾信	拟咏怀诗二十七首	梁	5	27	质子值仍留	?上去平?	ZZZP?	去入/上/去/平/平去
7b587933a644b67c951f798686fcb3c8	庾信	拟咏怀诗二十七首	梁	5	28	自怜才智尽	去平?去上	ZP?ZZ	去/平/平去/去/上
7b587933a644b67c951f798686fcb3c8	庾信	拟咏怀诗二十七首	梁	5	29	空伤年鬓秋	?平平去平	??PZP	平去/平去/平/去/平
7b587933a644b67c951f798686fcb3c8	庾信	拟咏怀诗二十七首	梁	5	30	楚材称晋用	上平?去去	ZP?ZZ	上去/平/平去/去/去
7b587933a644b67c951f798686fcb3c8	庾信	拟咏怀诗二十七首	梁	5	31	秦臣即赵冠	平平入上?	PPZZ?	平/平/入/上/平去
7b587933a644b67c951f798686fcb3c8	庾信	拟咏怀诗二十七首	梁	5	32	离宫延子产	?平?上上	?P?ZZ	平去/平/平去/上/上
7b587933a644b67c951f798686fcb3c8	庾信	拟咏怀诗二十七首	梁	5	33	羁旅接陈完	平上入?平	PZZ?P	平/上/入/平去/平
7b587933a644b67c951f798686fcb3c8	庾信	拟咏怀诗二十七首	梁	5	34	寓卫非所寓	去去平上去	ZZPZZ	去/去/平/上/去
7b587933a644b67c951f798686fcb3c8	庾信	拟咏怀诗二十七首	梁	5	35	安齐独未安	平?入去平	P?ZZP	平/平去/入/去/平
7b587933a644b67c951f798686fcb3c8	庾信	拟咏怀诗二十七首	梁	5	36	雪泣悲去鲁	入入平?上	ZZPZZ	入/入/平/上去/上
7b587933a644b67c951f798686fcb3c8	庾信	拟咏怀诗二十七首	梁	5	37	凄然忆相韩	平平入??	PPZ??	平/平/入/平去/
7b587933a644b67c951f798686fcb3c8	庾信	拟咏怀诗二十七首	梁	5	38	唯彼穷途恸	?上平平去	?ZPPZ	平上/上/平/平/去
7b587933a644b67c951f798686fcb3c8	庾信	拟咏怀诗二十七首	梁	5	39	知余行路难	平平?去平	PP?Z?	平/平/平去/去/平去
7b587933a644b67c951f798686fcb3c8	庾信	拟咏怀诗二十七首	梁	5	40	惟忠且惟孝	平平?平去	PP?PZ	平/平/平上/平/去
7b587933a644b67c951f798686fcb3c8	庾信	拟咏怀诗二十七首	梁	5	41	为子复为臣	?上入?平	?ZZ?P	平去/上/去入/平去/平
7b587933a644b67c951f798686fcb3c8	庾信	拟咏怀诗二十七首	梁	5	42	一朝人事尽	入平平去上	ZPPZZ	入/平/平/去/上
7b587933a644b67c951f798686fcb3c8	庾信	拟咏怀诗二十七首	梁	5	43	身名不足亲	平平入入?	PP?Z?	平/平/平上入/去入/平去
7b587933a644b67c951f798686fcb3c8	庾信	拟咏怀诗二十七首	梁	5	44	吴起常辞魏	平上平平去	PZPPZ	平/上/平/平/去
7b587933a644b67c951f798686fcb3c8	庾信	拟咏怀诗二十七首	梁	5	45	韩非遂入秦	?平去入平	?PZZP	/平/去/入/平
7b587933a644b67c951f798686fcb3c8	庾信	拟咏怀诗二十七首	梁	5	46	壮情已消歇	去平上平入	ZPZPZ	去/平/上去/平/入
7b587933a644b67c951f798686fcb3c8	庾信	拟咏怀诗二十七首	梁	5	47	雄图不复申	平平入入平	PP?ZP	平/平/平上入/去入/平
7b587933a644b67c951f798686fcb3c8	庾信	拟咏怀诗二十七首	梁	5	48	移住华阴下	平去?平?	PZ?PZ	平/去/平去/平/上去
7b587933a644b67c951f798686fcb3c8	庾信	拟咏怀诗二十七首	梁	5	49	终为关外人	平?平去平	P?PZP	平/平去/平/去/平
7b587933a644b67c951f798686fcb3c8	庾信	拟咏怀诗二十七首	梁	5	50	畴昔国士遇	平入入上去	PZZZZ	平/入/入/上/去
7b587933a644b67c951f798686fcb3c8	庾信	拟咏怀诗二十七首	梁	5	51	生平知己恩	平平平上平	?PPZP	平去/平/平/上/平
7b587933a644b67c951f798686fcb3c8	庾信	拟咏怀诗二十七首	梁	5	52	直言珠可吐	入平平上?	ZPPZZ	入/平/平/上/上去
7b587933a644b67c951f798686fcb3c8	庾信	拟咏怀诗二十七首	梁	5	53	宁知炭可吞	?平去上平	?PZZP	平上去/平/去/上/平
7b587933a644b67c951f798686fcb3c8	庾信	拟咏怀诗二十七首	梁	5	54	一顾重尺璧	入去?入入	ZZ?ZZ	入/去/平上去/入/入
7b587933a644b67c951f798686fcb3c8	庾信	拟咏怀诗二十七首	梁	5	55	千金轻一言	平平?入平	PP?ZP	平/平/平去/入/平
7b587933a644b67c951f798686fcb3c8	庾信	拟咏怀诗二十七首	梁	5	56	悲伤刘孺子	平平平去上	P?PZZ	平/平去/平/去/上
7b587933a644b67c951f798686fcb3c8	庾信	拟咏怀诗二十七首	梁	5	57	凄怆史皇孙	平?上平平	PZZPP	平/上去/上/平/平
7b587933a644b67c951f798686fcb3c8	庾信	拟咏怀诗二十七首	梁	5	58	无因同武骑	平平?上?	PP?Z?	平/平/平去/上/平去
7b587933a644b67c951f798686fcb3c8	庾信	拟咏怀诗二十七首	梁	5	59	归守灞陵园	平?去平平	PZZPP	平/上去/去/平/平
7b587933a644b67c951f798686fcb3c8	庾信	拟咏怀诗二十七首	梁	5	60	榆关断音信	平平?平去	PPZPZ	平/平/上去/平/去
7b587933a644b67c951f798686fcb3c8	庾信	拟咏怀诗二十七首	梁	5	61	汉使绝经过	去?入??	ZZZ??	去/上去/入/平去/平去
7b587933a644b67c951f798686fcb3c8	庾信	拟咏怀诗二十七首	梁	5	62	胡笳落泪曲	平平入去入	PPZZZ	平/平/入/去/入
7b587933a644b67c951f798686fcb3c8	庾信	拟咏怀诗二十七首	梁	5	63	羌笛断肠歌	平入?平平	PZZPP	平/入/上去/平/平
7b587933a644b67c951f798686fcb3c8	庾信	拟咏怀诗二十七首	梁	5	64	纤腰减束素	平平上入去	PPZZZ	平/平/上/入/去
7b587933a644b67c951f798686fcb3c8	庾信	拟咏怀诗二十七首	梁	5	65	别泪损横波	入去上平平	ZZZ?P	去入/去/上/平去/平
7b587933a644b67c951f798686fcb3c8	庾信	拟咏怀诗二十七首	梁	5	66	恨心终不歇	去平平入入	ZPP?Z	去/平/平/平上入/入
7b587933a644b67c951f798686fcb3c8	庾信	拟咏怀诗二十七首	梁	5	67	红颜无复多	平平平入平	PPPZP	平/平/平/去入/平
7b587933a644b67c951f798686fcb3c8	庾信	拟咏怀诗二十七首	梁	5	68	枯木期填海	平入平?上	PZP?Z	平/入/平/平去/上
7b587933a644b67c951f798686fcb3c8	庾信	拟咏怀诗二十七首	梁	5	69	青山望断河	平平??平	PP?ZP	平/平/平去/上去/平
7b587933a644b67c951f798686fcb3c8	庾信	拟咏怀诗二十七首	梁	5	70	白马向清波	入上?平平	ZZZPP	入/上/上去/平/平
7b587933a644b67c951f798686fcb3c8	庾信	拟咏怀诗二十七首	梁	5	71	乘冰始渡河	?平上去平	?PZZP	平去/平/上/去/平
7b587933a644b67c951f798686fcb3c8	庾信	拟咏怀诗二十七首	梁	5	72	置兵须近水	去平平?上	ZPPZZ	去/平/平/上去/上
7b587933a644b67c951f798686fcb3c8	庾信	拟咏怀诗二十七首	梁	5	73	移营喜灶多	平平上去平	PPZZP	平/平/上/去/平
7b587933a644b67c951f798686fcb3c8	庾信	拟咏怀诗二十七首	梁	5	74	长坂初垂翼	?上平平入	?ZPPZ	平上去/上/平/平/入
7b587933a644b67c951f798686fcb3c8	庾信	拟咏怀诗二十七首	梁	5	75	鸿沟遂倒戈	?平去?平	?PZZP	平上/平/去/上去/平
7b587933a644b67c951f798686fcb3c8	庾信	拟咏怀诗二十七首	梁	5	76	的颅于此去	入平平上?	ZPPZZ	入/平/平/上/上去
7b587933a644b67c951f798686fcb3c8	庾信	拟咏怀诗二十七首	梁	5	77	虞兮奈若何	平平去?平	PPZ??	平/平/去/平上入/平上
7b587933a644b67c951f798686fcb3c8	庾信	拟咏怀诗二十七首	梁	5	78	空营卫青冢	?平去平上	?PZPZ	平去/平/去/平/上
7b587933a644b67c951f798686fcb3c8	庾信	拟咏怀诗二十七首	梁	5	79	徒听田横歌	平?平?平	P?P?P	平/平上去/平/平去/平
7b587933a644b67c951f798686fcb3c8	庾信	拟咏怀诗二十七首	梁	5	80	北临玄菟郡	入?平?去	Z?P?Z	入/平去/平/平去/去
7b587933a644b67c951f798686fcb3c8	庾信	拟咏怀诗二十七首	梁	5	81	南戍朱鸢城	平去平平平	PZPPP	平/去/平/平/平
7b587933a644b67c951f798686fcb3c8	庾信	拟咏怀诗二十七首	梁	5	82	共此无期别	?上平平入	?ZPPZ	平去/上/平/平/去入
7b587933a644b67c951f798686fcb3c8	庾信	拟咏怀诗二十七首	梁	5	83	俱知万里情	平平去上平	PPZZP	平/平/去入/上/平
7b587933a644b67c951f798686fcb3c8	庾信	拟咏怀诗二十七首	梁	5	84	昔尝游令尹	入平平?上	ZPP?Z	入/平/平/平去/上
7b587933a644b67c951f798686fcb3c8	庾信	拟咏怀诗二十七首	梁	5	85	今时事客卿	平平去入平	PPZZP	平/平/去/入/平
7b587933a644b67c951f798686fcb3c8	庾信	拟咏怀诗二十七首	梁	5	86	不特贫谢富	入入平去去	?ZPZZ	平上入/入/平/去/去
7b587933a644b67c951f798686fcb3c8	庾信	拟咏怀诗二十七首	梁	5	87	安知死羡生	平平上?平	PPZ??	平/平/上/平去/平去
7b587933a644b67c951f798686fcb3c8	庾信	拟咏怀诗二十七首	梁	5	88	怀秋独悲此	平平入平上	PPZPZ	平/平/入/平/上
7b587933a644b67c951f798686fcb3c8	庾信	拟咏怀诗二十七首	梁	5	89	平生何谓平	平平平去平	P??ZP	平/平去/平上/去/平
7b587933a644b67c951f798686fcb3c8	庾信	拟咏怀诗二十七首	梁	5	90	悲歌度燕水	平平??上	PPZ?Z	平/平/去入/平去/上
7b587933a644b67c951f798686fcb3c8	庾信	拟咏怀诗二十七首	梁	5	91	弭节出阳关	上入入平平	ZZZPP	上/入/去入/平/平
7b587933a644b67c951f798686fcb3c8	庾信	拟咏怀诗二十七首	梁	5	92	李陵从此去	上平?上?	ZP?ZZ	上/平/平去/上/上去
7b587933a644b67c951f798686fcb3c8	庾信	拟咏怀诗二十七首	梁	5	93	荆卿不复还	平平入入平	PP?ZP	平/平/平上入/去入/平
7b587933a644b67c951f798686fcb3c8	庾信	拟咏怀诗二十七首	梁	5	94	故人形影灭	去平平上入	ZPPZZ	去/平/平/上/入
7b587933a644b67c951f798686fcb3c8	庾信	拟咏怀诗二十七首	梁	5	95	音书两俱绝	平平上平入	PPZPZ	平/平/上去/平/入
7b587933a644b67c951f798686fcb3c8	庾信	拟咏怀诗二十七首	梁	5	96	遥看塞北云	平??入平	P?ZZP	平/平去/去入/入/平
7b587933a644b67c951f798686fcb3c8	庾信	拟咏怀诗二十七首	梁	5	97	悬想关山雪	平上平平入	PZPPZ	平/上/平/平/入
7b587933a644b67c951f798686fcb3c8	庾信	拟咏怀诗二十七首	梁	5	98	游子河梁上	平上平平?	PZPPZ	平/上/平/平/上去
7b587933a644b67c951f798686fcb3c8	庾信	拟咏怀诗二十七首	梁	5	99	应将苏武别	??平上入	??PZZ	平去/平去/平/上/去入
7b587933a644b67c951f798686fcb3c8	庾信	拟咏怀诗二十七首	梁	5	100	摇落秋为气	?入平?去	?ZP?Z	平去/入/平/平去/去
7b587933a644b67c951f798686fcb3c8	庾信	拟咏怀诗二十七首	梁	5	101	凄凉多怨情	平?平?平	P?P?P	平/平去/平/平去/平
7b587933a644b67c951f798686fcb3c8	庾信	拟咏怀诗二十七首	梁	5	102	啼枯湘水竹	平平平上入	PPPZZ	平/平/平/上/入
7b587933a644b67c951f798686fcb3c8	庾信	拟咏怀诗二十七首	梁	5	103	哭坏杞梁城	入去上平平	ZZZPP	入/去/上/平/平
7b587933a644b67c951f798686fcb3c8	庾信	拟咏怀诗二十七首	梁	5	104	天亡遭愤战	平平平上去	PPPZZ	平/平/平/上/去
7b587933a644b67c951f798686fcb3c8	庾信	拟咏怀诗二十七首	梁	5	105	日蹙值愁兵	入入去平平	ZZZPP	入/入/去/平/平
7b587933a644b67c951f798686fcb3c8	庾信	拟咏怀诗二十七首	梁	5	106	直虹朝映垒	入?平去?	Z?PZZ	入/平去/平/上去/上去
7b587933a644b67c951f798686fcb3c8	庾信	拟咏怀诗二十七首	梁	5	107	长星夜落营	?平去入平	?PZZP	平上去/平/去/入/平
7b587933a644b67c951f798686fcb3c8	庾信	拟咏怀诗二十七首	梁	5	108	楚歌饶恨曲	上平?去入	ZP?ZZ	上去/平/平去/去/入
7b587933a644b67c951f798686fcb3c8	庾信	拟咏怀诗二十七首	梁	5	109	南风多死声	平平平上平	P?PZP	平/平去/平/上/平
7b587933a644b67c951f798686fcb3c8	庾信	拟咏怀诗二十七首	梁	5	110	眼前一杯酒	上平入平上	ZPZPZ	上/平/入/平/上
7b587933a644b67c951f798686fcb3c8	庾信	拟咏怀诗二十七首	梁	5	111	谁论身后名	平?平?平	P?PZP	平/平去/平/上去/平
7b587933a644b67c951f798686fcb3c8	庾信	拟咏怀诗二十七首	梁	5	112	周王逢郑忿	平平平去?	P?PZZ	平/平去/平/去/上去
7b587933a644b67c951f798686fcb3c8	庾信	拟咏怀诗二十七首	梁	5	113	楚后值秦冤	上?去平平	ZZZPP	上去/上去/去/平/平
7b587933a644b67c951f798686fcb3c8	庾信	拟咏怀诗二十七首	梁	5	114	梯冲已鹤列	平平上入?	PPZZ?	平/平/上去/入/平入
7b587933a644b67c951f798686fcb3c8	庾信	拟咏怀诗二十七首	梁	5	115	冀马忽云屯	去上入平平	ZZZPP	去/上/入/平/平
7b587933a644b67c951f798686fcb3c8	庾信	拟咏怀诗二十七首	梁	5	116	武安檐瓦振	上平平??	ZPPZ?	上/平/平/上去/平去
7b587933a644b67c951f798686fcb3c8	庾信	拟咏怀诗二十七首	梁	5	117	昆阳猛兽奔	平平上去?	PPZZ?	平/平/上/去/平去
7b587933a644b67c951f798686fcb3c8	庾信	拟咏怀诗二十七首	梁	5	118	流星夕照镜	平平入去去	PPZZZ	平/平/入/去/去
7b587933a644b67c951f798686fcb3c8	庾信	拟咏怀诗二十七首	梁	5	119	烽火夜烧原	平上去?平	PZZ?P	平/上/去/平去/平
7b587933a644b67c951f798686fcb3c8	庾信	拟咏怀诗二十七首	梁	5	120	古狱饶冤气	上入?平去	ZZ?PZ	上/入/平去/平/去
7b587933a644b67c951f798686fcb3c8	庾信	拟咏怀诗二十七首	梁	5	121	空亭多枉魂	?平平上?	?PPZ?	平去/平/平/上/
7b587933a644b67c951f798686fcb3c8	庾信	拟咏怀诗二十七首	梁	5	122	天道或可问	平上入上去	PZZZZ	平/上/入/上/去
7b587933a644b67c951f798686fcb3c8	庾信	拟咏怀诗二十七首	梁	5	123	微兮不忍言	平平入上平	PP?ZP	平/平/平上入/上/平
7b587933a644b67c951f798686fcb3c8	庾信	拟咏怀诗二十七首	梁	5	124	横流遘屯慝	平平去平入	?PZPZ	平去/平/去/平/入
7b587933a644b67c951f798686fcb3c8	庾信	拟咏怀诗二十七首	梁	5	125	上墋结重氛	?上入?平	ZZZ?P	上去/上/入/平上去/平
7b587933a644b67c951f798686fcb3c8	庾信	拟咏怀诗二十七首	梁	5	126	哭市闻妖兽	入上?平去	ZZ?PZ	入/上/平去/平/去
7b587933a644b67c951f798686fcb3c8	庾信	拟咏怀诗二十七首	梁	5	127	颓山起怪云	平平上去平	PPZZP	平/平/上/去/平
7b587933a644b67c951f798686fcb3c8	庾信	拟咏怀诗二十七首	梁	5	128	绿林多散卒	入平平?入	ZPPZZ	入/平/平/上去/入
7b587933a644b67c951f798686fcb3c8	庾信	拟咏怀诗二十七首	梁	5	129	清波有败军	平平上去平	PPZZP	平/平/上/去/平
7b587933a644b67c951f798686fcb3c8	庾信	拟咏怀诗二十七首	梁	5	130	智士今安用	去上平平去	ZZPPZ	去/上/平/平/去
7b587933a644b67c951f798686fcb3c8	庾信	拟咏怀诗二十七首	梁	5	131	忠臣且未闻	平平?去?	PP?Z?	平/平/平上/去/平去
7b587933a644b67c951f798686fcb3c8	庾信	拟咏怀诗二十七首	梁	5	132	惜无万金产	入平去平上	ZPZPZ	入/平/去入/平/上
7b587933a644b67c951f798686fcb3c8	庾信	拟咏怀诗二十七首	梁	5	133	东求沧海君	平平平上平	PPPZP	平/平/平/上/平
7b587933a644b67c951f798686fcb3c8	庾信	拟咏怀诗二十七首	梁	5	134	吉士长为吉	入上??入	ZZ??Z	入/上/平上去/平去/入
7b587933a644b67c951f798686fcb3c8	庾信	拟咏怀诗二十七首	梁	5	135	善人终日善	上平平入上	ZPPZZ	上/平/平/入/上
7b587933a644b67c951f798686fcb3c8	庾信	拟咏怀诗二十七首	梁	5	136	大道忽云乖	去上入平平	ZZZPP	去/上/入/平/平
7b587933a644b67c951f798686fcb3c8	庾信	拟咏怀诗二十七首	梁	5	137	生民随事蹇	平平平去上	?PPZZ	平去/平/平/去/上
7b587933a644b67c951f798686fcb3c8	庾信	拟咏怀诗二十七首	梁	5	138	有情何可豁	上平平上入	ZP?ZZ	上/平/平上/上/入
7b587933a644b67c951f798686fcb3c8	庾信	拟咏怀诗二十七首	梁	5	139	忘怀固难遣	去平去平?	ZPZ?Z	去/平/去/平去/上去
7b587933a644b67c951f798686fcb3c8	庾信	拟咏怀诗二十七首	梁	5	140	麟穷季氏罝	平平去?平	PPZ?P	平/平/去/平上/平
7b587933a644b67c951f798686fcb3c8	庾信	拟咏怀诗二十七首	梁	5	141	虎振周王圈	上?平平?	Z?P?Z	上/平去/平/平去/上去
7b587933a644b67c951f798686fcb3c8	庾信	拟咏怀诗二十七首	梁	5	142	平生几种意	平平??去	P???Z	平/平去/平上去/平上去/去
7b587933a644b67c951f798686fcb3c8	庾信	拟咏怀诗二十七首	梁	5	143	一旦冲风卷	入去平平?	ZZP??	入/去/平/平去/平上去
7b587933a644b67c951f798686fcb3c8	庾信	拟咏怀诗二十七首	梁	5	144	六国始咆哮	入入上平?	ZZZP?	入/入/上/平/平去
7b587933a644b67c951f798686fcb3c8	庾信	拟咏怀诗二十七首	梁	5	145	纵横未定交	??去去平	??ZZP	平去/平去/去/去/平
7b587933a644b67c951f798686fcb3c8	庾信	拟咏怀诗二十七首	梁	5	146	欲竞连城玉	入去平平入	ZZPPZ	入/去/平/平/入
7b587933a644b67c951f798686fcb3c8	庾信	拟咏怀诗二十七首	梁	5	147	翻徵缩酒茅	平?入上平	P?ZZP	平/平上/入/上/平
7b587933a644b67c951f798686fcb3c8	庾信	拟咏怀诗二十七首	梁	5	148	折骸犹换子	?平平去上	?P?ZZ	平入/平/平去/去/上
7b587933a644b67c951f798686fcb3c8	庾信	拟咏怀诗二十七首	梁	5	149	登爨已悬巢	平去上平?	PZZP?	平/去/上去/平/平去
7b587933a644b67c951f798686fcb3c8	庾信	拟咏怀诗二十七首	梁	5	150	壮冰初开地	去平平平去	ZPPPZ	去/平/平/平/去
7b587933a644b67c951f798686fcb3c8	庾信	拟咏怀诗二十七首	梁	5	151	盲风正折胶	平平???	P????	平/平去/平去/平入/平去
7b587933a644b67c951f798686fcb3c8	庾信	拟咏怀诗二十七首	梁	5	152	轻云飘马足	?平平上入	?PPZZ	平去/平/平/上/去入
7b587933a644b67c951f798686fcb3c8	庾信	拟咏怀诗二十七首	梁	5	153	明月动弓弰	平入上平平	PZZPP	平/入/上/平/平
7b587933a644b67c951f798686fcb3c8	庾信	拟咏怀诗二十七首	梁	5	154	楚师正围巩	上平??上	ZP??Z	上去/平/平去/平去/上
7b587933a644b67c951f798686fcb3c8	庾信	拟咏怀诗二十七首	梁	5	155	秦兵未下崤	平平去?平	PPZZP	平/平/去/上去/平
7b587933a644b67c951f798686fcb3c8	庾信	拟咏怀诗二十七首	梁	5	156	始知千载内	上平平?去	ZPPZZ	上/平/平/上去/去
7b587933a644b67c951f798686fcb3c8	庾信	拟咏怀诗二十七首	梁	5	157	无复有申包	平入上平平	PZZPP	平/去入/上/平/平
7b587933a644b67c951f798686fcb3c8	庾信	拟咏怀诗二十七首	梁	5	158	横石三五片	?入平上去	?Z?ZZ	平去/入/平去/上/去
7b587933a644b67c951f798686fcb3c8	庾信	拟咏怀诗二十七首	梁	5	159	长松一两株	?平入上平	??ZZP	平上去/平去/入/上去/平
7b587933a644b67c951f798686fcb3c8	庾信	拟咏怀诗二十七首	梁	5	160	对君俗人眼	去平入平上	ZPZPZ	去/平/入/平/上
7b587933a644b67c951f798686fcb3c8	庾信	拟咏怀诗二十七首	梁	5	161	真兴理当无	平?上?平	P?Z?P	平/平去/上/平去/平
7b587933a644b67c951f798686fcb3c8	庾信	拟咏怀诗二十七首	梁	5	162	野老披荷叶	上上??入	ZZ??Z	上/上/平上/平上/入
7b587933a644b67c951f798686fcb3c8	庾信	拟咏怀诗二十七首	梁	5	163	家童扫栗跗	平平?入?	PPZZ?	平/平/上去/入/平去
7b587933a644b67c951f798686fcb3c8	庾信	拟咏怀诗二十七首	梁	5	164	竹林千户封	入平平上?	ZPPZ?	入/平/平/上/平去
7b587933a644b67c951f798686fcb3c8	庾信	拟咏怀诗二十七首	梁	5	165	甘橘万头奴	平入去平平	PZZPP	平/入/去入/平/平
7b587933a644b67c951f798686fcb3c8	庾信	拟咏怀诗二十七首	梁	5	166	君见愚公谷	平去平平入	PZPPZ	平/去/平/平/入
7b587933a644b67c951f798686fcb3c8	庾信	拟咏怀诗二十七首	梁	5	167	真言此谷愚	平平上入平	PPZZP	平/平/上/入/平
7b587933a644b67c951f798686fcb3c8	庾信	拟咏怀诗二十七首	梁	5	168	日晚荒城上	入上?平?	ZZ?PZ	入/上/平去/平/上去
7b587933a644b67c951f798686fcb3c8	庾信	拟咏怀诗二十七首	梁	5	169	苍茫馀落晖	?平平入平	?PPZP	平上/平/平/入/平
7b587933a644b67c951f798686fcb3c8	庾信	拟咏怀诗二十七首	梁	5	170	都护楼兰返	平去平平上	PZPPZ	平/去/平/平/上
7b587933a644b67c951f798686fcb3c8	庾信	拟咏怀诗二十七首	梁	5	171	将军疏勒归	?平?入平	?P?ZP	平去/平/平去/入/平
7b587933a644b67c951f798686fcb3c8	庾信	拟咏怀诗二十七首	梁	5	172	马有风尘气	上上平平去	ZZ?PZ	上/上/平去/平/去
7b587933a644b67c951f798686fcb3c8	庾信	拟咏怀诗二十七首	梁	5	173	人多关塞衣	平平平??	PPPZ?	平/平/平/去入/平去
7b587933a644b67c951f798686fcb3c8	庾信	拟咏怀诗二十七首	梁	5	174	阵云平不动	去平平入上	ZPP?Z	去/平/平/平上入/上
7b587933a644b67c951f798686fcb3c8	庾信	拟咏怀诗二十七首	梁	5	175	秋蓬卷欲飞	平平?入平	PP?ZP	平/平/平上去/入/平
7b587933a644b67c951f798686fcb3c8	庾信	拟咏怀诗二十七首	梁	5	176	闻道楼船战	?上平平去	?ZPPZ	平去/上/平/平/去
7b587933a644b67c951f798686fcb3c8	庾信	拟咏怀诗二十七首	梁	5	177	今年不解围	平平入??	PP?Z?	平/平/平上入/上去/平去
7b587933a644b67c951f798686fcb3c8	庾信	拟咏怀诗二十七首	梁	5	178	寻思万户侯	平?去上平	P?ZZP	平/平去/去入/上/平
7b587933a644b67c951f798686fcb3c8	庾信	拟咏怀诗二十七首	梁	5	179	中夜忽然愁	?去入平平	?ZZPP	平去/去/入/平/平
7b587933a644b67c951f798686fcb3c8	庾信	拟咏怀诗二十七首	梁	5	180	琴声遍屋里	平平去入上	PPZZZ	平/平/去/入/上
7b587933a644b67c951f798686fcb3c8	庾信	拟咏怀诗二十七首	梁	5	181	书卷满床头	平?上平平	P?ZPP	平/平上去/上/平/平
7b587933a644b67c951f798686fcb3c8	庾信	拟咏怀诗二十七首	梁	5	182	虽言梦蝴蝶	平平??入	PP??Z	平/平/平去//入
7b587933a644b67c951f798686fcb3c8	庾信	拟咏怀诗二十七首	梁	5	183	定自非庄周	去去平平平	ZZPPP	去/去/平/平/平
7b587933a644b67c951f798686fcb3c8	庾信	拟咏怀诗二十七首	梁	5	184	残月如初月	平入平平入	PZ?PZ	平/入/平去/平/入
7b587933a644b67c951f798686fcb3c8	庾信	拟咏怀诗二十七首	梁	5	185	新秋似旧秋	平平上去平	PPZZP	平/平/上/去/平
7b587933a644b67c951f798686fcb3c8	庾信	拟咏怀诗二十七首	梁	5	186	露泣连珠下	去入平平?	ZZPPZ	去/入/平/平/上去
7b587933a644b67c951f798686fcb3c8	庾信	拟咏怀诗二十七首	梁	5	187	萤飘碎火流	平平去上平	PPZZP	平/平/去/上/平
7b587933a644b67c951f798686fcb3c8	庾信	拟咏怀诗二十七首	梁	5	188	乐天乃知命	?平上平去	ZPZPZ	去入/平/上/平/去
7b587933a644b67c951f798686fcb3c8	庾信	拟咏怀诗二十七首	梁	5	189	何时能不忧	平平?入平	?P???	平上/平/平上去/平上入/平去
7b587933a644b67c951f798686fcb3c8	庾信	拟咏怀诗二十七首	梁	5	190	愦愦天公晓	去去平平上	ZZPPZ	去/去/平/平/上
7b587933a644b67c951f798686fcb3c8	庾信	拟咏怀诗二十七首	梁	5	191	精神殊乏少	?平平入?	?PPZZ	平去/平/平/入/上去
7b587933a644b67c951f798686fcb3c8	庾信	拟咏怀诗二十七首	梁	5	192	一郡催曙鸡	入去平去平	ZZPZP	入/去/平/去/平
7b587933a644b67c951f798686fcb3c8	庾信	拟咏怀诗二十七首	梁	5	193	数处惊眠鸟	??平平上	ZZPPZ	上去入/上去/平/平/上
7b587933a644b67c951f798686fcb3c8	庾信	拟咏怀诗二十七首	梁	5	194	其觉乃于于	平?上平平	PZZPP	平/去入/上/平/平
7b587933a644b67c951f798686fcb3c8	庾信	拟咏怀诗二十七首	梁	5	195	其忧惟悄悄	平平平上上	P?PZZ	平/平去/平/上/上
7b587933a644b67c951f798686fcb3c8	庾信	拟咏怀诗二十七首	梁	5	196	张仪称行薄	?平??入	?P??Z	平去/平/平去/平去/入
7b587933a644b67c951f798686fcb3c8	庾信	拟咏怀诗二十七首	梁	5	197	管仲称器小	上去?去上	ZZ?ZZ	上/去/平去/去/上
7b587933a644b67c951f798686fcb3c8	庾信	拟咏怀诗二十七首	梁	5	198	天下有情人	平?上平平	PZZPP	平/上去/上/平/平
7b587933a644b67c951f798686fcb3c8	庾信	拟咏怀诗二十七首	梁	5	199	居然性灵夭	平平去平?	PPZP?	平/平/去/平/平上
7b587933a644b67c951f798686fcb3c8	庾信	拟咏怀诗二十七首	梁	5	200	在死犹可忍	?上平上上	ZZ?ZZ	上去/上/平去/上/上
7b587933a644b67c951f798686fcb3c8	庾信	拟咏怀诗二十七首	梁	5	201	为辱岂不宽	?入上入平	?ZZ?P	平去/入/上/平上入/平
7b587933a644b67c951f798686fcb3c8	庾信	拟咏怀诗二十七首	梁	5	202	古人持此性	上平平上去	ZPPZZ	上/平/平/上/去
7b587933a644b67c951f798686fcb3c8	庾信	拟咏怀诗二十七首	梁	5	203	遂有不能安	去上入平平	ZZ??P	去/上/平上入/平上去/平
7b587933a644b67c951f798686fcb3c8	庾信	拟咏怀诗二十七首	梁	5	204	其面虽可热	平去平上入	PZPZZ	平/去/平/上/入
7b587933a644b67c951f798686fcb3c8	庾信	拟咏怀诗二十七首	梁	5	205	其心长自寒	平平?去平	PP?ZP	平/平/平上去/去/平
7b587933a644b67c951f798686fcb3c8	庾信	拟咏怀诗二十七首	梁	5	206	匣中取明镜	入?上平去	Z?ZPZ	入/平去/上/平/去
7b587933a644b67c951f798686fcb3c8	庾信	拟咏怀诗二十七首	梁	5	207	披图自照看	?平去去?	?PZZ?	平上/平/去/去/平去
7b587933a644b67c951f798686fcb3c8	庾信	拟咏怀诗二十七首	梁	5	208	幸无侵饿理	上平平去上	ZPPZZ	上/平/平/去/上
7b587933a644b67c951f798686fcb3c8	庾信	拟咏怀诗二十七首	梁	5	209	差有犯兵栏	?上上平平	?ZZPP	平去/上/上/平/平
7b587933a644b67c951f798686fcb3c8	庾信	拟咏怀诗二十七首	梁	5	210	拥节时驱传	上入平??	ZZP??	上/入/平/平去/平去
7b587933a644b67c951f798686fcb3c8	庾信	拟咏怀诗二十七首	梁	5	211	乘亭不据鞍	?平入??	?P???	平去/平/平上入/平去/
7b587933a644b67c951f798686fcb3c8	庾信	拟咏怀诗二十七首	梁	5	212	代郡蓬初转	去去平平?	ZZPPZ	去/去/平/平/上去
7b587933a644b67c951f798686fcb3c8	庾信	拟咏怀诗二十七首	梁	5	213	辽阳桑欲干	平平平入?	PPPZ?	平/平/平/入/平去
7b587933a644b67c951f798686fcb3c8	庾信	拟咏怀诗二十七首	梁	5	214	秋云粉絮结	平平上去入	PPZZZ	平/平/上/去/入
7b587933a644b67c951f798686fcb3c8	庾信	拟咏怀诗二十七首	梁	5	215	白露水银团	入去上平平	ZZZPP	入/去/上/平/平
7b587933a644b67c951f798686fcb3c8	庾信	拟咏怀诗二十七首	梁	5	216	一思探禹穴	入?平上入	Z?PZZ	入/平去/平/上/入
7b587933a644b67c951f798686fcb3c8	庾信	拟咏怀诗二十七首	梁	5	217	无用鏖皋兰	平去平平平	PZPPP	平/去/平/平/平
7b587933a644b67c951f798686fcb3c8	庾信	拟咏怀诗二十七首	梁	5	218	倏忽市朝变	?入上平去	?ZZPZ	/入/上/平/去
7b587933a644b67c951f798686fcb3c8	庾信	拟咏怀诗二十七首	梁	5	219	苍茫人事非	?平平去平	?PPZP	平上/平/平/去/平
7b587933a644b67c951f798686fcb3c8	庾信	拟咏怀诗二十七首	梁	5	220	避谗应采葛	去??上入	Z??ZZ	去/平去/平去/上/入
7b587933a644b67c951f798686fcb3c8	庾信	拟咏怀诗二十七首	梁	5	221	忘情遂食薇	去平去?平	ZPZZP	去/平/去/去入/平
7b587933a644b67c951f798686fcb3c8	庾信	拟咏怀诗二十七首	梁	5	222	怀愁正摇落	平平??入	PP??Z	平/平/平去/平去/入
7b587933a644b67c951f798686fcb3c8	庾信	拟咏怀诗二十七首	梁	5	223	中心怆有违	?平?上平	?PZZP	平去/平/上去/上/平
7b587933a644b67c951f798686fcb3c8	庾信	拟咏怀诗二十七首	梁	5	224	独怜生意尽	入平平去上	ZP?ZZ	入/平/平去/去/上
7b587933a644b67c951f798686fcb3c8	庾信	拟咏怀诗二十七首	梁	5	225	空惊槐树衰	?平平?平	?PPZP	平去/平/平/上去/平
7b587933a644b67c951f798686fcb3c8	庾信	拟咏怀诗二十七首	梁	5	226	日色临平乐	入入?平?	ZZ?PZ	入/入/平去/平/去入
7b587933a644b67c951f798686fcb3c8	庾信	拟咏怀诗二十七首	梁	5	227	风光满上兰	平平上?平	??ZZP	平去/平去/上/上去/平
7b587933a644b67c951f798686fcb3c8	庾信	拟咏怀诗二十七首	梁	5	228	南国美人去	平入上平?	PZZPZ	平/入/上/平/上去
7b587933a644b67c951f798686fcb3c8	庾信	拟咏怀诗二十七首	梁	5	229	东家枣树完	平平上?平	PPZZP	平/平/上/上去/平
7b587933a644b67c951f798686fcb3c8	庾信	拟咏怀诗二十七首	梁	5	230	抱松伤别鹤	上平平入入	Z??ZZ	上/平去/平去/去入/入
7b587933a644b67c951f798686fcb3c8	庾信	拟咏怀诗二十七首	梁	5	231	向镜绝孤鸾	?去入平平	ZZZPP	上去/去/入/平/平
7b587933a644b67c951f798686fcb3c8	庾信	拟咏怀诗二十七首	梁	5	232	不言登陇首	入平平上?	?PPZZ	平上入/平/平/上/上去
7b587933a644b67c951f798686fcb3c8	庾信	拟咏怀诗二十七首	梁	5	233	唯得望长安	?入?平平	?Z??P	平上/入/平去/平上去/平
7b587933a644b67c951f798686fcb3c8	庾信	拟咏怀诗二十七首	梁	5	234	斗麟能食日	?平??入	ZP?ZZ	上去/平/平上去/去入/入
7b587933a644b67c951f798686fcb3c8	庾信	拟咏怀诗二十七首	梁	5	235	战水定惊龙	去上去平平	ZZZPP	去/上/去/平/平
7b587933a644b67c951f798686fcb3c8	庾信	拟咏怀诗二十七首	梁	5	236	鼓鞞喧七萃	??平入去	??PZZ	/平上/平/入/去
7b587933a644b67c951f798686fcb3c8	庾信	拟咏怀诗二十七首	梁	5	237	风尘乱九重	平平去上?	?PZZ?	平去/平/去/上/平上去
7b587933a644b67c951f798686fcb3c8	庾信	拟咏怀诗二十七首	梁	5	238	鼎湖去无返	上平?平上	ZPZPZ	上/平/上去/平/上
7b587933a644b67c951f798686fcb3c8	庾信	拟咏怀诗二十七首	梁	5	239	苍梧悲不从	?平平入?	?PP??	平上/平/平/平上入/平去
7b587933a644b67c951f798686fcb3c8	庾信	拟咏怀诗二十七首	梁	5	240	徒劳铜雀妓	平?平入?	P?PZ?	平/平去/平/入/平上
7b587933a644b67c951f798686fcb3c8	庾信	拟咏怀诗二十七首	梁	5	241	遥望西陵松	平?平平平	P?PP?	平/平去/平/平/平去
7b587933a644b67c951f798686fcb3c8	庾信	拟咏怀诗二十七首	梁	5	242	无闷无不闷	平去平入去	PZP?Z	平/去/平/平上入/去
7b587933a644b67c951f798686fcb3c8	庾信	拟咏怀诗二十七首	梁	5	243	有待何可待	上上平上上	ZZ?ZZ	上/上/平上/上/上
7b587933a644b67c951f798686fcb3c8	庾信	拟咏怀诗二十七首	梁	5	244	昏昏如坐雾	平平平上去	PP?ZZ	平/平/平去/上去/去
7b587933a644b67c951f798686fcb3c8	庾信	拟咏怀诗二十七首	梁	5	245	漫漫疑行海	去去平?上	ZZP?Z	去/去/平/平去/上
7b587933a644b67c951f798686fcb3c8	庾信	拟咏怀诗二十七首	梁	5	246	千年水未清	平平上去平	PPZZP	平/平/上/去/平
7b587933a644b67c951f798686fcb3c8	庾信	拟咏怀诗二十七首	梁	5	247	一代人先改	入去平?上	ZZP?Z	入/去/平/平去/上
7b587933a644b67c951f798686fcb3c8	庾信	拟咏怀诗二十七首	梁	5	248	昔日东陵侯	入入平平平	ZZPPP	入/入/平/平/平
7b587933a644b67c951f798686fcb3c8	庾信	拟咏怀诗二十七首	梁	5	249	唯见瓜园在	?去平平?	?ZPPZ	平上/去/平/平/上去
7b587933a644b67c951f798686fcb3c8	庾信	拟咏怀诗二十七首	梁	5	250	怀抱独惛惛	平上入??	PZZ??	平/上/入/平上去/平上去
7b587933a644b67c951f798686fcb3c8	庾信	拟咏怀诗二十七首	梁	5	251	平生何所论	平平平上?	P??Z?	平/平去/平上/上/平去
7b587933a644b67c951f798686fcb3c8	庾信	拟咏怀诗二十七首	梁	5	252	由来千种意	平平平?去	PPP?Z	平/平/平/平上去/去
7b587933a644b67c951f798686fcb3c8	庾信	拟咏怀诗二十七首	梁	5	253	并是桃花源	?上平平平	?ZPPP	平上去/上/平/平/平
7b587933a644b67c951f798686fcb3c8	庾信	拟咏怀诗二十七首	梁	5	254	榖皮两书帙	入平上平入	ZPZPZ	入/平/上去/平/入
7b587933a644b67c951f798686fcb3c8	庾信	拟咏怀诗二十七首	梁	5	255	壶卢一酒樽	平平入上平	PPZZP	平/平/入/上/平
7b587933a644b67c951f798686fcb3c8	庾信	拟咏怀诗二十七首	梁	5	256	自知费天下	去平去平?	ZPZPZ	去/平/去/平/上去
7b587933a644b67c951f798686fcb3c8	庾信	拟咏怀诗二十七首	梁	5	257	也复何足言	上入平入平	ZZ?ZP	上/去入/平上/去入/平
7b587933a644b67c951f798686fcb3c8	庾信	拟咏怀诗二十七首	梁	5	258	萧条亭障远	平平平??	PPP?Z	平/平/平/平去/上去
7b587933a644b67c951f798686fcb3c8	庾信	拟咏怀诗二十七首	梁	5	259	凄惨风尘多	平上平平平	PZ?PP	平/上/平去/平/平
7b587933a644b67c951f798686fcb3c8	庾信	拟咏怀诗二十七首	梁	5	260	关门临白狄	平平?入入	PP?ZZ	平/平/平去/入/入
7b587933a644b67c951f798686fcb3c8	庾信	拟咏怀诗二十七首	梁	5	261	城影入黄河	平上入平平	PZZPP	平/上/入/平/平
7b587933a644b67c951f798686fcb3c8	庾信	拟咏怀诗二十七首	梁	5	262	秋风别苏武	平平入平上	P?ZPZ	平/平去/去入/平/上
7b587933a644b67c951f798686fcb3c8	庾信	拟咏怀诗二十七首	梁	5	263	寒水送荆轲	平上去平?	PZZP?	平/上/去/平/平上去
7b587933a644b67c951f798686fcb3c8	庾信	拟咏怀诗二十七首	梁	5	264	谁言气盖世	平平去?去	PPZZZ	平/平/去/去入/去
7b587933a644b67c951f798686fcb3c8	庾信	拟咏怀诗二十七首	梁	5	265	晨起帐中歌	平上去?平	PZZ?P	平/上/去/平去/平
7b587933a644b67c951f798686fcb3c8	庾信	拟咏怀诗二十七首	梁	5	266	被甲阳云台	?入平平平	ZZPPP	上去/入/平/平/平
7b587933a644b67c951f798686fcb3c8	庾信	拟咏怀诗二十七首	梁	5	267	重云久未开	?平上去平	?PZZP	平上去/平/上/去/平
7b587933a644b67c951f798686fcb3c8	庾信	拟咏怀诗二十七首	梁	5	268	鸡鸣楚地尽	平平上去上	PPZZZ	平/平/上去/去/上
7b587933a644b67c951f798686fcb3c8	庾信	拟咏怀诗二十七首	梁	5	269	鹤唳秦军来	入?平平平	ZZPPP	入/去入/平/平/平
7b587933a644b67c951f798686fcb3c8	庾信	拟咏怀诗二十七首	梁	5	270	罗梁犹下礌	平平平??	PP?Z?	平/平/平去/上去/
7b587933a644b67c951f798686fcb3c8	庾信	拟咏怀诗二十七首	梁	5	271	杨排久飞灰	平平上平平	PPZPP	平/平/上/平/平
7b587933a644b67c951f798686fcb3c8	庾信	拟咏怀诗二十七首	梁	5	272	出门车轴折	入平平入?	ZPPZ?	去入/平/平/入/平入
7b587933a644b67c951f798686fcb3c8	庾信	拟咏怀诗二十七首	梁	5	273	吾王不复回	平平入入平	P??Z?	平/平去/平上入/去入/平去
7b587933a644b67c590a0c503b602962	庾信	重别周尚书诗二首	梁	5	0	阳关万里道	平平去上上	PPZZZ	平/平/去入/上/上
7b587933a644b67c590a0c503b602962	庾信	重别周尚书诗二首	梁	5	1	不见一人归	入去入平平	?ZZPP	平上入/去/入/平/平
7b587933a644b67c590a0c503b602962	庾信	重别周尚书诗二首	梁	5	2	唯有河边雁	?上平平去	?ZPPZ	平上/上/平/平/去
7b587933a644b67c590a0c503b602962	庾信	重别周尚书诗二首	梁	5	3	秋来南向飞	平平平?平	PPPZP	平/平/平/上去/平
7b587933a644b67c590a0c503b602962	庾信	重别周尚书诗二首	梁	5	4	河桥两岸绝	平平上去入	PPZZZ	平/平/上去/去/入
7b587933a644b67c590a0c503b602962	庾信	重别周尚书诗二首	梁	5	5	横歧数路分	?平?去?	?PZZ?	平去/平/上去入/去/平去
7b587933a644b67c590a0c503b602962	庾信	重别周尚书诗二首	梁	5	6	山川遥不见	平平平入去	PPP?Z	平/平/平/平上入/去
7b587933a644b67c590a0c503b602962	庾信	重别周尚书诗二首	梁	5	7	怀袖远相闻	平去???	PZZ??	平/去/上去/平去/平去
7b587933a644b67cc6201ec892eedb01	庾信	代人伤往诗二首	梁	7	0	青田松上一黄鹤	平平平?入平入	PP?ZZPZ	平/平/平去/上去/入/平/入
7b587933a644b67cc6201ec892eedb01	庾信	代人伤往诗二首	梁	7	1	相思树下两鸳鸯	平平??上平平	??ZZZPP	平去/平去/上去/上去/上去/平/平
7b587933a644b67cc6201ec892eedb01	庾信	代人伤往诗二首	梁	7	2	无事交渠更相失	平去平平??入	PZPP??Z	平/去/平/平/平去/平去/入
7b587933a644b67cc6201ec892eedb01	庾信	代人伤往诗二首	梁	7	3	不及从来莫作双	入入?平入入平	?Z?PZZP	平上入/入/平去/平/入/去入/平
7b587933a644b67cc6201ec892eedb01	庾信	代人伤往诗二首	梁	7	4	杂树本唯金谷苑	入?上?平入上	ZZZ?PZZ	入/上去/上/平上/平/入/上
7b587933a644b67cc6201ec892eedb01	庾信	代人伤往诗二首	梁	7	5	诸花旧满洛阳城	平平去上入平平	PPZZZPP	平/平/去/上/入/平/平
7b587933a644b67cc6201ec892eedb01	庾信	代人伤往诗二首	梁	7	6	正是古来歌舞处	?上上平平上?	?ZZPPZZ	平去/上/上/平/平/上/上去
7b587933a644b67cc6201ec892eedb01	庾信	代人伤往诗二首	梁	7	7	今日看时无地行	平入?平平去?	PZ?PPZ?	平/入/平去/平/平/去/平去
7b587933a644b67c305ecd06b2939349	庾信	乌夜啼	梁	7	0	御史府中何处宿	?上上?平??	ZZZ??ZZ	上去/上/上/平去/平上/上去/去入
7b587933a644b67c305ecd06b2939349	庾信	乌夜啼	梁	7	1	洛阳城头那得栖	入平平平?入?	ZPPP?Z?	入/平/平/平/平上去/入/平去
7b587933a644b67c305ecd06b2939349	庾信	乌夜啼	梁	7	2	弹琴蜀郡卓家女	?平入去入平上	?PZZZPZ	平去/平/入/去/入/平/上去
7b587933a644b67c305ecd06b2939349	庾信	乌夜啼	梁	7	3	织锦秦川窦氏妻	?上平平去??	ZZPPZ??	去入/上/平/平/去/平上/平去
7b587933a644b67c305ecd06b2939349	庾信	乌夜啼	梁	7	4	讵不自惊长泪落	?入去平?去入	Z?ZP?ZZ	上去/平上入/去/平/平上去/去/入
7b587933a644b67c305ecd06b2939349	庾信	乌夜啼	梁	7	5	到头啼乌恒夜啼	去平平平平去平	ZPPPPZP	去/平/平/平/平/去/平
7b587933a644b67cd592e1c9d2f70493	庾信	结客少年场行	梁	5	0	结客少年场	入入?平平	ZZZPP	入/入/上去/平/平
7b587933a644b67cd592e1c9d2f70493	庾信	结客少年场行	梁	5	1	春风满路香	平平上去平	P?ZZP	平/平去/上/去/平
7b587933a644b67cd592e1c9d2f70493	庾信	结客少年场行	梁	5	2	歌撩李都尉	平?上平?	P?ZPZ	平/平上/上/平/去入
7b587933a644b67cd592e1c9d2f70493	庾信	结客少年场行	梁	5	3	果掷潘河阳	上入平平平	ZZPPP	上/入/平/平/平
7b587933a644b67cd592e1c9d2f70493	庾信	结客少年场行	梁	5	4	隔花遥劝酒	入平平去上	ZPPZZ	入/平/平/去/上
7b587933a644b67cd592e1c9d2f70493	庾信	结客少年场行	梁	5	5	就水更移床	去上?平平	ZZ?PP	去/上/平去/平/平
7b587933a644b67cd592e1c9d2f70493	庾信	结客少年场行	梁	5	6	今年喜夫婿	平平上平?	PPZP?	平/平/上/平/
7b587933a644b67cd592e1c9d2f70493	庾信	结客少年场行	梁	5	7	新拜羽林郎	平去上平平	PZZPP	平/去/上去/平/平
7b587933a644b67cd592e1c9d2f70493	庾信	结客少年场行	梁	5	8	定知刘碧玉	去平平入入	ZPPZZ	去/平/平/入/入
7b587933a644b67cd592e1c9d2f70493	庾信	结客少年场行	梁	5	9	偷嫁汝南王	平去上平平	PZZP?	平/去/上/平/平去
7b587933a644b67c4ece0f182c0b9c4c	庾信	出自蓟北门行	梁	5	0	蓟门还北望	去平平入?	ZPPZ?	去/平/平/入/平去
7b587933a644b67c4ece0f182c0b9c4c	庾信	出自蓟北门行	梁	5	1	役役尽伤情	入入上平平	ZZZ?P	入/入/上/平去/平
7b587933a644b67c4ece0f182c0b9c4c	庾信	出自蓟北门行	梁	5	2	关山连汉月	平平平去入	PPPZZ	平/平/平/去/入
7b587933a644b67c4ece0f182c0b9c4c	庾信	出自蓟北门行	梁	5	3	陇水向秦城	上上?平平	ZZZPP	上/上/上去/平/平
7b587933a644b67c4ece0f182c0b9c4c	庾信	出自蓟北门行	梁	5	4	笳寒芦叶脆	平平平入去	PPPZZ	平/平/平/入/去
7b587933a644b67c4ece0f182c0b9c4c	庾信	出自蓟北门行	梁	5	5	弓冻纻弦鸣	平?上平平	P?Z?P	平/平去/上/平去/平
7b587933a644b67c4ece0f182c0b9c4c	庾信	出自蓟北门行	梁	5	6	梅林能止渴	平平?上入	PP?ZZ	平/平/平上去/上/入
7b587933a644b67c4ece0f182c0b9c4c	庾信	出自蓟北门行	梁	5	7	复姓可防兵	入去上?平	ZZZ?P	去入/去/上/平去/平
7b587933a644b67c4ece0f182c0b9c4c	庾信	出自蓟北门行	梁	5	8	将军朝挑战	?平平?去	?PP?Z	平去/平/平/平上/去
7b587933a644b67c4ece0f182c0b9c4c	庾信	出自蓟北门行	梁	5	9	都护夜巡营	平去去平平	PZZPP	平/去/去/平/平
7b587933a644b67c4ece0f182c0b9c4c	庾信	出自蓟北门行	梁	5	10	燕山犹有石	?平平上入	?P?ZZ	平去/平/平去/上/入
7b587933a644b67c4ece0f182c0b9c4c	庾信	出自蓟北门行	梁	5	11	须勒几人名	平入?平平	PZ?PP	平/入/平上去/平/平
7b587933a644b67c8f56001e6abd9288	庾信	梦入堂内诗	梁	5	0	雕梁旧刻杏	平平去入上	PPZZZ	平/平/去/入/上
7b587933a644b67c8f56001e6abd9288	庾信	梦入堂内诗	梁	5	1	香壁本泥椒	平入上平平	PZZ?P	平/入/上/平去/平
7b587933a644b67c8f56001e6abd9288	庾信	梦入堂内诗	梁	5	2	幔绳金麦穗	去平平入去	ZPPZZ	去/平/平/入/去
7b587933a644b67c8f56001e6abd9288	庾信	梦入堂内诗	梁	5	3	帘钩银蒜条	平平平去平	PPPZP	平/平/平/去/平
7b587933a644b67c8f56001e6abd9288	庾信	梦入堂内诗	梁	5	4	画眉千度拭	?平平?入	ZPPZZ	去入/平/平/去入/入
7b587933a644b67c8f56001e6abd9288	庾信	梦入堂内诗	梁	5	5	梳头百遍撩	平平入去?	PPZZ?	平/平/入/去/平上
7b587933a644b67c8f56001e6abd9288	庾信	梦入堂内诗	梁	5	6	小衫裁裹臂	上平??去	ZP?ZZ	上/平/平去/上去/去
7b587933a644b67c8f56001e6abd9288	庾信	梦入堂内诗	梁	5	7	缠弦搯抱腰	?平平上平	??PZP	平去/平去/平/上/平
7b587933a644b67c8f56001e6abd9288	庾信	梦入堂内诗	梁	5	8	日光钗燄动	入平平上上	Z?PZZ	入/平去/平/上/上
7b587933a644b67c8f56001e6abd9288	庾信	梦入堂内诗	梁	5	9	窗影镜花摇	?上去平?	?ZZP?	/上/去/平/平去
7b587933a644b67c8f56001e6abd9288	庾信	梦入堂内诗	梁	5	10	歌曲风吹韵	平入平?去	PZ??Z	平/入/平去/平去/去
7b587933a644b67c8f56001e6abd9288	庾信	梦入堂内诗	梁	5	11	笙簧火炙调	平平上??	PPZZ?	平/平/上/去入/平去
7b587933a644b67c8f56001e6abd9288	庾信	梦入堂内诗	梁	5	12	即今须戏去	入平平??	ZPP?Z	入/平/平/平去/上去
7b587933a644b67c8f56001e6abd9288	庾信	梦入堂内诗	梁	5	13	谁复待明朝	平入上平平	PZZPP	平/去入/上/平/平
7b587933a644b67c4d8e9468e5f6c6b3	庾信	奉和山池诗	梁	5	0	乐官多暇豫	?平平去去	ZPPZZ	去入/平/平/去/去
7b587933a644b67c4d8e9468e5f6c6b3	庾信	奉和山池诗	梁	5	1	望苑暂回舆	?上去平?	?ZZ??	平去/上/去/平去/平去
7b587933a644b67c4d8e9468e5f6c6b3	庾信	奉和山池诗	梁	5	2	鸣笳陵绝限	平平平入上	PPPZZ	平/平/平/入/上
7b587933a644b67c4d8e9468e5f6c6b3	庾信	奉和山池诗	梁	5	3	飞盖历通渠	平?入平平	PZZPP	平/去入/入/平/平
7b587933a644b67c4d8e9468e5f6c6b3	庾信	奉和山池诗	梁	5	4	桂亭花未落	去平平去入	ZPPZZ	去/平/平/去/入
7b587933a644b67c4d8e9468e5f6c6b3	庾信	奉和山池诗	梁	5	5	桐门叶半疏	平平入去?	PPZZ?	平/平/入/去/平去
7b587933a644b67c4d8e9468e5f6c6b3	庾信	奉和山池诗	梁	5	6	荷风惊浴鸟	?平平入上	??PZZ	平上/平去/平/入/上
7b587933a644b67c4d8e9468e5f6c6b3	庾信	奉和山池诗	梁	5	7	桥影聚行鱼	平上??平	PZZ?P	平/上/上去/平去/平
7b587933a644b67c4d8e9468e5f6c6b3	庾信	奉和山池诗	梁	5	8	日落含山气	入入平平去	ZZPPZ	入/入/平/平/去
7b587933a644b67c4d8e9468e5f6c6b3	庾信	奉和山池诗	梁	5	9	云归带雨馀	平平去?平	PPZZP	平/平/去/上去/平
7b587933a644b67c20dd773970d2de2b	庾信	寻周处士弘让诗	梁	5	0	试逐赤松游	去入入平平	ZZZ?P	去/入/入/平去/平
7b587933a644b67c20dd773970d2de2b	庾信	寻周处士弘让诗	梁	5	1	披林对一丘	?平去入平	?PZZP	平上/平/去/入/平
7b587933a644b67c20dd773970d2de2b	庾信	寻周处士弘让诗	梁	5	2	梨红大谷晚	平平去入上	PPZZZ	平/平/去/入/上
7b587933a644b67c20dd773970d2de2b	庾信	寻周处士弘让诗	梁	5	3	桂白小山秋	去入上平平	ZZZPP	去/入/上/平/平
7b587933a644b67c20dd773970d2de2b	庾信	寻周处士弘让诗	梁	5	4	石镜菱花发	入去平平入	ZZPPZ	入/去/平/平/入
7b587933a644b67c20dd773970d2de2b	庾信	寻周处士弘让诗	梁	5	5	桐门琴曲愁	平平平入平	PPPZP	平/平/平/入/平
7b587933a644b67c20dd773970d2de2b	庾信	寻周处士弘让诗	梁	5	6	泉飞疑度雨	平平平??	PPPZZ	平/平/平/去入/上去
7b587933a644b67c20dd773970d2de2b	庾信	寻周处士弘让诗	梁	5	7	云积似重楼	平入上?平	PZZ?P	平/去入/上/平上去/平
7b587933a644b67c20dd773970d2de2b	庾信	寻周处士弘让诗	梁	5	8	王孙若不去	平平?入?	?P??Z	平去/平/平上入/平上入/上去
7b587933a644b67c20dd773970d2de2b	庾信	寻周处士弘让诗	梁	5	9	山中定可留	平平去上?	P?ZZ?	平/平去/去/上/平去
7b587933a644b67c343d4301af360818	庾信	集周公处连句诗	梁	5	0	市朝一朝变	上平入平去	ZPZPZ	上/平/入/平/去
7b587933a644b67c343d4301af360818	庾信	集周公处连句诗	梁	5	1	兰艾本同焚	平去上?平	PZZ?P	平/去/上/平去/平
7b587933a644b67c343d4301af360818	庾信	集周公处连句诗	梁	5	2	故人相借问	去平??去	ZP?ZZ	去/平/平去/去入/去
7b587933a644b67c343d4301af360818	庾信	集周公处连句诗	梁	5	3	平生如所闻	平平平上?	P??Z?	平/平去/平去/上/平去
7b587933a644b67c5ed377717e4e52fe	庾信	望渭水诗	梁	5	0	树似新亭岸	?上平平去	ZZPPZ	上去/上/平/平/去
7b587933a644b67c5ed377717e4e52fe	庾信	望渭水诗	梁	5	1	沙如龙尾湾	平平平上平	??PZP	平去/平去/平/上/平
7b587933a644b67c5ed377717e4e52fe	庾信	望渭水诗	梁	5	2	犹言吟暝浦	平平??上	?P??Z	平去/平/平去/平去/上
7b587933a644b67c5ed377717e4e52fe	庾信	望渭水诗	梁	5	3	应有落帆还	?上入平平	?ZZ?P	平去/上/入/平去/平
7b587933a644b67cef40c36290b8824a	庾信	和刘仪同臻诗	梁	5	0	南登广陵岸	平平上平去	PPZPZ	平/平/上/平/去
7b587933a644b67cef40c36290b8824a	庾信	和刘仪同臻诗	梁	5	1	回首落星城	平?入平平	?ZZPP	平去/上去/入/平/平
7b587933a644b67cef40c36290b8824a	庾信	和刘仪同臻诗	梁	5	2	不言临旧浦	入平?去上	?P?ZZ	平上入/平/平去/去/上
7b587933a644b67cef40c36290b8824a	庾信	和刘仪同臻诗	梁	5	3	烽火照江明	平上去平平	PZZPP	平/上/去/平/平
7b587933a644b67c8212f4e93c01de14	庾信	秋日诗	梁	5	0	苍茫望落景	?平?入上	?P?ZZ	平上/平/平去/入/上
7b587933a644b67c8212f4e93c01de14	庾信	秋日诗	梁	5	1	羁旅对穷秋	平上去平平	PZZPP	平/上/去/平/平
7b587933a644b67c8212f4e93c01de14	庾信	秋日诗	梁	5	2	赖有南园菊	去上平平入	ZZPPZ	去/上/平/平/入
7b587933a644b67c8212f4e93c01de14	庾信	秋日诗	梁	5	3	残花足解愁	平平入?平	PPZZP	平/平/去入/上去/平
7b587933a644b67cb0144a02a906e7c6	庾信	秋夜望单飞雁	梁	7	0	失群寒雁声可怜	入平平去平上平	ZPPZPZP	入/平/平/去/平/上/平
7b587933a644b67cb0144a02a906e7c6	庾信	秋夜望单飞雁	梁	7	1	夜半单飞在月边	去去?平?入平	ZZ?PZZP	去/去/平上去/平/上去/入/平
7b587933a644b67cb0144a02a906e7c6	庾信	秋夜望单飞雁	梁	7	2	无奈人心复有忆	平去平平入上入	PZPPZZZ	平/去/平/平/去入/上/入
7b587933a644b67cb0144a02a906e7c6	庾信	秋夜望单飞雁	梁	7	3	今暝将渠俱不眠	平??平平入平	P??PP?P	平/平去/平去/平/平/平上入/平
7b587933a644b67cb8c99ff47aaabaf6	庾信	燕歌行	梁	7	0	代北云气昼昏昏	去入平去去平平	ZZPZZPP	去/入/平/去/去/平/平
7b587933a644b67cb8c99ff47aaabaf6	庾信	燕歌行	梁	7	1	千里飞蓬无复根	平上平平平入平	PZPPPZP	平/上/平/平/平/去入/平
7b587933a644b67cb8c99ff47aaabaf6	庾信	燕歌行	梁	7	2	寒雁丁丁渡辽水	平去平平去平上	PZPPZPZ	平/去/平/平/去/平/上
7b587933a644b67cb8c99ff47aaabaf6	庾信	燕歌行	梁	7	3	桑叶纷纷落蓟门	平入平平入去平	PZPPZZP	平/入/平/平/入/去/平
7b587933a644b67cb8c99ff47aaabaf6	庾信	燕歌行	梁	7	4	晋阳山头无箭竹	去平平平平去入	ZPPPPZZ	去/平/平/平/平/去/入
7b587933a644b67cb8c99ff47aaabaf6	庾信	燕歌行	梁	7	5	疏勒城中乏水源	?入平平入上平	?ZP?ZZP	平去/入/平/平去/入/上/平
7b587933a644b67cb8c99ff47aaabaf6	庾信	燕歌行	梁	7	6	属国征戍久离居	入入?去上?平	ZZ?ZZ?P	入/入/平上/去/上/平去/平
7b587933a644b67cb8c99ff47aaabaf6	庾信	燕歌行	梁	7	7	阳关音信绝能疏	平平平去入??	PPPZZ??	平/平/平/去/入/平上去/平去
7b587933a644b67cb8c99ff47aaabaf6	庾信	燕歌行	梁	7	8	愿得鲁连飞一箭	去入上平平入去	ZZZPPZZ	去/入/上/平/平/入/去
7b587933a644b67cb8c99ff47aaabaf6	庾信	燕歌行	梁	7	9	持寄思归燕将书	平去?平??平	PZ?P??P	平/去/平去/平/平去/平去/平
7b587933a644b67cb8c99ff47aaabaf6	庾信	燕歌行	梁	7	10	渡辽本自有将军	去平上去上?平	ZPZZZ?P	去/平/上/去/上/平去/平
7b587933a644b67cb8c99ff47aaabaf6	庾信	燕歌行	梁	7	11	寒风萧萧生水纹	平平平平平上平	P?PP?ZP	平/平去/平/平/平去/上/平
7b587933a644b67cb8c99ff47aaabaf6	庾信	燕歌行	梁	7	12	妾惊甘泉足烽火	入平平平入平上	ZPPPZPZ	入/平/平/平/去入/平/上
7b587933a644b67cb8c99ff47aaabaf6	庾信	燕歌行	梁	7	13	君讶渔阳少阵云	平去平平?去平	PZPPZZP	平/去/平/平/上去/去/平
7b587933a644b67cb8c99ff47aaabaf6	庾信	燕歌行	梁	7	14	自从将军出细柳	去??平入去上	Z??PZZZ	去/平去/平去/平/去入/去/上
7b587933a644b67cb8c99ff47aaabaf6	庾信	燕歌行	梁	7	15	荡子空床难独守	?上?平平入?	?Z?P?ZZ	平上去/上/平去/平/平去/入/上去
7b587933a644b67cb8c99ff47aaabaf6	庾信	燕歌行	梁	7	16	盘龙明镜饷秦嘉	平平平去去平平	PPPZZPP	平/平/平/去/去/平/平
7b587933a644b67cb8c99ff47aaabaf6	庾信	燕歌行	梁	7	17	辟恶生香寄韩寿	入?平平去??	Z??PZ?Z	入/平去入/平去/平/去//上去
7b587933a644b67cb8c99ff47aaabaf6	庾信	燕歌行	梁	7	18	春分燕来能几日	平??平??入	P??P??Z	平/平去/平去/平/平上去/平上去/入
7b587933a644b67cb8c99ff47aaabaf6	庾信	燕歌行	梁	7	19	二月蚕眠不复久	去入?平入入上	ZZ?P?ZZ	去/入/平上/平/平上入/去入/上
7b587933a644b67cb8c99ff47aaabaf6	庾信	燕歌行	梁	7	20	洛阳游丝百丈连	入平平平入上平	ZPPPZZP	入/平/平/平/入/上/平
7b587933a644b67cb8c99ff47aaabaf6	庾信	燕歌行	梁	7	21	黄河春冰千片穿	平平平平平去?	PPPPPZ?	平/平/平/平/平/去/平去
7b587933a644b67cb8c99ff47aaabaf6	庾信	燕歌行	梁	7	22	桃花颜色好如马	平平平入?平上	PPPZZ?Z	平/平/平/入/上去/平去/上
7b587933a644b67cb8c99ff47aaabaf6	庾信	燕歌行	梁	7	23	榆荚新开巧似钱	平入平平?上?	PZPPZZ?	平/入/平/平/上去/上/平上
7b587933a644b67cb8c99ff47aaabaf6	庾信	燕歌行	梁	7	24	蒲桃一杯千日醉	平平入平平入去	PPZPPZZ	平/平/入/平/平/入/去
7b587933a644b67cb8c99ff47aaabaf6	庾信	燕歌行	梁	7	25	无事九转学神仙	平去上?入平平	PZZZZPP	平/去/上/上去/入/平/平
7b587933a644b67cb8c99ff47aaabaf6	庾信	燕歌行	梁	7	26	定取金丹作几服	去上平平入?入	ZZPPZ?Z	去/上/平/平/去入/平上去/入
7b587933a644b67cb8c99ff47aaabaf6	庾信	燕歌行	梁	7	27	能令华表得千年	???上入平平	???ZZPP	平上去/平去/平去/上/入/平/平
7b587933a644b67c5ff84c99e262e98c	庾信	春望诗	梁	5	0	春望上春台	平??平平	P?ZPP	平/平去/上去/平/平
7b587933a644b67c5ff84c99e262e98c	庾信	春望诗	梁	5	1	春窗四面开	平?去去平	P?ZZP	平//去/去/平
7b587933a644b67c5ff84c99e262e98c	庾信	春望诗	梁	5	2	落花何假拂	入平平?入	ZP?ZZ	入/平/平上/上去/入
7b587933a644b67c5ff84c99e262e98c	庾信	春望诗	梁	5	3	风吹会并来	平?去?平	??Z?P	平去/平去/去/平上去/平
7b587933a644b67c96477a383ab6852b	庾信	对酒歌	梁	5	0	春水望桃花	平上?平平	PZ?PP	平/上/平去/平/平
7b587933a644b67c96477a383ab6852b	庾信	对酒歌	梁	5	1	春洲藉芳杜	平平?平上	PPZPZ	平/平/去入/平/上
7b587933a644b67c96477a383ab6852b	庾信	对酒歌	梁	5	2	琴从绿珠借	平?入平?	P?ZPZ	平/平去/入/平/去入
7b587933a644b67c96477a383ab6852b	庾信	对酒歌	梁	5	3	酒就文君取	上去平平上	ZZPPZ	上/去/平/平/上
7b587933a644b67c96477a383ab6852b	庾信	对酒歌	梁	5	4	牵马向渭桥	?上?去平	?ZZZP	平去/上/上去/去/平
7b587933a644b67c96477a383ab6852b	庾信	对酒歌	梁	5	5	日曝山头脯	入?平平上	ZZPPZ	入/去入/平/平/上
7b587933a644b67c96477a383ab6852b	庾信	对酒歌	梁	5	6	山简接䍦倒	平上入平?	PZZPZ	平/上/入/平/上去
7b587933a644b67c96477a383ab6852b	庾信	对酒歌	梁	5	7	王戎如意舞	平平平去上	?P?ZZ	平去/平/平去/去/上
7b587933a644b67c96477a383ab6852b	庾信	对酒歌	梁	5	8	筝鸣金谷园	平平平入平	PPPZP	平/平/平/入/平
7b587933a644b67c96477a383ab6852b	庾信	对酒歌	梁	5	9	笛韵平阳坞	入去平平上	ZZPPZ	入/去/平/平/上
7b587933a644b67c96477a383ab6852b	庾信	对酒歌	梁	5	10	人生一百年	平平入入平	P?ZZP	平/平去/入/入/平
7b587933a644b67c96477a383ab6852b	庾信	对酒歌	梁	5	11	欢笑惟三五	平去平平上	PZP?Z	平/去/平/平去/上
7b587933a644b67c96477a383ab6852b	庾信	对酒歌	梁	5	12	何处觅钱刀	平?入?平	?ZZ?P	平上/上去/入/平上/平
7b587933a644b67c96477a383ab6852b	庾信	对酒歌	梁	5	13	求为洛阳贾	平?入平?	P?ZPZ	平/平去/入/平/上去
7b587933d4d46b89cf94893561613bfe	萧詧	咏兰诗	梁	5	0	折茎聊可佩	?平平上去	?PPZZ	平入/平/平/上/去
7b587933d4d46b89cf94893561613bfe	萧詧	咏兰诗	梁	5	1	入室自成芳	入入去平平	ZZZPP	入/入/去/平/平
7b587933d4d46b89cf94893561613bfe	萧詧	咏兰诗	梁	5	2	开花不竞节	平平入去入	PP?ZZ	平/平/平上入/去/入
7b587933d4d46b89cf94893561613bfe	萧詧	咏兰诗	梁	5	3	含秀委微霜	平去?平平	PZ?PP	平/去/平上/平/平
7b5879335b359f73b8c99ff4e3e2189e	王褒	燕歌行	梁	7	0	初春丽晃莺欲娇	平平?上平入?	PP?ZPZ?	平/平/平去/上/平/入/平上
7b5879335b359f73b8c99ff4e3e2189e	王褒	燕歌行	梁	7	1	桃花流水没河桥	平平平上入平平	PPPZZPP	平/平/平/上/入/平/平
7b5879335b359f73b8c99ff4e3e2189e	王褒	燕歌行	梁	7	2	蔷薇花开百重叶	?平平平入?入	?PPPZ?Z	平入/平/平/平/入/平上去/入
7b5879335b359f73b8c99ff4e3e2189e	王褒	燕歌行	梁	7	3	杨柳拂地数千条	平上入去?平平	PZZZZPP	平/上/入/去/上去入/平/平
7b5879335b359f73b8c99ff4e3e2189e	王褒	燕歌行	梁	7	4	陇西将军号都护	上平?平?平去	ZP?P?PZ	上/平/平去/平/平去/平/去
7b5879335b359f73b8c99ff4e3e2189e	王褒	燕歌行	梁	7	5	楼兰校尉称嫖姚	平平去???平	PPZZ??P	平/平/去/去入/平去/平去/平
7b5879335b359f73b8c99ff4e3e2189e	王褒	燕歌行	梁	7	6	自从昔别春燕分	去?入入平??	Z?ZZP??	去/平去/入/去入/平/平去/平去
7b5879335b359f73b8c99ff4e3e2189e	王褒	燕歌行	梁	7	7	经年一去不相闻	?平入?入??	?PZZ???	平去/平/入/上去/平上入/平去/平去
7b5879335b359f73b8c99ff4e3e2189e	王褒	燕歌行	梁	7	8	无复汉地关山月	平入去去平平入	PZZZPPZ	平/去入/去/去/平/平/入
7b5879335b359f73b8c99ff4e3e2189e	王褒	燕歌行	梁	7	9	唯有漠北蓟城云	?上入入去平平	?ZZZZPP	平上/上/入/入/去/平/平
7b5879335b359f73b8c99ff4e3e2189e	王褒	燕歌行	梁	7	10	淮南桂中明月影	平平去?平入上	PPZ?PZZ	平/平/去/平去/平/入/上
7b5879335b359f73b8c99ff4e3e2189e	王褒	燕歌行	梁	7	11	流黄机上织成文	平平???平平	PP?ZZPP	平/平/平上/上去/去入/平/平
7b5879335b359f73b8c99ff4e3e2189e	王褒	燕歌行	梁	7	12	充国行军屡筑营	平入?平去入平	PZ?PZZP	平/入/平去/平/去/入/平
7b5879335b359f73b8c99ff4e3e2189e	王褒	燕歌行	梁	7	13	阳史讨虏陷平城	平上上上去平平	PZZZZPP	平/上/上/上/去/平/平
7b5879335b359f73b8c99ff4e3e2189e	王褒	燕歌行	梁	7	14	城下风多能却阵	平?平平?入去	PZ?P?ZZ	平/上去/平去/平/平上去/入/去
7b5879335b359f73b8c99ff4e3e2189e	王褒	燕歌行	梁	7	15	沙中雪浅讵停兵	平?入??平平	??Z?ZPP	平去/平去/入/平上/上去/平/平
7b5879335b359f73b8c99ff4e3e2189e	王褒	燕歌行	梁	7	16	属国小妇犹年少	入入上上平平?	ZZZZ?PZ	入/入/上/上/平去/平/上去
7b5879335b359f73b8c99ff4e3e2189e	王褒	燕歌行	梁	7	17	羽林轻骑数征行	上平?????	ZP??Z??	上去/平/平去/平去/上去入/平上/平去
7b5879335b359f73b8c99ff4e3e2189e	王褒	燕歌行	梁	7	18	遥闻陌头采桑曲	平平入平上平入	P?ZPZPZ	平/平去/入/平/上/平/入
7b5879335b359f73b8c99ff4e3e2189e	王褒	燕歌行	梁	7	19	犹胜边地胡笳声	平?平去平平平	??PZPPP	平去/平去/平/去/平/平/平
7b5879335b359f73b8c99ff4e3e2189e	王褒	燕歌行	梁	7	20	胡笳向暮使人泣	平平?去?平入	PPZZZPZ	平/平/上去/去/上去/平/入
7b5879335b359f73b8c99ff4e3e2189e	王褒	燕歌行	梁	7	21	长望闺中空伫立	??平??上入	??P??ZZ	平上去/平去/平/平去/平去/上/入
7b5879335b359f73b8c99ff4e3e2189e	王褒	燕歌行	梁	7	22	桃花落地杏花舒	平平入去上平平	PPZZZPP	平/平/入/去/上/平/平
7b5879335b359f73b8c99ff4e3e2189e	王褒	燕歌行	梁	7	23	桐生井底寒叶疏	平平上上平入?	P?ZZPZ?	平/平去/上/上/平/入/平去
7b5879335b359f73b8c99ff4e3e2189e	王褒	燕歌行	梁	7	24	试为来看上林雁	去?平??平去	Z?P?ZPZ	去/平去/平/平去/上去/平/去
7b5879335b359f73b8c99ff4e3e2189e	王褒	燕歌行	梁	7	25	应有遥寄陇头书	?上平去上平平	?ZPZZPP	平去/上/平/去/上/平/平
7b5879335b359f73ee665671ac5f66a7	王褒	关山月	梁	5	0	关山夜月明	平平去入平	PPZZP	平/平/去/入/平
7b5879335b359f73ee665671ac5f66a7	王褒	关山月	梁	5	1	秋色照孤城	平入去平平	PZZPP	平/入/去/平/平
7b5879335b359f73ee665671ac5f66a7	王褒	关山月	梁	5	2	影亏同汉阵	上平?去去	ZP?ZZ	上/平/平去/去/去
7b5879335b359f73ee665671ac5f66a7	王褒	关山月	梁	5	3	轮满逐胡兵	平上入平平	PZZPP	平/上/入/平/平
7b5879335b359f73ee665671ac5f66a7	王褒	关山月	梁	5	4	天寒光转白	平平平?入	PP?ZZ	平/平/平去/上去/入
7b5879335b359f73ee665671ac5f66a7	王褒	关山月	梁	5	5	风多晕欲生	平平去入平	?PZZ?	平去/平/去/入/平去
7b5879335b359f73ee665671ac5f66a7	王褒	关山月	梁	5	6	寄言亭上吏	去平平?去	ZPPZZ	去/平/平/上去/去
7b5879335b359f73ee665671ac5f66a7	王褒	关山月	梁	5	7	游客解鸡鸣	平入?平平	PZZPP	平/入/上去/平/平
7b5879335b359f738ef0177210e29d98	王褒	渡河北	梁	5	0	秋风吹木叶	平平?入入	P??ZZ	平/平去/平去/入/入
7b5879335b359f738ef0177210e29d98	王褒	渡河北	梁	5	1	还似洞庭波	平上?平平	PZ?PP	平/上/平去/平/平
7b5879335b359f738ef0177210e29d98	王褒	渡河北	梁	5	2	常山临代郡	平平?去去	PP?ZZ	平/平/平去/去/去
7b5879335b359f738ef0177210e29d98	王褒	渡河北	梁	5	3	亭障绕黄河	平??平平	P?ZPP	平/平去/上去/平/平
7b5879335b359f738ef0177210e29d98	王褒	渡河北	梁	5	4	心悲异方乐	平平去平?	PP?PZ	平/平/平去/平/去入
7b5879335b359f738ef0177210e29d98	王褒	渡河北	梁	5	5	肠断陇头歌	平?上平平	PZZPP	平/上去/上/平/平
7b5879335b359f738ef0177210e29d98	王褒	渡河北	梁	5	6	薄暮临征马	入去??上	ZZ??Z	入/去/平去/平上/上
7b5879335b359f738ef0177210e29d98	王褒	渡河北	梁	5	7	失道北山阿	入上入平平	ZZZPP	入/上/入/平/平
